temperature,pressure,humidity,label,type
24.110692889696253,1015.3265841670838,70.04011484574843,0,normal
25.7473495789362,1011.7027784116085,60.49913489285148,0,normal
24.60250162867286,1008.7470893877775,61.374722182027035,0,normal
25.396458697186613,1011.4147795219726,53.46182178613487,0,normal
29.969054469357605,1016.1052724059952,63.02713099681473,0,normal
24.55549851125477,1018.5367261891435,60.88129488553543,0,normal
23.018577251563404,1016.9818065392169,68.8065939502437,0,normal
25.02462928474619,1008.0273787610968,60.665377478809184,0,normal
24.786943525148565,1014.9158185831863,64.6827482926841,0,normal
27.864126067656454,1009.3696679762978,57.87668820414408,0,normal
23.92319701698365,1008.0679319446903,55.30641536277784,0,normal
29.721228411537524,1010.5463388891658,72.51319617166307,0,normal
23.763420120681182,1022.7028261467581,52.23434299043311,0,normal
29.60408027195001,1015.809872853158,53.59073536701061,0,normal
26.45932059132319,1007.0299112699662,65.12597245459108,0,normal
27.58430729530423,1012.7648165802651,54.78800580218185,0,normal
26.707253795199286,1013.3607829113865,55.98403425372976,0,normal
22.124623177691042,1011.3631572402846,60.0292444531954,0,normal
25.909175380994846,1011.5992328964436,54.99658929877749,0,normal
24.733021459459717,1011.1027855203454,57.95440097357404,0,normal
22.886213977570662,1003.4524902823562,71.75436967317097,0,normal
24.566833613730918,1011.7159244156762,59.85990084240613,0,normal
25.859820913373845,1010.5179456989023,64.6592166584579,0,normal
28.40369503196442,1015.6322165014764,63.53434706069589,0,normal
8.114233668469552,1036.6320364585551,36.37493775723358,1,injection
24.307438912210838,1016.2285895289849,54.941654611779455,0,normal
29.48821622479898,1003.319696020221,72.182958898786,1,backdoor
26.55043548143125,1021.2913827304251,64.4964715996768,0,normal
18.832709999155227,1028.8736323377132,42.57933370223739,1,injection
24.25404655653036,1012.5837628945347,58.245869611190656,0,normal
21.816106998922823,1013.1998546166153,62.170127771254805,0,normal
27.88594153822403,1006.4746937479262,51.25134119705602,0,normal
10.926201682967017,1034.9161517272908,42.27421842527822,1,injection
8.40581207836525,1036.7572802909408,31.420383993582984,1,injection
26.532192961887585,1012.509806443344,60.116444154490615,0,normal
23.28279235503171,1021.8428321297072,68.63376894916907,0,normal
25.338180478478947,1010.9962718649425,66.41731010459351,0,normal
32.25860076050844,996.2498655870024,75.53930092539653,1,backdoor
18.06254275071345,1034.6809644899306,41.185338050603434,1,injection
25.56810482160211,1010.5428253568637,56.222743358009694,0,normal
28.74873737335499,1010.4611612832363,59.2892699229845,0,normal
33.964545315161125,1007.6273697864763,67.7986492404085,1,backdoor
26.696408315630038,1012.3208269324579,59.25324394375816,0,normal
25.553518064851268,1007.5024184886398,55.78190480865386,0,normal
26.386556930157308,1010.1397962673733,63.946810190391844,0,normal
26.443381860305923,1005.3101704545786,62.955270288023875,0,normal
25.90689396879152,1001.735345510924,58.76832170963699,0,normal
44.22318928698231,989.3705847747248,84.72646878080913,1,ddos
22.99093686642493,1011.8322483813596,55.00441170119872,0,normal
25.460334342809166,1011.6654496766224,64.92527117450938,0,normal
47.946554502772265,989.3734751579393,84.58094911539631,1,ddos
45.052454763288466,990.899349322317,83.90972567198715,1,ddos
27.822022685609213,1007.9693066501098,59.003998497139385,0,normal
27.28389079463816,1011.08907323627,60.72464334957594,0,normal
22.561540236989597,1010.7881839642693,71.5085459322798,0,normal
26.997505306109044,1009.622687283024,63.023251662637605,0,normal
23.170794994964684,1011.3327263609092,63.887054491136546,0,normal
22.673704037508372,1010.6410180767531,45.23050219100449,0,normal
27.529113454738813,1007.0640609596564,56.8852673126151,0,normal
26.023651166542237,1018.5174399285505,65.30562220216068,0,normal
26.927063508383345,1014.704474274437,60.55249332758756,0,normal
45.84031090624862,990.3498008469226,85.12611048458959,1,ddos
33.41610799027199,998.4713489289858,75.64831600801695,1,backdoor
25.05319246572419,1024.041769043027,57.49260667950258,0,normal
19.53730447870769,1015.0642101356098,53.97543937263819,0,normal
26.861738384752044,997.0820820324078,61.058038371725566,0,normal
26.947709400597564,1013.0087282953807,68.69045944751898,0,normal
21.612105321782856,1021.0813931991087,67.67953744377763,0,normal
25.966652963517536,1007.1573131496751,56.99038789515901,0,normal
7.2499030858754185,1031.5780825766055,42.45916422890344,1,injection
24.143967778019448,1015.5304553613657,50.22728658746202,0,normal
24.37277067613159,1011.7277755221553,65.60244114315682,0,normal
26.355424078322397,1017.390482809916,66.93961522669996,0,normal
27.176166151380084,1009.5496649763646,62.98119300657035,0,normal
27.637559071979943,1004.277287716659,62.17548378040895,0,normal
23.317199478273107,1009.1679721553647,59.00058958515883,0,normal
27.325531096664193,1017.4564443136037,55.10316407089095,0,normal
25.59984659795836,1007.3741246952936,56.67617731209505,0,normal
28.279380002564785,1016.7673637231028,61.59616113561817,0,normal
28.65070486675692,1012.1364367862932,68.41230940926398,0,normal
24.78399656958776,1012.9940129094451,62.61299149933778,0,normal
28.257050227143623,1028.0594197974954,55.69452939319855,0,normal
38.20310273403465,1004.5567758442851,74.47883427773732,1,backdoor
21.30268276045266,1012.769602381568,64.68567651659012,0,normal
28.863975119045474,1022.1946531657829,63.928649002746894,0,normal
22.426945527730556,1016.6425446605898,62.99983959226378,0,normal
25.704376916650197,1010.1343280435116,56.644430510325456,0,normal
23.686126546098674,1011.3077613037977,60.98832947512032,0,normal
8.319936416054768,1037.996648126937,48.34789898128838,1,injection
25.886947023001163,1008.1146373642423,63.75187150943326,0,normal
38.717827192131125,1005.0102626503422,72.59049422465307,1,backdoor
24.155501410439125,1008.8263488340253,56.9472870504928,0,normal
25.57890615008566,1016.9278977644291,67.94670990118654,0,normal
22.0534109960279,1011.7848380949545,50.124491960265125,0,normal
20.453691284296383,1024.1516193899824,56.14226775246329,0,normal
18.88934103260517,1026.1585462570865,37.19920887055134,1,injection
23.872253401384658,1007.0989753810437,61.5106254514738,0,normal
25.008091974303785,1015.0352445814116,60.458827779483606,0,normal
25.992904479904606,1009.5910910553916,54.95006303368034,0,normal
24.16940723083203,1016.6282710142394,59.991837379052,0,normal
22.906281198192744,1010.2234029688913,58.26138664482632,0,normal
27.261265478159146,1012.2050892370854,63.23177636878632,0,normal
23.88128722726745,1015.494231181381,61.90840137641842,0,normal
42.36044578495199,990.1482561703116,87.5192268065899,1,ddos
29.606245465098983,1008.1411663370911,73.14790367458883,0,normal
23.476065581475186,1008.4365339578314,56.17502687986421,0,normal
25.741686880897134,1012.059418081918,63.99502791784077,0,normal
22.15824686720133,1017.269136837828,61.04695040589374,0,normal
44.961578531534805,990.8768417774209,85.88264668846996,1,ddos
24.61484397931744,1002.8719811730493,61.731998997519945,0,normal
21.62149507985026,1019.4286641139815,62.98225740067126,0,normal
22.60625634241515,1014.3660440727675,56.242118056518144,0,normal
36.6369411345082,1002.0583658564797,71.44464028925556,1,backdoor
23.1528191626665,1005.0926767863684,70.82318402358483,0,normal
28.03193758324851,1013.1985885825994,59.57593179342324,0,normal
23.21266514123572,1012.2651462656947,61.94938354998929,0,normal
23.453922481866893,1014.1309815595835,60.47271675854924,0,normal
24.084412049942582,1012.6454471926527,52.47822786664475,0,normal
26.54149968280535,1014.1812785376255,60.581013420262245,0,normal
21.85521038269595,1009.0225899129301,60.16669852870817,0,normal
27.096532838245924,1019.7611003976533,62.86038667780055,0,normal
26.852124168717232,1012.3932868587733,59.10667515956824,0,normal
11.795383905565675,1033.981818302806,41.69405813751279,1,injection
24.03237292176584,1013.6037666642026,50.984641853218676,0,normal
26.70329695971904,1015.833949684067,68.17064015989699,0,normal
6.24256361617747,1022.383984460516,44.264458514272356,1,injection
24.105210160859567,1017.6066365671978,61.65696197464252,0,normal
1.1206557770090768,1033.3740413878559,45.71282791059767,1,injection
26.930644555014105,1017.1216132249695,63.637499471623016,0,normal
25.081736008268358,1009.9181703247692,66.6564766516395,0,normal
32.982800574808884,995.6523380510994,69.99230011319138,1,backdoor
22.087117280381975,1016.3688291630057,55.7847917249197,0,normal
25.100827061004995,1017.7586205778883,63.78663301311674,0,normal
25.12457632456317,1015.8599964959782,65.88023112928963,0,normal
26.06422017551404,1002.8263566066229,59.35498088626448,0,normal
34.54245577874976,1006.7164316669189,75.76227912805462,1,backdoor
43.48509027736022,988.9459836792454,83.41389330802733,1,ddos
23.75494089321313,1009.1923673066707,58.70208423664592,0,normal
27.96879530581254,1007.6394842158039,64.63085458506627,0,normal
27.22675582658765,1015.3673901870121,66.41741705730368,0,normal
25.215710048767143,1010.4765427328894,53.94754022615097,0,normal
25.785956636981908,1006.0445688923697,50.2128658234749,0,normal
13.6219679132755,1029.0895832453257,32.796713272316,1,injection
23.701873600551323,1011.7662340281134,58.970979913261665,0,normal
44.90698832155426,992.1652133001713,82.6026810771007,1,ddos
25.022401681014713,1016.4546705235958,48.595153291,0,normal
22.292370237910063,1021.3137894461337,61.07936353832568,0,normal
26.3143454857609,1013.2723556453623,64.65747322000766,0,normal
21.735325039928153,1008.1712821468035,55.645046867909116,0,normal
23.29839245479413,1018.3195622623732,59.252409196352225,0,normal
21.650405113180334,1006.3779522999155,54.81425199376991,0,normal
23.30035525126468,1008.1203525233205,66.42830458974261,0,normal
17.77862459498964,1026.6935198788306,37.437733722642214,1,injection
8.284117277612367,1032.0368109004828,38.82330628124717,1,injection
26.381722777759393,1008.6865969776132,60.96851309679389,0,normal
24.74853935816165,1007.876001052723,66.04709875796095,0,normal
27.268614703484968,1020.7164416435523,71.2821829153734,0,normal
27.029552431149806,1010.6676586430137,65.06778528350834,0,normal
24.132950873234883,1011.0870595842571,56.77596674881293,0,normal
26.566767872362334,1003.5971572368683,59.64137193137601,0,normal
27.234123668710723,1007.0663467598455,59.23657248584394,0,normal
26.643207673267614,1014.5270225661834,59.64350590747212,0,normal
26.303879944299762,1011.934415304869,62.40224663986423,0,normal
23.981105591677405,1011.7138361814584,62.593456986206235,0,normal
28.08189917372216,1009.2144220847174,50.98846818121933,0,normal
25.120750595467193,1010.7428407690429,59.115712753111794,0,normal
23.84910277450606,1017.84717713394,62.60281614988301,0,normal
25.199558344736243,1008.2373868911726,52.68792619751586,0,normal
28.000919661512068,1018.1429421917672,52.30631156900482,0,normal
20.28906383332368,1014.1765355894925,66.1830144419119,0,normal
25.200523927770515,1005.9603146672852,56.54506333125968,0,normal
27.166329069257955,1009.144777764004,50.95626228345717,0,normal
23.01380078028634,1022.6243529455722,56.111350985689306,0,normal
25.65532164583537,1017.573436214984,64.16125579791927,0,normal
23.58926280474186,1013.0190140784453,55.45959244484555,0,normal
27.26250999537444,1005.1043780815219,63.57491395124135,0,normal
35.66674326584672,1003.3236783665917,77.71979649409795,1,backdoor
25.24033421509583,1014.585722403014,67.57732233833693,0,normal
22.324577717270643,1007.9604675369867,55.8263600110501,0,normal
22.781167264260883,1011.3886359687414,63.031487953179386,0,normal
43.523377146433546,989.3616823066523,87.36515684815396,1,ddos
23.684957949689483,1008.0552576132309,53.446728068292366,0,normal
26.822262064394373,1017.0580439045551,55.405565902262566,0,normal
27.49854710002075,1021.561030978863,61.845896681829785,0,normal
22.934679131617816,1011.141950595491,63.39148760571013,0,normal
23.909114929323422,1003.6811879420934,61.55845950471269,0,normal
24.928133262386456,1006.9522966498675,67.39745003363717,0,normal
25.72710019748007,1020.4361166908544,57.90625182533554,0,normal
23.112082115304307,1007.8202547987156,65.48021452627162,0,normal
26.21821825772262,1012.987687344897,60.57001983198681,0,normal
22.806492528651965,1024.9867869539617,54.361982664626446,0,normal
25.313044969532147,1015.1318146621896,54.72536319687164,0,normal
25.091563654772823,1009.213746666927,58.04651830003917,0,normal
14.660907674492616,1034.3836207527743,46.91780933062324,1,injection
22.04484760271957,1015.7536547243312,55.038737997552204,0,normal
23.58071731990628,1008.6254325324104,58.207056617961534,0,normal
23.635437764968394,1017.0920207458225,58.187990052219575,0,normal
23.727937799258118,1018.4164703233905,67.28037082813488,0,normal
23.921733152602467,1012.2777923130936,62.94398916739312,0,normal
46.150126489398346,990.2666644799049,87.39359645759045,1,ddos
20.512464333863484,1017.4383172379032,57.25902555021676,0,normal
25.53628792025797,1011.6968710641156,48.832125320285584,0,normal
26.18384960793234,1015.532744698524,63.212963683388054,0,normal
35.93834320000788,1002.6271020617764,71.89864431316997,1,backdoor
25.632172192956514,1010.308400080001,55.505672346295114,0,normal
21.99094098593716,1013.074411859599,61.6113764564925,0,normal
24.72007389992024,1017.3707798048944,56.020892058786636,0,normal
25.69932527525011,1013.776845974203,60.60808448134996,0,normal
24.39318599830852,1003.2133927062771,63.24581337487223,0,normal
27.979130540206437,1017.8483717562236,55.26761980320073,0,normal
26.047501998475617,1007.5613629687201,60.49703566308217,0,normal
25.662059736753324,1015.6495143084218,65.14105496805774,0,normal
23.840489749331418,1018.6906594766575,66.16858608098256,0,normal
24.77907012746044,1007.6003535511664,55.577181920677006,0,normal
26.3452990659705,1005.4345172436508,80.75663512270113,1,backdoor
24.755973246470223,1018.7334001784786,66.01716681150792,0,normal
11.541521982812302,1023.8743588425335,31.6086041309232,1,injection
23.98898767734896,1007.4345630609897,63.91057990080107,0,normal
25.62559672951216,1015.2703335097303,62.792559518573604,0,normal
23.28416833192145,1007.7261612937367,67.94724854476146,0,normal
24.516587004927604,1014.3232818465023,55.542251779647586,0,normal
24.573806850245703,1010.2307370243191,64.78279531777262,0,normal
46.690545345174606,989.4199623873285,84.4392461156483,1,ddos
23.68242755733205,1010.9193767669205,57.09810558445055,0,normal
25.452324201524057,1015.8180130851197,54.055959813755784,0,normal
26.14311641552886,1006.7830565283417,57.440651690360426,0,normal
24.862293918531343,1015.8129747103644,58.91156628193456,0,normal
25.189742595966845,1007.5908008016971,63.45462711055413,0,normal
26.349338646922774,1015.714777962854,63.425153803109254,0,normal
26.47787762780127,1013.5283482126551,61.06937402668972,0,normal
24.570317148705605,1018.9500288489405,59.446388085954965,0,normal
24.457291617506396,1005.5332531542824,65.53984924581533,0,normal
22.427711097049308,1017.3020784161349,56.75602474728349,0,normal
45.94177708365731,988.1274152474349,86.74696756945167,1,ddos
26.355670260557844,1016.3986275499099,59.42163839150807,0,normal
23.937608859624405,1012.1062125759966,62.63352750785173,0,normal
26.717373028212954,1013.6382889119428,57.26570773603552,0,normal
26.2344632925859,1016.4923441832872,63.378879019113484,0,normal
26.784526457984867,1010.6202042497898,60.80504754473552,0,normal
5.180216613572057,1026.4373300987525,41.99917086582819,1,injection
29.333718450531723,1015.4739657710618,55.51696978724957,0,normal
21.927763938364475,1019.6198794986492,59.64744584437376,0,normal
32.36232329644142,998.9181699709349,74.83964379479657,1,backdoor
30.426911904390558,998.0567171385112,80.38781826874983,1,backdoor
25.5305670175823,1013.7115078034018,67.5715325310592,0,normal
25.955599931975833,1014.5825856867546,56.14977880891901,0,normal
22.557878756835656,1008.7438359843334,66.2563978184874,0,normal
27.874904178142938,1013.775097515846,67.01397387348123,0,normal
28.063065166347375,1004.767200814511,59.201133204971434,0,normal
18.982946575921275,1031.7303502895998,41.38731784723816,1,injection
12.155781840979401,1032.3070811518446,40.38511980162896,1,injection
29.84793196071078,994.7619645306443,67.99911481634159,1,backdoor
26.474275924316935,1012.1995518854328,68.00379025650007,0,normal
23.243248690572283,1011.0810796729473,51.13350145638179,0,normal
21.627698484164377,1016.9199191355584,56.655741952412654,0,normal
27.29607434407227,1012.3931480704067,66.43088406271872,0,normal
27.438756158429417,1019.3205245701141,61.81646813673873,0,normal
22.100241716462893,1016.5939600173128,60.739851708976204,0,normal
25.356200978393243,1015.7421134180271,60.402644682641885,0,normal
21.567094539082152,1019.0652635775534,56.551027623054054,0,normal
29.274377535033082,1012.3380011142453,60.03020601532078,0,normal
21.20459962909575,1012.0552699848804,64.94471949817905,0,normal
26.661487610422345,1015.1744961315176,59.349570990095856,0,normal
43.41299862804084,993.9476492003431,82.23930759980716,1,ddos
29.53313263151337,1005.2045615308126,56.66686669413329,0,normal
23.189716866040815,1007.9647367649421,56.788489760622916,0,normal
26.23057948545373,1018.6613686837624,59.90166817039497,0,normal
26.494753683260715,1009.553477288719,60.7591936801306,0,normal
28.20257833618795,1012.8949138983514,60.04868269965634,0,normal
25.61178513398048,1020.9551517255309,60.64334413742399,0,normal
21.403760403942282,1016.0459075123467,64.33805300524648,0,normal
25.809490534789763,1018.3003910490451,49.77725767093841,0,normal
5.349268624290658,1025.3266884508364,38.29328559415655,1,injection
25.689515956423374,1007.9439392774572,62.16191592119191,0,normal
22.80382226570932,1014.9578833050967,55.823213162979,0,normal
24.309792197458812,1015.8882392789486,58.23204073091008,0,normal
21.140355659763202,1018.4332794351207,76.84492290803021,0,normal
25.085635066670804,1011.3669266157373,59.45556027127367,0,normal
27.260427179880544,1015.6448237063213,52.15886919040384,0,normal
26.270257173817914,1008.8518225231295,61.40163948233452,0,normal
45.97721733289373,987.9335663233078,84.28366727640297,1,ddos
49.10950345118958,992.5677483999799,88.05721692344416,1,ddos
26.76016838384845,1015.5015914242085,63.82804264549209,0,normal
22.904551255291242,1019.2459197918084,62.25742283579897,0,normal
28.977979243668884,1008.7394359449947,59.90505505369046,0,normal
21.458017504944316,1020.5904670072807,53.84012200519397,0,normal
27.68808537786311,1006.4853944218798,58.721405035470234,0,normal
25.605661958408987,1011.4192830321591,58.66557439813612,0,normal
27.95863998590765,1019.6082790073933,47.34004561678292,0,normal
22.52619100030757,1011.9867938690096,52.78883579682788,0,normal
25.15790587794224,1016.4678936355022,64.38928419778713,0,normal
25.95221253521433,1012.5910444191788,49.28230655387841,0,normal
23.48339039953561,1007.8234063005389,59.94516927603798,0,normal
23.445535143445888,1011.3712928052572,58.345309538718574,0,normal
24.401743294087773,1019.8009245557961,50.5090963062343,0,normal
27.220150393568833,1012.9741604670609,61.500419166495846,0,normal
21.87542927679858,1015.2780679478547,64.63193985307043,0,normal
25.662040785082414,1011.6285830004522,56.66272666614908,0,normal
36.8069225524391,1002.1810610056668,78.16104159760948,1,backdoor
27.554725286273197,1010.5218551658318,58.69926916925284,0,normal
24.367019267452402,1016.4448487462475,56.28549529831195,0,normal
23.58070826675304,1008.3030904692871,63.40562121299601,0,normal
25.589287515256082,1011.2931836997019,59.91556905017611,0,normal
24.88806807495504,1011.2978170144371,59.911071444113816,0,normal
21.791016852367136,1016.7171903359108,57.50241858723049,0,normal
46.38155234175026,989.8252810601897,86.45227917600471,1,ddos
12.055302166975759,1024.4908756704774,42.19600079331109,1,injection
24.341710196748927,1009.6235718908104,64.79034715264814,0,normal
25.69733301686403,1011.2107606207446,61.48783359977889,0,normal
27.461926201619004,1018.8902158631138,50.233331022027315,0,normal
27.559812013953806,1010.4775878442478,62.675263048374745,0,normal
23.77680090492698,1018.4123430234743,49.36393147477734,0,normal
22.88459261343728,1021.0643391259662,56.49664068024756,0,normal
5.042711073045492,1034.361178210767,41.8201013393451,1,injection
25.70653699869008,1018.2174339977437,54.07189376299027,0,normal
25.419800512952087,1016.284788922882,63.420303262577896,0,normal
24.058080320565825,1018.0249722772644,54.206155915235286,0,normal
22.455404667029672,1007.7910581170714,56.322423342621335,0,normal
4.844128438072232,1039.2406876726914,46.17722657096934,1,injection
25.84019679811288,1016.5342799486474,62.8524226036973,0,normal
7.024393884099455,1029.703091970063,48.2352846716187,1,injection
24.48630608999423,1018.7136728434134,65.43701474802879,0,normal
28.178714562454683,1014.2582651817476,61.02894414443334,0,normal
25.346620073503544,1014.2793119006844,63.557737166583564,0,normal
25.568891798040855,1009.7670468067682,58.34020959893939,0,normal
21.652503539283376,1010.5389602860499,61.81837992501122,0,normal
24.52565234584229,1024.6541704915655,59.507450806248116,0,normal
20.789464087992375,1024.53523476001,62.97941560225104,0,normal
31.79926083332809,1002.3307767649477,72.93998597148395,1,backdoor
36.40297920360316,1000.7443439748231,73.26776015793412,1,backdoor
24.13852426307637,1010.0519543909791,56.732779834657414,0,normal
21.859667827825046,1020.2367426493606,58.80522797809864,0,normal
40.90533371662984,999.5973134984188,79.45412820371304,1,backdoor
22.187837333943243,1012.7710076549056,65.01995282432424,0,normal
23.90340891537037,1009.4942501347377,55.822637621858206,0,normal
23.008047691442314,1019.5915725943979,63.65469305204696,0,normal
22.972626695000024,1009.8052671109251,67.11693477892324,0,normal
25.95992284435337,1015.122175661718,63.20526116294911,0,normal
27.14368390081066,1011.3041398682165,63.48526782711157,0,normal
24.781640699968033,1019.1500963829711,57.84085657651988,0,normal
35.49598825639144,1000.4007066160369,79.37347891887356,1,backdoor
35.35977169713267,999.5351411975935,72.89715226434265,1,backdoor
25.309272593559427,1003.5520457870206,60.95482935446806,0,normal
25.81500241943811,1018.9350478457334,66.29804356885037,0,normal
23.0648471673348,1008.7845516288779,65.99881592826824,0,normal
23.242047026176415,1022.8004300713206,61.49103970542457,0,normal
4.187408888800887,1029.4151062883861,41.42765989725239,1,injection
24.635279723715595,1012.880774100407,59.142375803243205,0,normal
28.077543634098873,1023.9479515390914,62.71471820883377,0,normal
20.881234246895083,1010.8574545596562,52.38224583889887,0,normal
23.51528567374301,1015.8903756190067,69.97233793836838,0,normal
24.053652832636658,1010.5546929243519,59.9397740013258,0,normal
24.974572122395934,1022.1849119040832,59.34771060412069,0,normal
24.054132366543172,1005.2544028597788,60.59507953208292,0,normal
8.646385621228255,1033.0698477753172,44.9200742171184,1,injection
22.809943857176826,1014.8518705803933,55.23991352926472,0,normal
23.64683916723213,1012.4077055816507,59.236924162442584,0,normal
23.568584042285146,1022.2552174532285,58.09256742132419,0,normal
26.663666278672643,1016.8638526507781,56.860974811119064,0,normal
23.713213831529966,1016.2714733370506,60.10242613660985,0,normal
27.746595150314665,1009.3661586700855,66.06059330892744,0,normal
25.979844132571085,1009.8814066231301,53.132265437791766,0,normal
25.298865915088903,1020.3103731512858,60.20083410803341,0,normal
26.342274942344613,1008.026800501859,54.09278700382106,0,normal
25.36860203034981,1008.3193400250423,52.36535879777717,0,normal
25.008097501275923,1012.9979449397705,69.0525950868932,0,normal
25.026259814942005,1015.0977255436701,59.20238145388474,0,normal
24.672083255615448,1011.2417710923792,62.06494047338413,0,normal
24.225471904924216,1013.7451946758632,59.63488250216414,0,normal
44.16012511131231,987.6834676143798,85.1265196647084,1,ddos
26.53834706316557,1007.5617398636305,61.067335358289746,0,normal
22.340034532996963,1017.000959574399,56.03525996500205,0,normal
24.380953386483913,1014.5161357071064,65.03531288919542,0,normal
24.049342604445524,1013.3265787721527,58.765726111236425,0,normal
22.75044180954108,1006.5937811937898,60.219996400348215,0,normal
31.992242065961126,1005.6978523838774,73.54768887850828,1,backdoor
25.60215552627566,1018.0039015659017,56.1752528646819,0,normal
25.962764133650335,1016.6683781116087,57.10939227897876,0,normal
23.51320591475276,1016.3051309202405,57.27215670661714,0,normal
44.33402653459036,988.662909193515,89.0523940980413,1,ddos
27.710256426596427,1007.9781551843039,51.59543189806831,0,normal
30.351224010154787,1005.8533296573324,73.0537594685921,1,backdoor
24.967507228237732,1015.6876520708217,58.63070112783582,0,normal
24.166326414678135,1008.2187235209451,66.23010644401431,0,normal
25.12214435899001,1017.4132769223966,61.82737535262194,0,normal
24.806789998687545,1018.0422267982069,67.51003057464173,0,normal
47.752493957513146,994.9463696424737,85.9191241766994,1,ddos
26.145415594661735,1018.6627417934333,61.3922307654058,0,normal
25.884153432238215,1017.5033757744674,61.38144223365444,0,normal
24.71815563051214,1018.1028407633495,59.74042217620227,0,normal
29.94212981753099,1020.5027098308277,65.43466315464507,0,normal
45.64471147492826,988.5654075743122,83.76106514588864,1,ddos
24.51148218186621,1008.3585739184556,56.34317738636005,0,normal
23.55783512589992,1014.2868554380705,57.913915536422884,0,normal
27.17078387506786,1012.4626605930243,62.15821515960687,0,normal
25.73075699614519,1007.9043475986705,61.90978447137865,0,normal
26.931604097459427,1016.2662967563737,58.88276984499873,0,normal
26.10553734301352,1015.8261009350591,61.34115417497598,0,normal
24.74327340761167,1015.3136834590896,63.672578586510305,0,normal
29.235529699962473,1015.5537182625488,63.49440155208062,0,normal
25.18502168045242,1006.4525042510387,55.00598906874166,0,normal
32.15114115424801,995.103781737177,73.22650871017977,1,backdoor
28.284200026712718,1015.4224828630755,58.07553753554434,0,normal
27.392239713219574,1016.233648795072,64.20267107611963,0,normal
27.512507086384076,1014.9798560945028,71.92220820902685,0,normal
29.738093432013045,1016.6544587278937,67.56006358083152,0,normal
25.36493865477679,1007.8050511330539,55.100746675733504,0,normal
23.5328275550374,1010.6081721468083,53.51822845897379,0,normal
25.07577936555799,1018.1322216798393,59.433880785954166,0,normal
23.61810077726611,1021.4531083222164,59.412254458077726,0,normal
24.79226736758923,1002.8537017646886,54.405861073390504,0,normal
26.367225410212047,1019.7880558029168,57.026507218664804,0,normal
24.817351005140033,1014.0033273493913,64.26656285195043,0,normal
23.389728190729862,1018.1037236370134,56.35543228987331,0,normal
25.944886280395746,1014.5588698902369,49.73048503443142,0,normal
35.70132636535992,998.7379578605357,71.15135354195671,1,backdoor
24.30071512522655,1016.3519461286863,56.44242912313258,0,normal
13.599736311589918,1025.1911646726887,29.528414097178036,1,injection
26.637132203020105,1011.8538176028753,62.32250938183149,0,normal
27.453422045031363,1023.5430924683542,66.7109233324054,0,normal
25.413483289911476,1007.5950339344478,59.12089189082647,0,normal
26.506363231518122,1014.0154234640235,56.96712184475365,0,normal
25.015546872495133,1013.6986620820525,63.52513677990969,0,normal
24.876796582933384,1018.1728812473937,52.66651587943705,0,normal
25.167254071042546,1010.9749916925545,53.95565783324075,0,normal
10.270094811149336,1025.831958438226,42.71103902363092,1,injection
23.02533892903842,1005.7145297960114,54.316966255110565,0,normal
21.879799053359402,1022.3869078484138,59.97298709845748,0,normal
2.0727847753696444,1027.045495993724,48.237091080864666,1,injection
25.31814948471998,1010.5066865565689,62.675080532134295,0,normal
24.143791331180243,1015.839185080196,70.91749055724867,0,normal
46.46042664461596,988.5108438326687,81.26219835863289,1,ddos
23.750459693824702,1022.3480983851508,56.66935536752899,0,normal
28.49159577430079,1014.529958561869,59.35510939997031,0,normal
26.518175399765862,1013.7759647357672,56.89496836533316,0,normal
21.928631575396516,1011.4716074863284,71.56077864423821,0,normal
20.914751668947392,1000.6764797164318,53.050362556903764,0,normal
24.79262134612793,1013.4744087245912,57.54843096667506,0,normal
25.23593612800777,1021.0098416011675,70.1476424016683,0,normal
25.65293105995083,1017.9784774779295,50.41101827957513,0,normal
25.436426246629875,1018.036774431783,58.44212361695654,0,normal
22.537001573665044,1019.4007061848116,62.8051552096717,0,normal
25.358955792913836,1019.5535374768705,65.12865191443906,0,normal
24.352087832554812,1013.238629910206,62.64842929003685,0,normal
23.00359986997355,1007.0807368359802,63.702552691465314,0,normal
23.54441139327026,1019.3867167970026,64.28034599517706,0,normal
24.166729401364602,1008.5531801507317,68.8735584049798,0,normal
46.89967009492213,986.1693781021517,82.77152311830105,1,ddos
23.947017314058286,1017.1931597184068,56.231800454262746,0,normal
24.141808535448686,1015.6603968341915,69.28417730814309,0,normal
28.41398054736416,1009.8243971261178,59.821315043451456,0,normal
27.11066666986697,1022.6558537503084,57.67115414252315,0,normal
46.5994089080569,988.548022625036,85.57358615998578,1,ddos
23.575827382862297,1021.0254008790639,58.940839153452394,0,normal
7.934159423256268,1036.0263239127087,41.92423099349867,1,injection
25.592077562901597,1012.065191644901,60.84242396554697,0,normal
25.25187429275487,1024.1639246100287,62.19600854188408,0,normal
26.556748913895774,1010.062416800713,67.31403428954584,0,normal
26.294592198225402,1014.66501254601,54.89978494865817,0,normal
26.88849861475685,1005.6953911753849,67.26904497642263,0,normal
26.349748220437426,1010.4878039831365,47.764131382662555,0,normal
26.540821649883,1009.9666463366547,61.749227661369815,0,normal
24.250737287409464,1011.5972710111196,61.262698964195955,0,normal
27.101285235031245,1015.4600982822134,61.37854752148355,0,normal
25.482384596685396,1014.5430882045544,61.4415334777931,0,normal
24.796972254211987,1019.1439213732375,64.68053439457265,0,normal
24.231429972389385,1007.192278735477,60.07240167923642,0,normal
47.63710330918604,989.0152397392479,86.02121247754832,1,ddos
5.793809796103735,1032.805719485904,37.91893046933044,1,injection
3.7984307155758765,1032.1207200075041,49.02310277358841,1,injection
24.196956161353466,1006.4713924219263,54.39290337656827,0,normal
26.062481862782406,1018.4109375395906,54.49562328113896,0,normal
26.348295459567993,1016.72775248325,63.073941324338,0,normal
22.5824183827384,1006.618524079665,54.51492825101395,0,normal
22.45193853241264,1003.246960002256,72.27906940241826,0,normal
23.343348250189337,1013.203721342095,60.44205275157392,0,normal
24.545395682535094,1017.8367821167186,66.05635219320034,0,normal
25.019444604977192,1010.7560011225313,59.21207236066477,0,normal
23.93685549580721,1014.3216248418382,54.92882431068505,0,normal
24.01038096965247,1010.138357551619,68.88667597553831,0,normal
34.83056583468573,1001.4859329937703,70.95418857974876,1,backdoor
23.90666474512509,1017.6642235682418,59.543681603000394,0,normal
23.71917701098464,1013.5574141847922,54.26632055689335,0,normal
25.94873115175257,1019.9876976304616,58.36627328597715,0,normal
24.311395315265425,1011.8913837113107,64.37805038862548,0,normal
4.43373520566944,1027.4228185397637,36.35274268841565,1,injection
23.130209944103,1017.0752794381573,58.569909211904815,0,normal
23.029755036366392,1004.1038374589165,55.797752424697855,0,normal
23.0435470946681,1017.0961465014849,66.58883981221845,0,normal
24.07360880715415,1009.7933489648681,52.84848106023977,0,normal
24.145186165295108,1014.2451337074875,55.65527191704092,0,normal
23.930034907507146,1018.2302351999009,54.81758431155897,0,normal
26.8075940359874,1023.8761728951823,55.205087410078406,0,normal
26.812094555682528,1015.3694206316019,70.79059996961227,0,normal
23.456974780059934,1017.7524302627128,65.31321643190975,0,normal
26.05559293702556,1016.9976541403074,57.91337114185002,0,normal
27.134331817483776,1014.3120427468854,57.63910893023957,0,normal
25.3140951080061,1013.3077714333109,62.48033379147698,0,normal
25.73448348932528,1017.4270302422473,64.36400829815271,0,normal
24.372706139534447,1015.3583659365271,56.64926194951682,0,normal
30.042341045937327,1013.041343655426,64.92102325949587,0,normal
28.05917868874343,1014.912665741008,57.74051424182083,0,normal
22.94053371716599,1015.9840863079552,75.81434388033456,0,normal
46.296844825210734,990.8592034090357,81.45221835857834,1,ddos
22.329691585932324,1015.3070538025077,52.517860895527555,0,normal
25.275285812427157,1023.3604650723282,55.387636976960735,0,normal
21.51155168611039,1012.4397955332038,54.05742455301602,0,normal
26.495273149526984,1017.7923027798254,57.615201509147596,0,normal
26.148464466372783,1010.5052825935768,59.78044629032624,0,normal
26.38976825723129,1016.1503036099858,64.76672651844616,0,normal
25.81735386091708,1007.9483601107042,57.560984040892976,0,normal
28.330603774861615,1015.9641993093636,66.14549536602401,0,normal
26.255349821953715,1016.9273205982738,63.515219711476306,0,normal
24.40191021450966,1002.9029790389333,61.26518737468367,0,normal
31.501684409146932,1009.0422455189139,58.134302185198976,0,normal
27.712248711818177,1009.4373045082951,49.447758316937545,0,normal
25.21310524814013,1012.1341076929888,58.25181907009274,0,normal
24.042507956598353,1016.1419872878314,53.48733539242985,0,normal
28.932635928755033,1000.5882115284566,62.180178442521886,0,normal
46.7104965355287,988.611036487994,86.87762767092285,1,ddos
38.17021491310593,999.114183049361,70.02690347098023,1,backdoor
22.673445991452095,1020.1499849537187,60.22355835575158,0,normal
25.16504403978929,1012.5247224758195,55.725785580629704,0,normal
25.586346812526664,1001.4383109982366,57.838559005503505,0,normal
24.56489564866564,1023.8474353218337,58.64761973544387,0,normal
24.649631795876648,1010.2235920082487,58.29881913769175,0,normal
31.862244807832568,998.1729738392528,74.79934001210867,1,backdoor
24.97785424851506,1015.9352024532858,62.75751355864617,0,normal
23.429348784800077,1010.4540963345843,63.26960772033214,0,normal
2.8807377288130045,1027.3306080905338,32.96879326725015,1,injection
25.01171760205459,1011.0677688239313,65.64513852277241,0,normal
22.38119317989159,1016.6222359166071,55.63616562905737,0,normal
25.562729974947274,1013.8814811114536,59.77402553235505,0,normal
21.50576214659862,1013.2627087330732,64.36244856281154,0,normal
20.56606785350108,1009.0101205362955,57.02951406481584,0,normal
24.63181183392053,1010.3707671389334,55.96328742490353,0,normal
26.807235227866016,1019.2545863038165,62.654557682754984,0,normal
24.431885633566505,1011.0419866702312,56.12554020350373,0,normal
23.538242617356325,1005.6245036231496,60.47326719561838,0,normal
12.71717995887523,1027.4642188228772,41.55982781528005,1,injection
25.235495942634284,1012.8753935258678,60.644858936962784,0,normal
23.650403750126824,1016.1330460023844,45.95826439939051,0,normal
30.68812064876782,1007.6387029027084,61.32261823386289,0,normal
45.50250952967949,990.125685031698,83.88571730864811,1,ddos
36.198962782672915,1002.8375886131172,78.71659134678757,1,backdoor
21.45193952311999,1017.6948857661496,55.093073466683904,0,normal
25.624509965874815,1010.5534297482623,59.770291964166,0,normal
32.705856331468425,1005.7852070495229,76.26715123897735,1,backdoor
27.141721398331946,1011.0099222297174,69.64453283881133,0,normal
26.236297876503368,1014.4904917508736,59.62211347323853,0,normal
21.549483586100862,1011.8670939075166,53.57432693911582,0,normal
24.14477509123035,1009.7954225279232,67.17874333117855,0,normal
26.562895547890665,1005.7202608809569,51.7285187703522,0,normal
24.41331522104526,1011.6642483585172,58.70982401304212,0,normal
23.960676867049447,1017.5180862121911,61.21348954283597,0,normal
27.732792201288294,1007.5583091226351,56.152410755973236,0,normal
47.8885193212908,991.3017329513999,88.66093382164047,1,ddos
13.67549193760761,1033.6456062137681,28.26838801601981,1,injection
15.911743681876041,1026.6631749494074,45.966937567473394,1,injection
28.5619656911957,1010.810434401042,55.08284167000244,0,normal
39.58110965319267,1004.6772892456829,74.17790458313033,1,backdoor
25.837642764113998,1010.0283097010752,68.94882138156825,0,normal
27.23606587999031,1005.3488963185717,64.9330052316093,0,normal
24.517305542292934,1021.0831563077637,64.11653346207734,0,normal
27.46984697989837,1022.2458062557097,63.49388261349379,0,normal
4.0838527093015,1034.9492083317214,38.35119047416243,1,injection
24.339273232233456,1013.90631480774,65.42207139082853,0,normal
26.508905686835156,1016.7564703709322,58.04668916383627,0,normal
20.631064418659566,1009.8461451460395,62.63982057201798,0,normal
26.66758804207484,1012.3911528614868,63.84329506771949,0,normal
9.001415996107536,1029.5365191023539,42.47382280625871,1,injection
24.990817753767214,1011.7343239616936,60.76357461876881,0,normal
26.467741602790618,1008.6753401850176,54.065334839725985,0,normal
24.66054876580513,1014.1226199594769,66.8072306894915,0,normal
22.261287154251278,1010.3863087077937,68.40399577939488,0,normal
13.053693282815495,1041.7592075084253,45.742653002464955,1,injection
23.121620255705885,1005.7224791095973,64.36520918900152,0,normal
36.89905949521139,1000.1688190507937,71.14873395052444,1,backdoor
21.992870387479545,1011.7082316205732,58.907000066749575,0,normal
24.95897196072787,1014.6407988871669,62.82565287360756,0,normal
24.416874956026017,1018.2091846478324,61.50322577673721,0,normal
45.80976598686705,987.9764609184792,85.57567219026785,1,ddos
24.529850690388905,1010.3099930676974,65.3808901264506,0,normal
26.31289552957177,1011.9727171103852,60.16905705636832,0,normal
23.590114372334615,1010.1793204726974,55.645133576287776,0,normal
27.988020264622786,1011.2491189853482,65.15263392712986,0,normal
44.058324311308525,991.8371721485242,85.01841237535405,1,ddos
26.179179009743223,1014.183161981011,55.66853602546967,0,normal
25.309658429978164,1015.1777694797723,63.98732173053571,0,normal
6.271533978785482,1028.4395500053345,40.78562653806195,1,injection
23.174782347463903,1013.1878400393304,60.95282417002943,0,normal
25.43389525200374,1009.3010980700544,59.18420535145621,0,normal
25.268289456624718,1012.8410212301026,63.809494347390476,0,normal
45.60616197605631,988.9357237523334,85.03978728524558,1,ddos
13.059569965506373,1036.201985993409,41.55302800801993,1,injection
23.40467638606585,1021.0982689195312,60.95554074873486,0,normal
24.34716689819434,1009.2567814220359,56.079981914752324,0,normal
21.402934424455108,1015.055964655443,59.233758679373494,0,normal
24.434292512650764,1014.8906366618305,62.839829920879886,0,normal
26.827070801167398,1011.8607647986078,56.17220248034655,0,normal
25.014131839951386,1010.0688277155533,48.75912087898483,0,normal
33.28474780352912,999.6397179434374,73.48294872484995,1,backdoor
24.12649371155369,1008.6168216159894,59.262982978190195,0,normal
46.11130295825743,993.0165524676092,82.64092565621073,1,ddos
46.21952004070961,989.4111935995998,86.67585479207318,1,ddos
24.224780762139194,1013.0936020220818,62.81156733020115,0,normal
27.639015119119325,1013.2468564874048,55.32776575520193,0,normal
27.637550124814695,1021.7705935538411,61.51657064565766,0,normal
30.87236666046604,1000.4709095298699,68.76295579011588,1,backdoor
0.7110583942721167,1031.340359691146,33.711347775001435,1,injection
21.20903341638395,1017.8741478918042,50.419295593485906,0,normal
44.950036321251005,987.7670578921325,82.66670022531169,1,ddos
27.89629119159086,1022.5263574418537,63.07975468091272,0,normal
22.22047346579448,1017.1901166709478,58.77992420738195,0,normal
27.818057128468794,1001.5591961244738,82.52095823913689,1,backdoor
23.325894944604624,1012.0741767885529,62.160254666338076,0,normal
25.06356942698521,1005.9246285703626,59.08854103920415,0,normal
23.39357654506296,1008.8815726948518,71.02962719034117,0,normal
23.124460486743295,1016.2374659218208,54.40310049435078,0,normal
22.675053624819192,1011.3080250025912,61.8741209804079,0,normal
26.85125452916172,1021.1328259769873,59.973820495557135,0,normal
24.31746104892821,1011.1996191629366,62.76496022230072,0,normal
28.369371328721137,1010.6189944885803,57.07685392663986,0,normal
25.583561644970935,1005.8614510008582,63.11460175834322,0,normal
44.14323256242538,989.9610317639716,87.95559828270761,1,ddos
12.063397553650528,1025.5428572686271,43.73213854015894,1,injection
22.069254281080227,1014.0824637457389,65.02268714328413,0,normal
23.17474804286636,1014.761508540862,53.04801334955245,0,normal
23.94779735784273,1009.2251248079705,67.23970402790357,0,normal
29.56001296621178,1018.9047375205083,63.30917265112747,0,normal
25.106251171261345,1006.534167895736,53.34460563513066,0,normal
25.52141151350613,1019.2611840251868,63.61334932460094,0,normal
30.14197674652503,1019.958279521195,58.409336235517,0,normal
25.564392542369255,1014.906460579666,53.41004280609919,0,normal
22.973182140524568,1008.7058590795643,53.02155855778289,0,normal
26.642028167182044,1012.9649537965249,65.67071155844492,0,normal
26.366855635944223,1008.6054943506339,61.85834327862207,0,normal
34.72352613946608,996.5451890560132,73.7726524319749,1,backdoor
10.631982363555963,1038.9669669885677,40.47579735044351,1,injection
26.689738357653738,1013.9962635738752,61.98084216698139,0,normal
25.60054726496199,1014.4423083318181,64.48333449030865,0,normal
25.772829965564224,1017.3886386576561,66.0897414056077,0,normal
23.907816226941893,1004.5626016896281,75.21176605613222,0,normal
26.11646840597974,1014.2779409728053,62.80709731783788,0,normal
38.698381897793254,1002.5420663698864,70.35684812490427,1,backdoor
24.756975089276576,1010.470057778971,65.71897531982471,0,normal
23.08764266441637,1014.0194629515075,59.98283442331914,0,normal
27.990815749137262,994.1369638723368,77.89815739415673,1,backdoor
25.233299923213323,1017.0725675472341,63.41664880067527,0,normal
36.638779642422044,1003.2599450143201,76.28448333796446,1,backdoor
28.804843157922335,1016.6912450132297,62.532515668905994,0,normal
25.056016344512155,1018.3124367229617,57.78351363208679,0,normal
42.25681693785488,992.5905752486557,86.42910649010715,1,ddos
28.234339032206282,1007.5596476324606,66.5001513924135,0,normal
22.538592217598808,1014.5657609478413,59.96560681042427,0,normal
22.2125971291212,1014.0617313971353,59.32945342465152,0,normal
27.91924514599999,1009.4401802757358,59.355145595279254,0,normal
27.6404133808014,1016.2042840935065,58.790184279901865,0,normal
24.327543532412133,1015.6063963351552,65.26841911053211,0,normal
29.21783730025714,1017.7304794151395,52.398864852240365,0,normal
23.90992888187349,1014.647440709267,63.666577337323794,0,normal
24.873679864176495,1020.0336023388583,60.01871831497032,0,normal
22.806662506185514,1012.7502272079118,60.15259002906866,0,normal
24.810288534929867,1016.4850362084024,62.693989891966396,0,normal
24.38434619404546,1006.8047550487835,59.66984354522935,0,normal
25.686539709462114,1001.95790191526,51.76221397449457,0,normal
23.212009131235813,1010.5043594899875,59.233809217343655,0,normal
23.76278657153223,1018.425916178736,58.25534040278019,0,normal
24.138934857318496,1014.3087211627097,62.841570225489484,0,normal
27.58654154092524,1015.5681136702326,62.66068657875237,0,normal
22.026446289620058,1012.5824385338597,64.2468365336281,0,normal
24.802559465028864,1016.989845451531,53.87482654714171,0,normal
24.549562091381244,1007.2846573481895,67.87488501980397,0,normal
24.551048327735085,1009.0197926718874,65.48134088234461,0,normal
25.05473966142587,1012.7738809139348,54.413239459108794,0,normal
22.977369439463505,1009.8061157312954,68.1199452115325,0,normal
26.824389770706386,1016.2756209449309,59.778666320313604,0,normal
22.891918897286715,1008.870716459275,65.57806438234144,0,normal
38.71918386785372,999.3973073125402,77.36257397083202,1,backdoor
25.357319177910554,1006.9250084882121,50.650332534423875,0,normal
26.93959409020339,1024.2909495101155,56.28042238751321,0,normal
21.716405311284504,1013.6122274622076,53.066909149079734,0,normal
26.02879517729346,1011.8116320964339,60.637325383473566,0,normal
26.436288557375732,1012.795967589972,70.09490744855171,0,normal
26.050199161154506,1002.7897121686024,76.97354243789351,1,backdoor
41.5857765463622,990.7271010546291,83.80489174861029,1,ddos
27.90939987343987,1011.6804897254643,59.648404461840286,0,normal
23.291302037355468,1019.1203789667599,63.05744433604071,0,normal
34.9733390813486,999.5171811981631,72.64876856777762,1,backdoor
10.395244153551864,1034.441638258074,40.612190481417834,1,injection
48.085682309852906,989.3241950222666,84.87190496241476,1,ddos
3.1339051230626307,1030.8844854706274,34.64401829833237,1,injection
25.503177556393574,1018.983947498767,62.72921348711066,0,normal
25.50160600449373,1014.7257191980231,62.72286312087639,0,normal
24.25880317711958,1016.4907453052973,45.40839479470369,0,normal
20.11122380763482,1006.6668837973491,62.481767422462646,0,normal
25.36111503274605,1003.7675540918841,57.9177313549187,0,normal
24.387818308080636,1017.1045114007895,55.75533309880308,0,normal
26.806234045878718,1014.0713355090013,55.930310507456,0,normal
21.849906041658365,1021.9563446303937,62.30360136898729,0,normal
3.9959034524148995,1028.2397619790527,38.64994559750235,1,injection
43.65844327398555,998.1793993192252,73.59721505813704,1,backdoor
22.82299669209217,1006.6273093976396,64.79227093824923,0,normal
26.669256643741672,1012.2963248290788,56.330621471794245,0,normal
6.991931541423531,1033.4935191593447,38.46478554123843,1,injection
8.773008961755467,1030.0355978053155,33.38780942737158,1,injection
25.196785976061356,1014.7253324833315,61.95213438589868,0,normal
24.232420642827677,1005.0088921125827,63.312319574953875,0,normal
26.037389530877224,1008.0176103555416,55.6401701962651,0,normal
24.21244583144277,1013.5817990070144,55.70423282757397,0,normal
36.95042907344326,1001.5342287459754,73.0237988954997,1,backdoor
23.667476877152996,1012.6116356759615,63.00296994139567,0,normal
24.651626938383373,1007.5948439385903,66.43718451561168,0,normal
34.64366578092506,1001.3683011644953,68.18040278414428,1,backdoor
26.226627508030525,1007.6323094027545,56.611666642142936,0,normal
26.92896422085069,1021.7943199999614,68.90593771663107,0,normal
24.230701939418523,1015.1711510094142,56.897462979294396,0,normal
21.287037589254084,1010.0670155772909,64.83225629880587,0,normal
25.77099582182807,1019.0174553642004,59.598728414716945,0,normal
27.80498049468063,1007.8536602933387,56.965893686807796,0,normal
22.580907073333265,1009.7225843614001,60.74488795859002,0,normal
22.76128788784161,1015.6637721917784,62.300099296909934,0,normal
23.71515329429714,1014.4513343879946,58.24589364253585,0,normal
25.432428153507384,1019.8543677041296,58.11624756218978,0,normal
24.12577328646557,1011.0489140884564,65.41965819141586,0,normal
15.703868763105906,1047.2172640694985,44.52643752118004,1,injection
24.77820979274722,1024.2082851054652,58.08993304507293,0,normal
23.387195893689608,1009.639757485237,61.873738895123125,0,normal
26.08796512349095,1012.9652198811403,62.42450837402116,0,normal
28.073925116039312,1005.1352636115446,61.73952850592609,0,normal
4.441242018613183,1040.0737633885858,35.530971170395844,1,injection
29.158704796466345,1011.3904821956465,59.291890940665375,0,normal
27.59562675366889,1020.1314946871613,62.872628146060194,0,normal
29.153162502910355,1016.760844680179,57.614925101113016,0,normal
6.03972197157387,1027.4200767622565,40.7885357407625,1,injection
13.823692135361254,1030.2261569056348,40.356244540408426,1,injection
22.74131409048998,1008.1006823455687,66.07308410352186,0,normal
27.02217900453679,1009.8533438908918,62.54165302809412,0,normal
23.765364030803543,1017.6792445845914,58.900742128735715,0,normal
25.806733561237834,1009.0829868766405,61.57865283185281,0,normal
24.314716382783217,1013.4501622210372,57.31019129492316,0,normal
22.40095905499355,1008.9997384027896,63.649690331183145,0,normal
23.314675554680452,1013.8143155274147,59.277910168503595,0,normal
40.658617302511274,1005.2339530064315,77.56633605076333,1,backdoor
3.951725688390363,1028.2932434518805,35.76646894321764,1,injection
27.5086811936311,1005.3654678361157,54.819481244885274,0,normal
25.24554771812351,1012.9478993261499,55.96053528906266,0,normal
25.293293635218888,1004.1563490651555,62.17128061251811,0,normal
31.069865551714955,1016.696245496563,55.866995277317116,0,normal
46.129045103624335,988.9783205016637,85.00570562461002,1,ddos
27.31695901776117,1016.8212800991196,72.87338081487538,0,normal
24.22471387368297,1014.2932910796554,65.17838586143465,0,normal
7.487334279130414,1032.8644626546827,38.64287792920001,1,injection
15.67033850702094,1035.644265789396,36.88689707621851,1,injection
27.360120751766402,1011.4343354513888,62.142836224775046,0,normal
25.646268614465157,1017.6375707077038,64.91395374059906,0,normal
25.546264509849482,1011.6699645468157,62.03225888901204,0,normal
26.67058777440156,1017.2791378346518,60.75889735104493,0,normal
30.053232676765475,999.9338841497598,73.08810324146216,1,backdoor
29.091724457619243,1010.9371075725751,56.39478312514603,0,normal
25.813216872305688,1000.2451133979887,62.168183246333406,0,normal
24.52936876018871,1010.9121426886513,62.69163595650613,0,normal
21.359296641801684,1022.7540869353519,69.9645477990085,0,normal
25.0483413222304,1021.3231428714377,55.362635401474435,0,normal
30.467276269870393,997.496150186221,73.81071923737368,1,backdoor
26.163082357081933,1006.2511038922386,56.89553245829778,0,normal
23.068917828201027,1012.2446235674056,60.33071104861569,0,normal
22.049215261303953,1013.4528618378265,53.97907347573067,0,normal
24.649383454248557,1018.5372752465635,56.8234034996879,0,normal
22.983622768595865,1019.6878916130302,56.09916742882093,0,normal
22.011638434077426,1017.5518078370302,57.964751532782124,0,normal
24.720488379806486,1013.946242201339,50.58116551659725,0,normal
22.456691807105713,1016.5955103888699,51.99673546461544,0,normal
24.071852965501705,1014.8275362047253,57.774990708486506,0,normal
25.769072921130046,1003.4834057054775,61.338483149176035,0,normal
25.70484405804058,1007.548949298758,63.536546875704495,0,normal
23.801000117489316,1014.6658873212459,55.53744369071946,0,normal
26.309108719084964,1013.6535944158092,54.28939819861335,0,normal
23.39884489598492,1008.7576457114682,65.28938927821348,0,normal
21.843392514009842,1008.3941956909534,57.76647573080501,0,normal
26.484868418553685,1008.8461522122232,61.43004287219355,0,normal
23.591471079654443,1012.4505855774903,62.378626406043416,0,normal
32.5987539177009,997.3622575651425,74.4894764180999,1,backdoor
28.306517608890644,1008.4484834637282,62.94049822367194,0,normal
36.68982503354183,1001.7067224966133,76.64122957994478,1,backdoor
26.526522049003553,1018.5284827073841,56.2672769789029,0,normal
24.817441659836767,1016.4092903843494,59.32585165372114,0,normal
25.16693675377659,1023.9501067305162,70.35172095666657,0,normal
26.57362450286127,1005.6936744213432,58.053023785108856,0,normal
23.919322627419525,1010.5277042025754,59.657698926019705,0,normal
22.039271333437107,1008.064671945552,61.23927751763504,0,normal
25.573262109680083,1020.4955081944389,66.55843166320746,0,normal
48.76306365101812,992.473683266638,83.09356773723015,1,ddos
25.046014642695418,1026.7804794658016,59.845611997621546,0,normal
13.41829385392069,1029.5863171037008,41.62102259214601,1,injection
27.710021449498154,1019.0302530551852,59.77681295854327,0,normal
28.522783202532835,1010.2408358798003,58.53227841097681,0,normal
25.64761671167481,1005.1322637800948,72.96517998993068,0,normal
16.977089733469107,1023.5933480219009,42.02539562412177,1,injection
22.64809497672232,1008.3043036634293,61.598292013596044,0,normal
24.48970780836605,1022.1367678738621,62.04254360024524,0,normal
26.551019958426537,1008.6421691415895,70.4565580982403,0,normal
26.28550073963799,1004.6676154762174,64.65448024401027,0,normal
20.107057217620252,1012.6968601035943,51.20046607094649,0,normal
29.40912574817511,1012.0181823706603,57.41666836885501,0,normal
28.30454417635942,1023.0369165710631,66.9098270825975,0,normal
26.508140909974294,1001.9910649682349,53.202099605573814,0,normal
43.76781159651503,990.5658853660703,82.56480044068783,1,ddos
25.51302174898931,1020.7979909058092,61.47738011237151,0,normal
14.90956165524067,1032.0419760371167,38.26129337908263,1,injection
25.98838439398103,1015.024731468456,69.69582505776836,0,normal
19.278679078714493,1013.8271218179766,56.09712433298156,0,normal
25.038920129739765,1006.6858615933747,58.68107331142066,0,normal
21.48364400975422,1012.1751576336768,56.63863937656768,0,normal
22.69373741482397,1011.7127271143115,57.403834598199104,0,normal
25.766171505262243,1018.5839076421928,64.33043124615561,0,normal
26.988758071726988,1007.1157102064326,57.110243730605156,0,normal
24.296573804414685,1017.0733427437103,64.11986326991864,0,normal
11.82738508565402,1034.1625840063139,43.44127452743479,1,injection
25.928698241213425,1012.4600040437601,58.27777541324349,0,normal
23.641576007882456,1008.083785114769,58.18027669655349,0,normal
10.436421002019719,1037.9093778664114,39.08148985781473,1,injection
26.88095101079681,1018.7405608690835,59.18116314846408,0,normal
44.05308510402308,989.8030059861542,85.84870891304877,1,ddos
23.434863079916077,1010.5800752619112,58.167816696211865,0,normal
24.995889354247698,1014.6436271598735,71.659955640328,0,normal
25.280805814373096,1015.8071844422793,54.834513500191676,0,normal
25.105023682534423,1001.7276487611616,61.19940189879724,0,normal
24.165971506983897,1008.6629121840949,64.38680278183335,0,normal
21.300240976778433,1014.9857069786606,63.12177009518688,0,normal
46.540872459722685,990.5066743486831,87.3743441211404,1,ddos
25.66686764233892,1015.278362382317,49.79306971607073,0,normal
25.650865322032402,1013.4078064447326,66.09593799001846,0,normal
10.256345051894705,1028.9786279383075,45.426450594361114,1,injection
28.268912195203914,1016.4303260992793,62.36198704528122,0,normal
27.110669901042463,1013.1094263388509,64.08193580833408,0,normal
10.824624035198289,1028.2473364050118,34.97628776893964,1,injection
27.44456481839085,1012.6281467978372,65.85742556171874,0,normal
26.17694966222197,1013.6920920068777,50.81244424995255,0,normal
24.38726934674287,1007.230931561139,55.54892463056237,0,normal
44.4239126188181,988.5843438299137,85.74823286073746,1,ddos
26.510477407325652,1008.6233387350461,64.17077808157562,0,normal
24.693904554323716,1012.6423911748623,64.28132115936825,0,normal
25.148556448091707,1015.820258622687,58.39113158327078,0,normal
29.381037057344304,1009.5667198476233,52.91268736997005,0,normal
43.70548152764181,993.4763848419033,81.877711658868,1,ddos
23.26347364942283,1015.0109898194249,58.2202915038254,0,normal
39.43424565246758,993.806306432696,71.6789181907766,1,backdoor
5.7558211222381,1027.0341610314529,37.871811263265535,1,injection
45.19786966612382,991.870995384276,86.02333470787786,1,ddos
23.110928370447336,1008.1880617458086,58.40204079900273,0,normal
25.71426199812178,1016.4306412107042,54.273389889152504,0,normal
24.56629516912822,1007.9108118697777,55.84543637263669,0,normal
27.305686111834042,1017.1777785372666,62.3181538139004,0,normal
24.679986475474404,1019.6211753629508,59.360797212924986,0,normal
22.6261478349336,1017.4867610236048,57.027642237818384,0,normal
22.538056074707608,1012.2325959928727,56.95137672786498,0,normal
22.90466346769261,1012.0144153985851,62.533723442553736,0,normal
36.129924776580445,999.1365247669673,79.75220387315368,1,backdoor
26.181874749781766,1013.227134322416,61.40390487623997,0,normal
22.517083334093886,1010.4785675049604,62.347065086448254,0,normal
24.076810084024704,1011.0887206039622,60.91513182984063,0,normal
25.316821050612127,1014.7183808146934,64.34823319543256,0,normal
44.622615778084956,995.4504375418477,81.7825963145622,1,ddos
26.41626517677054,1011.4090900839321,59.53413946014292,0,normal
24.615868900717672,1016.3704525411518,62.230882529411716,0,normal
24.721479609882362,1021.1287619471597,58.15890348372365,0,normal
25.49639151232441,1018.3325679871149,71.57084715658966,0,normal
26.2953340815606,1010.6041062963585,63.936162100644836,0,normal
7.94680192753829,1033.5438711433258,41.067787109564634,1,injection
25.41929312766599,1017.1749691930253,59.04753392481287,0,normal
26.337761107533723,1008.6879296238412,56.2460438801581,0,normal
22.924613369126078,1008.6482216186679,70.65587213762656,0,normal
44.68136374939756,989.7637422697373,85.99767941090609,1,ddos
24.14101700492641,1011.5813638739513,53.288619029647606,0,normal
29.106574759362495,1011.4602094054598,45.05595824949164,0,normal
24.3185677196044,1017.5521445266605,57.72318945080413,0,normal
25.345966880762038,1010.3109143896297,61.666689735298,0,normal
24.776355850729797,1025.5132229294675,57.49287696338847,0,normal
24.062322439956947,1006.067539770345,68.74425720608124,0,normal
25.939454256856862,1010.5266516067194,58.38442927433658,0,normal
29.128902958232484,1024.4019375444898,64.94237344719237,0,normal
26.751744824188854,1002.2953829423147,59.02410997728232,0,normal
23.83734797551708,1010.641253572156,52.448429805457,0,normal
27.132727822316227,1014.632951819561,61.766246881378756,0,normal
25.288453287950922,1013.1616617050823,52.977009668220944,0,normal
42.71835006026814,988.1436608457611,85.78924043628841,1,ddos
22.509749047711402,1005.7714763488954,52.80151317368289,0,normal
26.063305023460444,1008.9634587351858,58.96737246078847,0,normal
34.73192196383715,997.2059799447117,69.06519396907488,1,backdoor
24.891751936970078,1013.3488433643334,59.20508560574525,0,normal
6.41948774930875,1032.0912535476616,33.532272095646334,1,injection
26.896319403697145,1012.7685172830396,63.373911948179206,0,normal
24.13553212966971,1007.6476662147088,57.96340831723552,0,normal
44.98778334409856,993.7706826284209,87.92767916295766,1,ddos
24.67968570058597,1015.9147346315474,61.343185605765925,0,normal
24.703538476190445,1017.181613471804,70.68253367192952,0,normal
24.661468289429486,1017.2570768908832,66.82306524101472,0,normal
27.507995198485624,1020.5211713590471,63.641745172857455,0,normal
23.40988920861698,1019.0451042032453,60.573987263998944,0,normal
21.901989485431592,1009.7779047936247,59.65428475430603,0,normal
26.333136941890565,1012.9725617496525,67.65681302187717,0,normal
47.46265064333394,993.5465710616987,83.12672971058551,1,ddos
24.85835363122116,1006.1720021702547,61.04772075257178,0,normal
7.085212228807193,1038.4498009439696,42.86264712038276,1,injection
25.734767311926223,1008.6425753535184,60.42021732153956,0,normal
22.54921840075439,1009.9663628357184,56.49828230998982,0,normal
24.94676245016666,1019.8167440774788,64.95426994484072,0,normal
28.29388263901449,1012.1919166519452,61.10302713891425,0,normal
48.24002075894579,990.1485086459147,83.65896557404223,1,ddos
25.15592214423442,1016.7648833644009,61.80371553163201,0,normal
26.062712876327474,1014.2168413625458,58.621645615845175,0,normal
24.146231221967973,1014.8734169158565,69.32316333801744,0,normal
20.808616589331155,1011.0612457102106,53.55276072904191,0,normal
21.45576829384007,1018.653843874953,61.2314543519857,0,normal
24.158266186025376,1014.9264036242398,63.6698571002822,0,normal
22.054092298639038,1009.0522170839299,62.19409603679432,0,normal
31.760855673817225,993.0077414456366,75.27033234776036,1,backdoor
44.45714391196697,992.5607614909194,82.36425867212789,1,ddos
24.283497173625253,1005.753833350881,65.59869023407279,0,normal
13.127534031579934,1028.2506583151842,28.71722231956689,1,injection
23.607406212457143,1015.5964693304015,68.82166669502924,0,normal
23.144537354059253,1016.4963457989506,60.559896532127304,0,normal
27.853787516886257,1007.6772297563178,47.86052359218573,0,normal
41.66953023363946,991.5892106075139,83.80820103757242,1,ddos
21.704651428536675,1007.4584106222827,66.43382259843594,0,normal
23.90205143373866,1003.1082905165164,59.07308808865909,0,normal
12.42543454315669,1024.4157136993745,27.77955026035157,1,injection
25.915072683042226,1010.1960283826679,58.29688056416127,0,normal
24.648196320052186,1014.4931022087111,55.420621508449535,0,normal
26.45858414549109,1005.2299211371866,52.79819493954752,0,normal
29.208350654528818,990.6910725012643,74.02973332874895,1,backdoor
21.917717537306725,1016.5081090312432,63.53945692926884,0,normal
26.913457061595796,1016.4110390061863,57.807120711310496,0,normal
25.825740141290122,1012.1318791057843,56.294560341910085,0,normal
26.477508351521486,1023.2182665499618,59.941650272406626,0,normal
38.87713901273353,991.6470283529868,78.95166944277028,1,backdoor
25.267088702137535,1012.2851122102758,63.9337152826991,0,normal
22.598878346955637,1020.4862458091654,57.49307528469559,0,normal
7.893482860810033,1029.2415151420423,44.078179319827825,1,injection
27.989482756158182,1011.8398957664918,55.25620577405307,0,normal
31.321635097923018,1001.1790767158304,74.35656698618033,1,backdoor
4.743668366249569,1024.4922128714002,35.94834145325919,1,injection
27.379141723192625,1013.3035662886189,49.895482673597925,0,normal
24.783125234983505,1014.6264217016915,72.0368429383784,0,normal
26.779910732421392,1014.995050975975,60.16453912099894,0,normal
26.888142600667173,1007.8470926593932,54.620470491468566,0,normal
23.806224604340347,1002.0034358048324,62.793762606660785,0,normal
21.965308088511094,1013.7020834569565,65.84706632644455,0,normal
24.26614663088418,1005.6327811601636,57.26687272615625,0,normal
24.69674231320606,1018.2080308736957,55.91089991648153,0,normal
2.4022468743905385,1029.6009349885264,34.54659523944325,1,injection
22.71148542680752,1007.7135159554343,69.70543148219815,0,normal
28.37359958026217,1015.1610656350088,65.41862367113535,0,normal
27.319170284014042,1016.3328373107289,64.27693381624768,0,normal
27.07704791254959,1015.3057472354179,62.23267397702627,0,normal
21.383521887941708,1013.6744430036706,48.319268851595396,0,normal
24.773079338109092,1009.9679482170791,68.01029977546906,0,normal
10.591000111123432,1031.7467007436542,41.127558713151046,1,injection
26.552840841516332,1011.384203559027,55.30069931714794,0,normal
23.738555081793812,1016.7560474979878,65.29655493383036,0,normal
25.96476937553997,1012.6227131245159,61.01106515851415,0,normal
22.028666216386497,1017.8696467163321,61.00211641911678,0,normal
27.47601948514731,1012.5645615173845,65.8123197121429,0,normal
25.751621552943238,1001.8281742092702,59.240890235783134,0,normal
45.93265922197307,990.4975400088786,80.83037625869423,1,ddos
27.433332202391647,1010.4904699259789,52.1739279400872,0,normal
28.67274335385591,1015.1338485552467,61.53057074275579,0,normal
26.007932327763225,1008.3086395861343,59.22703093475273,0,normal
27.49520503675502,1015.2467508583128,59.328441908625834,0,normal
25.526596042328336,1017.1803839278268,61.87728423529482,0,normal
26.50853001585012,1018.2918597876569,59.19959437059895,0,normal
23.132780554354152,1011.2079611517279,56.2235822818191,0,normal
25.623861218684134,1009.2852224794638,54.54769580399953,0,normal
23.65960705691347,1020.177887264373,58.30559256931811,0,normal
25.54841069284208,1013.9843660962249,60.72794904790785,0,normal
26.93442746671624,1020.3495318569744,65.0269755168872,0,normal
22.75816790169702,1012.2391276610589,67.50674527578627,0,normal
24.593233744014697,1018.600540307529,62.45455545254456,0,normal
24.855259238597288,1006.5872033714812,67.93146193182992,0,normal
28.291054752242196,1011.0647759511385,68.50472939782553,0,normal
27.96024025500674,1013.9567307311842,59.62978548626486,0,normal
11.37902456424204,1035.9305398976326,40.74450218378795,1,injection
26.4378208668318,1008.5667020173212,55.75134984928058,0,normal
26.47921387763543,1012.6408808049323,59.083215348550674,0,normal
24.257632670429054,1008.5458042512213,54.508689379271374,0,normal
23.14311001492094,1016.1037532662639,59.27441817634309,0,normal
25.0646806947694,1010.3241609881129,71.08722309012242,0,normal
28.54359957908563,1029.7864246615904,45.90718733715868,1,injection
12.36597960477889,1036.8007026042594,33.32118371273562,1,injection
26.691585824946074,1020.3939951880448,59.56948764034884,0,normal
28.053968118474373,1009.6111550756807,57.703486529178946,0,normal
37.3239686442347,1001.6593516246159,73.28730083117557,1,backdoor
28.158817770812767,1011.2280819155268,63.82930132808606,0,normal
47.7304865178818,991.5612705138491,85.49886265323292,1,ddos
5.968513764686084,1026.9293176515048,41.62519361681144,1,injection
25.232983719159616,1015.9266842179603,65.87290748927454,0,normal
24.74648281609949,1001.9068948012375,62.497592894324995,0,normal
25.99345165182187,1007.8970474483037,56.97797207569909,0,normal
28.51261158531842,1007.9382073972342,64.42523361648263,0,normal
37.562220325105024,997.3306786731254,74.63838731262857,1,backdoor
3.799013446150868,1027.4031485752994,43.54720809665885,1,injection
24.615962628631138,1014.0001693653513,59.7981695005079,0,normal
27.529947737079688,1010.4725419878081,63.52282533836779,0,normal
32.562015768042905,1004.2202090868095,78.28801272099072,1,backdoor
22.329504084870308,1006.7705762541755,65.12027506734434,0,normal
5.92409120852201,1027.3353472708293,43.77573747897643,1,injection
44.47153139478453,993.9673702452118,84.84417254910144,1,ddos
20.29213486886152,1011.9066808885086,73.37768001972951,0,normal
24.812321268732774,1016.4762423821022,59.75119553514826,0,normal
27.917578235062326,1012.7843036461776,58.810971596740885,0,normal
23.821213459090696,1010.4057989843259,57.16651195981207,0,normal
26.070469529000395,1013.6168203327013,71.89452714765892,0,normal
25.41376436270339,1017.0630439788666,61.3775542461771,0,normal
22.034579613974145,1004.0714180898407,50.82934772345188,0,normal
26.216282696315194,1003.382416138463,49.9347520811296,0,normal
26.627396390888574,1012.449025536387,62.28063642196152,0,normal
9.116773522675382,1028.1677232595757,37.37535517372904,1,injection
30.581495697602914,1007.7266504978817,60.34379553277959,0,normal
31.35489122675259,997.244268427837,71.69814440099503,1,backdoor
43.84361476821908,992.5564391202455,82.60497191000374,1,ddos
18.437693704914437,1039.219447705062,35.91613198111462,1,injection
22.836470659021245,1013.400878109371,49.730143148116866,0,normal
14.343236922003104,1040.5042525215301,40.64508597063108,1,injection
24.746792378304377,1008.9095116758186,56.62923070199498,0,normal
27.51594390645559,1014.5100086890116,57.32908880201856,0,normal
25.23915558893254,1018.6083329626165,56.915190221807144,0,normal
43.79008292595401,986.580301829962,84.4625906590907,1,ddos
17.766361807041125,1032.3401225652067,37.67104551368137,1,injection
26.12540538848607,1009.888686356736,54.359777743411094,0,normal
24.753192307882678,1014.2980023423105,62.68186555103803,0,normal
17.13757173344929,1023.5961305528635,42.837588803946865,1,injection
23.31019926731008,1010.8222297143308,61.870837049870225,0,normal
26.27749674345175,1005.1419958872074,54.34823841318267,0,normal
22.376770662869323,1016.4621913478427,59.320321613254286,0,normal
25.6272494190599,1015.2563428643663,55.63358625587589,0,normal
26.133793886820563,1006.4546097890773,66.87024578114946,0,normal
24.447886265757017,1016.2928741725251,63.51927084086465,0,normal
25.940402175038002,1015.7914657090382,62.030768132395174,0,normal
22.970604197047905,1011.0734539571525,59.60303466631658,0,normal
23.294718165052284,1008.785763917656,53.28113747513576,0,normal
26.929128619663505,1001.0250136292999,54.633886970096576,0,normal
27.362390405855308,1002.8093612676489,59.411565535905034,0,normal
25.60050967473813,1012.3527322038052,62.023878853963616,0,normal
24.401598091233495,1005.7398833888788,72.80926645099464,0,normal
26.08268425407747,1022.5703678159337,63.69327871701063,0,normal
22.312808362915774,1018.3662306508468,55.11815869973016,0,normal
24.868970256664397,1014.9947762585484,62.44385348559581,0,normal
25.937133631521988,1019.3255446979675,59.93810671159147,0,normal
8.344703899888978,1022.4704805239319,41.999640772858385,1,injection
25.753648393303855,1010.3405064749142,62.17122699235901,0,normal
25.624006321088594,1008.1915521729466,59.146900610452114,0,normal
27.20698197909571,1012.0562919305924,65.52912431854809,0,normal
25.42312999695174,1012.170655483466,58.419860662980305,0,normal
29.050942163584473,1017.6987139493525,59.46809509036822,0,normal
25.411269799774146,1014.467600885127,69.054803040843,0,normal
14.019634655957734,1030.4610704281035,36.931431009150934,1,injection
23.256649051161084,1010.5631548504738,53.145549148373014,0,normal
23.446439083901662,1017.8542343627864,63.076869127794595,0,normal
22.31342111487066,1007.6201849288854,60.54216963604475,0,normal
20.152540151981675,1009.0836677806362,59.58998641514791,0,normal
23.751459165153793,1004.3198530319646,66.43739552612465,0,normal
23.171582557480406,1012.0857231679215,50.6333693579153,0,normal
26.94436830589061,1009.8776592387361,51.138983827073154,0,normal
26.030788220065222,1003.3903624562485,61.390001818847225,0,normal
8.243399712195119,1025.6651092582676,40.0540114963836,1,injection
25.249896968710736,1009.9936569762391,51.33079279210902,0,normal
24.825071925792255,1012.247816682287,49.41225661175025,0,normal
24.138217476197745,1020.0282687257019,63.54180845654088,0,normal
23.232302269174582,1017.9559270394034,55.914029522292715,0,normal
23.795499186644765,1016.1256161547266,62.900906944202106,0,normal
23.518508396473237,1013.8554633865272,67.59981064646195,0,normal
23.91742399048846,1012.2964516201979,59.814909096698095,0,normal
25.416725810563257,1006.4173142750321,60.722315706142666,0,normal
24.948761932381053,1014.5131677001558,65.96014484203761,0,normal
22.87121778175934,1013.9208320201485,60.433550022636375,0,normal
25.40893411542895,1019.5228406989435,54.21282927308338,0,normal
22.633994170186753,1014.6179174354453,53.668644232936174,0,normal
25.709451066031782,1007.094183541956,66.86259766408307,0,normal
23.937535525469798,1011.1996648688963,53.0521082900213,0,normal
27.974819455312936,1017.028267211898,63.697439672821,0,normal
23.426520983603645,1010.1815644844384,59.96857478963192,0,normal
26.561320616588716,1004.0678654271735,57.27642561754891,0,normal
23.259378645120314,1021.6126635645468,66.52793036887255,0,normal
22.503457774707634,1010.2882424401952,48.37839578296434,0,normal
43.90302432036464,986.5199468023376,82.59289819892963,1,ddos
26.820081855472615,1010.6653415835145,53.578982010006456,0,normal
22.80980186848513,1011.5362644765034,64.01177941075855,0,normal
37.58228399111669,996.7834932480971,74.11009620460287,1,backdoor
24.11248624735284,1008.6847899585649,53.22257158408097,0,normal
25.841337466219205,1013.2312064650777,58.576839139780525,0,normal
38.51095321249281,1006.0340811913593,67.89387524920156,1,backdoor
27.353477346562265,1001.9589302909085,67.14463644163182,0,normal
27.17009689289979,1024.9754153233177,55.69633215906459,0,normal
18.0849004322975,1034.2711453200327,37.066100165638,1,injection
23.91776702899492,1023.548166313744,59.798089067295095,0,normal
21.719825639450555,1016.6235876477662,60.818697703964375,0,normal
24.901596177103897,1024.568790213064,64.22020384671184,0,normal
25.921881105507588,1017.2827327899308,65.65546488979504,0,normal
24.503524930713038,1007.3248585023416,55.879200599201695,0,normal
23.74984918872492,1010.3565976657304,55.2473593571022,0,normal
25.42435634727635,1015.5530730489546,62.01147368020813,0,normal
27.102760122641687,1021.4016272978471,61.47766688053655,0,normal
21.46402533539231,1016.6728692955319,61.24442404427319,0,normal
27.19404833138683,1002.9401352583053,66.10805189533858,0,normal
24.803735400115166,1005.1833657429063,62.26310277864536,0,normal
37.607682221040164,996.5495451701405,72.8870374584561,1,backdoor
20.01674577589449,1004.7946405257685,62.15615555314717,0,normal
24.485062368248425,1000.7219919269254,56.496412496393184,0,normal
24.57310440598843,1018.5968335982067,56.320790024364875,0,normal
23.365145688511888,1010.8439513598578,66.09308354284471,0,normal
26.574619407352067,1010.6134019813151,64.97743476768744,0,normal
25.142652377109183,1020.3327718671168,52.57902367059794,0,normal
27.234832383639368,1013.0184370055707,72.71349307310119,0,normal
23.50558041972003,1010.4538818226835,66.63211242470719,0,normal
26.15064155704513,1011.4136999205881,56.63678750014339,0,normal
25.89850389663221,1009.90008373241,60.66090871061204,0,normal
32.96330656680198,998.2140982927508,75.05755424283527,1,backdoor
25.22262522639679,1010.3455920916505,62.49702590550698,0,normal
44.371965632586694,991.5501301654713,82.70612002419513,1,ddos
23.46319073223256,1010.5598663425718,63.10201413274455,0,normal
25.127372368919104,1021.5993833351554,58.312972270999666,0,normal
23.68392480185986,1012.2096949916184,55.72720751999197,0,normal
22.64664914063336,1004.9297132318236,67.41107610778985,0,normal
25.209526942570342,1012.8793008489675,64.86978969793051,0,normal
24.582149308481547,1019.6099432700377,60.8363319485326,0,normal
27.503831139197274,1013.7447314069444,61.48949463544283,0,normal
38.94565424481803,995.2119965388422,78.26491420432107,1,backdoor
7.425353771408745,1029.94748689976,40.59257234516386,1,injection
25.788956890930603,1008.552644350424,59.828655538551786,0,normal
28.544493383762443,1007.71767053994,54.29316875822768,0,normal
41.39652831377919,989.7858765741219,83.96966670997352,1,ddos
28.014203245322694,1016.3477647673942,61.617210485599195,0,normal
27.678191686958165,1013.9099768038926,60.71219478091712,0,normal
25.40328785882409,1019.5754173397237,57.870765683446876,0,normal
43.53585195031498,989.7910983880636,82.28062323978762,1,ddos
24.122412984127806,1009.9694788265408,54.2884305486537,0,normal
28.63542146661954,1011.7869199312212,65.2162888553008,0,normal
25.07210552070948,1012.1835118643737,62.47004887119563,0,normal
23.581851961346526,1013.0316462839725,65.3125034063214,0,normal
27.179107980692333,1009.4660292095322,60.367083090540646,0,normal
15.468017938501184,1035.625914114585,38.11302750335945,1,injection
22.46652557353157,1018.0530599509686,54.49205996317912,0,normal
28.444792475592223,1019.5053622694275,56.92285674821696,0,normal
23.164787630634013,1014.1931271310568,50.77414110236238,0,normal
25.809371230709377,1009.608758012974,50.04162574187971,0,normal
25.499599810133912,1015.2106647401663,53.73736240877033,0,normal
19.37612741181107,1004.3486423967432,57.35453810637035,0,normal
14.009267948636774,1033.3891108897305,37.59241278737681,1,injection
26.02966417612063,1020.8979170416919,59.57260626367324,0,normal
24.10502006984837,1016.2859639181349,47.655804112103816,0,normal
26.514101748668185,1011.9797666081429,53.68506782156766,0,normal
23.965583625633027,1013.2793924448913,60.90631334765732,0,normal
45.94251427360927,989.0204683090285,86.56601707025719,1,ddos
22.69397133283845,1007.8146614059414,62.34875193450676,0,normal
24.386051100085993,1009.4049807540125,52.001486155261446,0,normal
26.51323062354627,1019.0452839173265,61.874172907617194,0,normal
36.71808520619152,1001.5704924170627,84.91572663818305,1,backdoor
4.7721221234470015,1026.229171680242,39.297427263492196,1,injection
13.469331051108268,1025.1216731946142,34.40124870480935,1,injection
36.12776382063024,1000.8872738275131,76.03908106585716,1,backdoor
27.29350888123164,1015.7963907092735,57.02731542180105,0,normal
21.824170099511438,1017.5614721882467,64.11373010467567,0,normal
24.790109011382945,1017.2915888888856,56.00323481212524,0,normal
26.314457043378084,1018.3713907755618,56.17269805731003,0,normal
44.416715572168044,989.9649976905372,87.25213229883181,1,ddos
25.946425762028678,1015.7137857560907,58.07456580525748,0,normal
26.50821937981695,1016.0932392688608,69.28859276638839,0,normal
26.47226280612229,1019.3188351968139,51.68944081900668,0,normal
26.75968043377975,1014.7319032389001,60.30548032838137,0,normal
24.031006661935074,1014.9579794820557,63.04501167985446,0,normal
25.83123113000942,1002.7961489123678,68.21062085039556,0,normal
23.339829066622315,1015.4931369229158,48.579480046477556,0,normal
27.128878185175484,1015.8808343254573,66.35018006710798,0,normal
27.990119610679233,1019.5677561215357,63.57652704595407,0,normal
24.880521617689947,1010.7218227301288,59.163026650242124,0,normal
24.348339259293084,1013.1099053600321,56.92752401126513,0,normal
26.63936430161479,1015.0197525192791,59.89870796899462,0,normal
35.53320891400975,996.2343277797346,79.1128360488736,1,backdoor
5.569576744293718,1024.9584869877867,39.98426566448368,1,injection
44.272484944244106,989.9402972637686,86.5987028568749,1,ddos
45.37071388165916,988.2666769563821,83.33462829503513,1,ddos
29.635211190831196,1018.7908343433767,48.85703298164598,0,normal
23.97944554842861,1015.7810229392205,55.31999007732479,0,normal
24.69245969508197,1016.2552260473552,62.825740390576435,0,normal
24.501983523053546,1019.8978729184903,60.03094561769565,0,normal
24.817215875549806,1010.8992296681007,62.23103111094807,0,normal
23.444137092525942,1011.6472305909352,55.04407224627714,0,normal
34.270800371221945,1000.4552531374563,82.33594939102015,1,backdoor
46.782968490027606,991.246963657239,86.46161622464416,1,ddos
26.017180570848513,1028.1150891027135,58.961920783469324,0,normal
27.58719241264883,1016.5313390711908,65.57019217772785,0,normal
27.45121800023357,1014.7289579938479,66.73630705850444,0,normal
7.543090912431567,1018.9551472949825,43.871401856250614,1,injection
26.168040321232766,1014.2885516993576,57.548957815137676,0,normal
25.445446660666164,1008.9321703553777,56.433200826820375,0,normal
25.43550073411392,1016.0833539073072,62.66117399421516,0,normal
26.152276951701896,1006.7980519870734,57.32990576994883,0,normal
19.53353336395421,1021.1014019156687,59.48024304005303,0,normal
24.696567905521203,1007.4443957043237,48.26184060516726,0,normal
25.39409186754597,1005.3275651709896,59.91057808136336,0,normal
23.447471429779345,1014.489021990492,62.58993691202484,0,normal
24.96994627233678,1015.0108400235332,60.97142000194086,0,normal
23.934003308434537,1011.1269504562605,55.53266802707846,0,normal
25.330017944543524,1013.0647880470826,52.7859131908346,0,normal
21.77230699232093,1011.3384657910025,63.052174361174465,0,normal
22.43190736055004,1023.7554437997688,59.176870915068974,0,normal
24.14945520705494,1018.4222076331807,66.3246477253514,0,normal
27.17612447188918,1009.883568715451,62.43248239002262,0,normal
25.387322636618986,1005.0653474848815,59.66468699288441,0,normal
22.86471219448453,1010.7050015696669,63.0072229766294,0,normal
27.181552114718112,1010.867082951411,59.710982793928665,0,normal
25.05290914135674,1018.3588735829876,57.62845226112408,0,normal
5.327652676332739,1028.1193501368152,37.695949951877715,1,injection
48.503234013678075,989.4463408690455,84.24304587404896,1,ddos
22.567754718353278,1012.2370162015445,62.15824848209438,0,normal
26.39860686963311,1017.8608307905879,67.1483295935897,0,normal
27.073093677476813,1008.7804224977481,70.00261570365049,0,normal
21.66239557136279,1011.5907985838293,54.778006141175716,0,normal
28.02353829939715,1014.4649605904257,62.780063439400735,0,normal
28.301790776911783,1015.6043110427942,58.3439906515132,0,normal
22.13525817244783,1002.891895925822,59.608588293431126,0,normal
26.47348455885415,1019.0209853972584,68.30161783182767,0,normal
26.800019603169723,1012.6213838978904,57.18287952474216,0,normal
25.842986102871755,1024.4324388835423,58.0629722211185,0,normal
27.583365567593816,1010.3751339873537,59.64095733097338,0,normal
24.843186196595536,1016.042780911255,57.681413539480815,0,normal
22.766310477260298,1005.4066049284864,67.71224753829196,0,normal
25.493919046237778,1009.9251581261209,54.722797605136975,0,normal
27.5728212172302,1012.6794576404335,64.87676614698576,0,normal
24.425946238262323,1016.2816173961113,49.838759178135476,0,normal
21.542851329687903,1012.6946124879768,57.85798533267427,0,normal
21.6798844163787,1020.7967275879397,58.89505457100265,0,normal
29.617861673599926,1016.7148371796542,63.982662375045464,0,normal
46.31273774939415,993.6415483385862,86.1995933282249,1,ddos
27.025261771469005,1013.4789518325288,64.24529669145544,0,normal
27.24018219048249,1015.801162668021,60.933681228257626,0,normal
25.47291194882079,1010.4144478695686,61.66759359103045,0,normal
25.322280739993936,1009.3334782414078,61.11746851896653,0,normal
25.195066703206493,1022.8833161977336,61.465922038988204,0,normal
12.954862971722367,1038.6524096628445,41.93247308252657,1,injection
23.859707305647742,1021.5138514478016,57.287612704391954,0,normal
48.1149495742402,990.0037329189802,85.3560363702977,1,ddos
24.822416709428406,1010.0275399533045,58.02336996785044,0,normal
22.440706962884434,1004.583102155719,59.80020751672334,0,normal
38.943813312800295,1003.2017920050755,72.97275355028708,1,backdoor
26.25017658741542,1011.8471743807296,58.39505779070399,0,normal
26.27928107937515,1015.8589305326364,55.723595947644476,0,normal
37.40085344246885,1002.9679539395455,70.03986033454827,1,backdoor
41.67458888224655,1004.2165981633273,74.95339107048423,1,backdoor
4.466807781620247,1026.1517890956,36.90305629902012,1,injection
26.259035576664388,1017.8174526931809,54.35324394666511,0,normal
21.47882699539823,1019.3533391919017,55.1317623326127,0,normal
27.031261692283113,1010.8997866485678,55.43649757621196,0,normal
23.233540251920132,1015.141852724109,59.38432799489913,0,normal
33.71516825216676,997.631733127929,74.26183812706014,1,backdoor
46.07250354022453,989.1804959372555,83.73688267418649,1,ddos
21.596046103609957,1015.6049606339362,62.70189403916669,0,normal
37.48390866563337,997.33712390672,72.60225373684709,1,backdoor
25.59193724412345,1015.448977841902,61.162386604133985,0,normal
28.346511095674504,1012.4179173157538,60.66374840611511,0,normal
21.447481836796705,1013.9329555183912,60.05447979437951,0,normal
24.854236472875314,1015.1691721252366,55.12710945151488,0,normal
21.988233776984842,1019.6039251801673,68.34950646458094,0,normal
24.83144506224072,1017.0985586750008,63.05617066359943,0,normal
21.690493874197365,1013.4055518117779,60.33546296763981,0,normal
23.614726274718887,1010.650478374138,57.92792547307708,0,normal
22.22649369311352,1007.9848161015358,70.05866386488483,0,normal
23.61974978670895,1028.618875446936,45.84267044511951,1,injection
26.865905854477866,1006.9301810062964,58.63798314498385,0,normal
25.27773983063956,1014.0556989757473,64.22212411939971,0,normal
25.245714259019643,1013.0459736398765,58.855915282836804,0,normal
24.662521304774735,1016.0818406388753,55.90684561669603,0,normal
25.586453929163877,1011.5037875653683,57.08350179801138,0,normal
24.59047185334914,1008.5160507010473,69.0830507874742,0,normal
25.880140026598596,1021.7295458441987,60.98493102825629,0,normal
20.828236007955176,1004.7650010477743,61.24110930215399,0,normal
26.582949459820266,1016.5516009797419,59.71590056802339,0,normal
26.7189179069847,1000.5663518628829,63.08842658108621,0,normal
25.818507284125992,1007.9764751495942,53.90234895638256,0,normal
24.387767643769987,1012.3308472809847,58.413570698452546,0,normal
22.673243928817474,1013.379244704871,66.10182309842,0,normal
46.865223068420846,990.4814075896414,86.57559769281865,1,ddos
27.217066234964577,1017.5461359256763,56.28567703135724,0,normal
24.340219436014173,1022.4335691098255,68.12316929953914,0,normal
26.782472849788434,1014.2743090617419,55.95555584618093,0,normal
25.392791506404677,1021.5615125855713,67.53700121437758,0,normal
21.606929677335412,1005.7408717177149,46.95321730143516,0,normal
25.936227949611112,1021.8016327508768,56.915609725588,0,normal
23.88003996450941,1009.5320238176826,60.63945627868507,0,normal
39.10385870916487,1002.3271293603002,78.88403480789712,1,backdoor
23.319702637859937,1000.4746893122779,62.82636888033918,0,normal
45.32244188249501,990.0275822897263,84.64496910118412,1,ddos
34.72631900459585,999.6596193408254,69.50796997392604,1,backdoor
32.532151930887,997.970653042513,79.25094327937072,1,backdoor
17.244042216473648,1025.9624178045824,36.88025431942747,1,injection
23.605148977704836,1017.5056826709329,61.763658804064654,0,normal
25.470282470192807,1016.6500692183893,60.11421298791429,0,normal
26.21130264611467,1012.6335557244655,68.58300562187323,0,normal
26.390111339406502,1008.2464348826437,57.05726258969939,0,normal
25.70726833433065,1009.8552115757636,56.61820281251113,0,normal
26.177463184179707,1005.1549782051615,67.52307806669984,0,normal
26.90020067899484,1015.4354140398123,61.022413536396414,0,normal
11.57718237173274,1033.4213031355432,37.325390302474204,1,injection
21.98447231057451,1014.8931037441987,53.19446752527815,0,normal
23.356825682457977,1017.1654568818658,57.129260676898056,0,normal
34.74922717108809,995.9900388425913,78.59945189716055,1,backdoor
44.45258972123731,991.0881121909301,81.51175410506829,1,ddos
26.1184387474243,1015.7118404573309,58.299925458749684,0,normal
23.87606348971561,1009.80224520089,67.02224836263457,0,normal
25.9288395087743,1007.440873763889,62.45508791356373,0,normal
23.73543219539114,1020.419809321546,63.23417528856604,0,normal
25.17751237970022,1016.6723004290981,63.1551374870545,0,normal
27.67628429118979,1012.9400857073153,60.589875562089155,0,normal
23.864194937776197,1020.4873849599725,55.1671555666575,0,normal
28.285528767287314,1010.5869299058683,63.76753858550578,0,normal
26.8406890920511,1015.6516432456842,57.81097096191187,0,normal
26.771051071200592,1009.8627558829476,75.32104623577479,0,normal
22.367136972485724,1016.3063533035365,61.62653788874632,0,normal
28.950797312178924,1013.7656551938161,66.68864233274284,0,normal
24.25686551020892,1013.0503548789305,69.55427941157642,0,normal
19.7577756239432,1019.5670820422189,65.43487957239793,0,normal
26.627978997648533,1013.0253427158749,63.95968020843701,0,normal
23.12630056912234,1005.4186269903578,63.75317002366537,0,normal
22.716707977366635,1013.8602107928745,62.99188315782608,0,normal
36.048166264155945,998.5219314278678,75.14860559298084,1,backdoor
24.87042048745455,1015.6077329797299,61.56679788342324,0,normal
24.6234647238281,1022.171031848639,58.73405821610938,0,normal
26.167442315958393,1010.6266879109238,51.99796123446333,0,normal
27.351675652233084,1016.4368707646115,60.56689524828197,0,normal
26.159913183013995,1016.3934257831419,64.88364440903617,0,normal
25.588375602382456,1015.482532192173,65.14098580446702,0,normal
29.05707959114575,1008.2952782541475,59.97488864141996,0,normal
23.41603988472846,1013.1378899603404,60.303949413645924,0,normal
27.115680393099684,1019.1767144955835,64.54916878310101,0,normal
24.678029354647855,1009.7702250027563,58.61674312928501,0,normal
27.812808226411157,1016.219573482719,67.62173543056986,0,normal
37.848447541368294,999.1702492379593,74.22952017077593,1,backdoor
22.70914756168265,1020.8789446469946,60.10621290004509,0,normal
28.570798423895564,1004.8070885654092,62.26855381149085,0,normal
24.154294225210613,1022.2629748506132,66.61027876757709,0,normal
25.00286323768752,1013.6244071235835,61.825638484441896,0,normal
27.0883499155793,1014.3252633829396,54.26874281066381,0,normal
26.230014038947235,1012.7309305201918,66.26921675190886,0,normal
28.412563418874516,1011.1649906358748,66.17144285133188,0,normal
35.85010872307486,995.3809893022678,77.85906695759753,1,backdoor
21.858191770645817,1018.191649668173,57.26925717172048,0,normal
26.326752314797886,1021.8837880646222,53.6546256139557,0,normal
21.551742640516995,1013.1040417528634,56.50145980649469,0,normal
24.18169082339637,1010.1265326446251,57.353683718027824,0,normal
16.863693892390895,1038.0117573213547,44.45598940755481,1,injection
26.8985862152069,1013.3701147715987,51.395309951383496,0,normal
22.000656685564316,1019.5972421495885,62.603454169052334,0,normal
36.285475962460005,999.807009941143,72.33282565530038,1,backdoor
26.85418720289865,1020.0853472634491,56.30381434550833,0,normal
30.828832164372404,997.0140214393296,76.54947111187079,1,backdoor
26.125772326175575,1011.600887195733,65.15854845615192,0,normal
24.200951841089143,1023.9296187247386,57.832712404906445,0,normal
26.684033545854973,1022.7397868722392,64.50938502674076,0,normal
19.06796494059378,1019.9698394830436,66.64260453951064,0,normal
26.752160744269943,1005.5165176749873,71.10825625094223,0,normal
0.3780907626402481,1022.2904780474518,41.040200417921774,1,injection
25.916443450810814,999.270888670773,57.837155668474004,0,normal
22.663619380465757,1005.884578517547,55.87925013706687,0,normal
27.542865550255307,1015.2118405318718,59.30647126791034,0,normal
27.209357930950627,1011.4025602620671,61.93110560029453,0,normal
24.986266483166926,1012.8766644194675,65.66291316102414,0,normal
26.95864611502396,1023.1378798691247,70.01206513138207,0,normal
18.765920997052596,1016.8650338570046,56.85853401457763,0,normal
25.51456898138281,1019.1263718211962,63.59508878590651,0,normal
24.897473481051833,1013.5642419199033,57.449131551237826,0,normal
23.877174256611134,1020.5594687995243,68.25020859587292,0,normal
23.35469904544999,1014.4097691795118,64.11442916976559,0,normal
25.224451442204927,1022.2887036017388,56.9024010142579,0,normal
23.24194951321819,1007.2012284631836,62.571085072373286,0,normal
26.648180707779016,1015.751652519862,57.59879312660543,0,normal
43.27316242813211,989.0428497331884,89.52968470564807,1,ddos
6.533681681051348,1018.9046874052426,31.257493416220377,1,injection
43.19200276334224,989.143386623566,84.98802755941635,1,ddos
31.5634812065424,1003.6729828357835,61.49093438878562,1,backdoor
23.783168031628875,1006.7963222316166,63.849826319790616,0,normal
24.54745337648583,1013.4964551104127,55.590555983697406,0,normal
28.3148073912208,1006.6208402043823,66.51826710641545,0,normal
21.44747348175966,1025.1921763264643,57.16729348449674,0,normal
47.02443000043915,990.1674516337133,84.23216920393382,1,ddos
23.751216455050088,1010.7452734086004,60.14134015447965,0,normal
24.714052358405382,1003.6380718308606,65.47012551826504,0,normal
14.371051580657465,1021.9065709981064,42.44400447324512,1,injection
24.525982234315137,1011.7212266973186,65.99727286396389,0,normal
24.8393949536924,1009.7888523360824,63.20481940402188,0,normal
22.13632821918108,1003.2706777375782,48.95421647082291,0,normal
24.27784877267473,1012.2530774030158,57.21026709681188,0,normal
21.336902047517835,1021.0928379476297,63.13051141336069,0,normal
25.78631241196915,1010.7526594899856,55.20717904510534,0,normal
0.08295329889937086,1032.2690674984397,45.32657323086035,1,injection
18.413397427453475,1038.7618204364571,31.12333351854345,1,injection
25.292415777282535,1010.8499641609106,65.3164596099642,0,normal
45.505816618839,991.9226089584776,88.29038165575588,1,ddos
21.624508614537493,1010.5626714548312,74.45682309086394,0,normal
25.09893301356415,1020.3336112177601,57.71707618122024,0,normal
23.41070933536839,1016.5037542264251,57.51602001821697,0,normal
46.77233316791592,989.5554755632445,87.85696983183095,1,ddos
25.496349118953063,1005.307913726436,58.320718239279074,0,normal
26.694080854831913,1010.5004130363054,54.845069943344534,0,normal
28.25676486883979,1017.5135061279335,63.34675505776601,0,normal
36.96229707958631,1000.3330032918553,74.89919092925797,1,backdoor
25.447025800737563,1011.9414962305,64.59923013047637,0,normal
44.65007170855838,992.5488773506748,88.23865139879652,1,ddos
24.330133390949715,1015.331097260045,57.85617832143145,0,normal
22.156510166298524,1010.591528585593,51.83339129726087,0,normal
23.887302007755878,1014.2775730711176,54.21489965405239,0,normal
26.102826775074714,1016.7360681419989,67.44648329737673,0,normal
26.511741498062896,1005.8623025283405,62.291444560407115,0,normal
28.43170258784841,1019.1126897673889,53.98633447166765,0,normal
26.811864527415118,1012.6448269194279,57.07829625987204,0,normal
26.302372910689037,1013.5494900282506,63.232382727165955,0,normal
29.52253075344456,1017.7033108923706,58.66397728099299,0,normal
25.79010909354397,1011.4451211323358,65.22582172052162,0,normal
26.536952149085806,1022.4651750732037,62.99742954934545,0,normal
25.05349611182652,1010.0893342735376,62.51490454591218,0,normal
25.48468960236731,1021.4608762206406,58.69681485541442,0,normal
25.435073538269414,1013.9777927574498,68.49707979327297,0,normal
26.63652024254064,1007.880464082094,57.67385742640027,0,normal
25.031667917032188,1014.6347369873873,65.73610983972733,0,normal
44.53656506541055,990.160207428049,85.97196873201135,1,ddos
24.459132802264147,1012.5549508328404,57.51661702189467,0,normal
26.245217332017987,1013.0125999885074,58.19800436916653,0,normal
25.169829514064592,1006.4588376016912,59.829263999786654,0,normal
26.647943420531625,1016.8025564379377,72.78455690752914,0,normal
25.045932529163757,1019.8042924452998,63.25070443451193,0,normal
23.21133673384073,1018.435298061953,54.923070958174165,0,normal
20.850317242594876,1019.4452921913972,67.10842930265949,0,normal
24.922920768207995,1013.53193350658,53.08285068119188,0,normal
24.319897719770445,1011.2173750206946,63.825871609899984,0,normal
26.218301453077643,1009.352206474694,52.27364658749142,0,normal
27.905145059458107,1010.3109417409668,56.51551688787423,0,normal
24.964602947839268,1014.8239140874301,63.17625464642962,0,normal
28.325300492132968,1006.0642566045202,55.68051479358989,0,normal
24.4286881430145,1011.9441550371961,67.83999923148473,0,normal
26.7143777262702,1008.76915190562,54.92753203528726,0,normal
24.071142520374064,1003.8000131674424,82.93508131017762,1,backdoor
23.637096174771212,1014.9289874249953,63.50869657194659,0,normal
25.808851847402543,1009.7324239079949,59.299126613436236,0,normal
44.32997910298726,991.3819571172534,83.0055478961894,1,ddos
25.558343610483572,1016.4331232910969,56.706423277976015,0,normal
25.78447075155669,1009.4425367111095,55.89488979783816,0,normal
26.689362438507334,1013.2317242173713,59.44156906325901,0,normal
25.261762626468897,1020.1981205706492,62.138300538422314,0,normal
26.64522547338548,1006.483721103875,59.34904611307022,0,normal
25.34554085667286,1014.4382316201805,60.60544173891092,0,normal
25.2106788523827,1010.1495581994035,61.81248615912632,0,normal
21.449851578111716,1016.2131096076645,55.04030956504968,0,normal
17.82339097202993,1025.951327749943,45.05927386749448,1,injection
18.918867343059397,1015.2922911641058,65.17588722937597,0,normal
45.27536365697847,992.8328724708318,87.79706178270895,1,ddos
24.00837393679869,1014.4564217305352,62.48123723823883,0,normal
23.07908937411893,1012.6064861426968,63.04466938568014,0,normal
-0.6513499425782001,1027.8930368623971,44.128718174620275,1,injection
44.87073178168664,989.880535463206,86.30984764545775,1,ddos
23.841839535911767,1009.2627967239058,69.4431045303913,0,normal
25.201035670956696,1004.7993647813503,63.8281611695496,0,normal
22.444979610586945,1011.5077931786391,58.74746675201903,0,normal
24.039911241088223,1013.7285690325582,62.05467209106615,0,normal
22.5801853624491,1018.5924062484894,57.0443571145766,0,normal
22.189204566518825,1012.5397042525728,56.72381248037982,0,normal
26.62392704452784,1014.443922962662,53.24540017846384,0,normal
24.207567865378742,1011.7119966518711,72.33172044544894,0,normal
46.00368974419076,985.8738392843632,84.2036424387229,1,ddos
22.189808230224756,1011.4178257419347,63.21282637145114,0,normal
26.631078629034903,1009.211164106462,56.08884649150002,0,normal
9.21722691442296,1031.1392556814142,39.78967615116611,1,injection
10.799917068525138,1030.2078670168657,38.68979423761456,1,injection
25.033668773729726,1008.529099363858,54.21336071114207,0,normal
24.928894039025707,1018.4716998937286,66.25912647289238,0,normal
25.94897121320383,1011.4034131382814,61.81709577772851,0,normal
25.85781530142233,1006.2613712987747,60.0610961304128,0,normal
25.79275870286947,1015.7257140385555,53.6717111514088,0,normal
27.84643134948396,1015.4755930528016,63.080053875591126,0,normal
34.81313866698458,999.0514906720018,79.03929381382116,1,backdoor
48.80723021812363,992.0975877254696,83.76930816644163,1,ddos
46.14598934561487,989.8475710756248,86.47875871614052,1,ddos
45.50094108271121,992.145847441216,86.20267873992692,1,ddos
23.608367363299028,1004.1969338551037,54.137243586912,0,normal
41.85350177788811,991.1834662304971,84.08801301489031,1,ddos
26.127885962217533,1019.6089710292098,61.09450131818483,0,normal
26.27712540096309,1014.5239491025192,60.07922446846232,0,normal
24.505286473212994,1009.1165974388905,60.07786180585572,0,normal
24.594484985551055,1004.8396521866275,56.99573159854812,0,normal
20.901313591270217,1017.3745413327196,52.570966397021486,0,normal
23.305198639568975,1012.1903416734291,57.426728041151485,0,normal
25.166908742811465,1010.717875715155,57.96938893464974,0,normal
26.32175080964671,1009.4117746980089,60.43425702274807,0,normal
25.681550965260314,1012.0868670308762,63.14101039513742,0,normal
24.659245534059323,1003.8488812080788,59.297913351502444,0,normal
25.833981507231197,1011.3359330226165,58.81896416319934,0,normal
25.820223982563665,1015.0104329913834,63.90096687418503,0,normal
24.323940922110648,1016.3074156436168,56.7491740352336,0,normal
28.098479769594377,1007.9756252329109,55.714062423382344,0,normal
25.171220338367753,1006.2818065668282,64.7319755165646,0,normal
23.312809466966154,1010.2705264959322,60.123268614818535,0,normal
22.65913818258176,1013.0014857369194,55.653957256020675,0,normal
28.150836159431027,1008.8795183517091,55.921931443876645,0,normal
44.203261319964504,992.0071264118044,85.8629479564207,1,ddos
23.344618671730807,1004.9545531568622,58.32371569924896,0,normal
25.339289702040933,1019.5186868768484,61.11051358204343,0,normal
24.888887719181053,1012.6784502072272,53.97145570571078,0,normal
24.13560996686173,1021.4505537256315,66.75910883500264,0,normal
26.126904074715,1011.5504232774618,61.91833701091314,0,normal
16.11258799619811,1031.9297980022718,31.29145186698096,1,injection
25.089898185967645,1019.7078776706492,61.360892187512384,0,normal
27.15943419571998,1015.9437572991912,64.26776158656335,0,normal
22.779980098747018,1020.2901252835885,57.94789888786299,0,normal
24.389408364792494,1011.9542127451534,59.27869686272712,0,normal
37.00174618167665,997.637593894718,78.30633763903906,1,backdoor
25.36807471465031,1013.7726403816915,54.992096327871536,0,normal
27.028608990997164,1013.6210301770197,66.2456359273073,0,normal
26.738772458980886,1014.990629272365,59.007833473185876,0,normal
23.501951104020296,1016.1261737848214,58.81013835164188,0,normal
27.335021416980563,1013.449019845985,52.152272803814405,0,normal
24.49698001820846,1009.2764603778521,59.819165171705926,0,normal
25.77997955575924,1009.1538755872572,62.64646467097107,0,normal
24.403731507141913,1009.055507236351,59.85183607751969,0,normal
26.720908288836583,1007.2069989464566,54.86864944497084,0,normal
45.38730473109913,986.5572848453235,86.15348170763275,1,ddos
24.80481949557518,1022.1572452496218,64.97532748061667,0,normal
24.684406055711662,1013.8848116299828,69.6029246360184,0,normal
39.48707581724932,1001.9039966556433,82.75226422142485,1,backdoor
25.48967035427428,1006.5373483865023,56.3256085801187,0,normal
28.931279830653594,1013.9864502983653,66.43771169501412,0,normal
27.229385431162562,1014.8763744023898,63.66343997343496,0,normal
21.97448171159243,1012.4778018201266,60.45986469534069,0,normal
27.17535536215057,1016.6337834330852,52.63200976382618,0,normal
25.726075754605777,1019.936925953579,58.356368434401624,0,normal
25.560980250339277,1015.2453629307848,61.57817543370267,0,normal
24.618099286808963,1009.8954855493173,61.067636396292734,0,normal
23.83316650542819,1011.7259447444144,64.16535244857641,0,normal
26.092823044933002,1014.1400305277616,56.21477218701647,0,normal
26.394311426072196,1010.8516112642965,68.1294970097603,0,normal
25.870276836780274,1014.1018059100459,52.85279448184917,0,normal
26.295598141912034,1015.7672149229614,60.04957429309738,0,normal
22.030655814201467,1012.1490231783199,54.125185880275396,0,normal
21.927414255182633,1004.9467623951771,52.27042525218552,0,normal
26.1477082293913,1018.7750643947252,63.434391754856094,0,normal
23.75503541732725,1014.6220960058848,62.16296762107683,0,normal
26.390078371228775,1017.8433348194018,64.15231084033816,0,normal
22.972496434937874,1019.0948170292961,55.76140469492146,0,normal
26.677915423639107,1012.8872889783931,59.2367263089477,0,normal
26.71623109480105,1016.4730023232269,59.314354227304776,0,normal
26.78746169939862,1016.0851495546128,67.8931555296414,0,normal
21.96036515396612,1010.8687724753854,57.253792558385854,0,normal
28.122885471980045,1012.4901814195016,57.406490898108984,0,normal
24.934176816924186,1003.9060543023596,61.48878251594821,0,normal
22.51710537889441,1012.9960474657391,65.05147924385003,0,normal
24.686141150704536,1016.739043641737,65.29056353752566,0,normal
35.58563336450579,1000.2468894665532,76.42389257532295,1,backdoor
24.7934009462135,1011.0357405999941,56.613883144275285,0,normal
23.690593081583042,1005.9669129479911,53.31394168732131,0,normal
26.389390975233713,1022.1922432609043,54.57015903194286,0,normal
22.525338544835904,1018.4474396307696,57.28592971639753,0,normal
11.331998564783188,1027.4432558191752,38.32126461937383,1,injection
35.21337931823504,1008.636169455057,77.17837259502228,1,backdoor
21.202470720763134,1014.8928760705677,61.84170243843647,0,normal
26.689178735939333,1015.1426902746078,62.28522138583284,0,normal
25.47950274343241,1015.7532828272344,58.67574993864678,0,normal
25.11550676414017,1018.8165770357944,65.56520372112136,0,normal
24.96139838266965,1011.5500512876031,61.93271040304011,0,normal
26.436306244770915,1017.9695136883474,52.78170733543809,0,normal
24.427956724775076,1011.6304900805335,56.23331367682115,0,normal
35.084902532673304,999.2377978492555,71.32444138498616,1,backdoor
26.032578564196328,1010.1176010939103,66.26919424672278,0,normal
23.46171336909263,1015.8815090059118,53.8132806856514,0,normal
16.817611966892596,1029.4487997523831,44.91305929571905,1,injection
23.23642087224794,1009.1302524200731,54.23757696334449,0,normal
21.603922339812705,1004.8651579084344,54.1384600602074,0,normal
24.49727029244326,1017.4446768895704,62.35135457149262,0,normal
27.667749674256847,1007.45357951121,57.763576954752665,0,normal
46.481450507969996,992.2104429511895,81.1273028432309,1,ddos
23.705990706645263,1006.80402275365,58.12283692071926,0,normal
29.06490918890262,1012.9004940171883,61.095630384531255,0,normal
26.375869945516342,1017.0801563432686,59.97566114977562,0,normal
38.92499860244583,1001.6533035570195,73.71735550131577,1,backdoor
40.44313725337243,1004.4985066211079,72.61775593090353,1,backdoor
35.789200896604115,989.5403297307209,81.98141319753225,1,backdoor
43.75264950549969,992.0118458223361,84.33359596006501,1,ddos
27.403427731709822,1008.6636006584055,61.826269765930405,0,normal
23.826655024305463,1007.7696885370109,56.85421404117893,0,normal
26.67143329207011,1011.8714780241992,54.26184465179707,0,normal
44.34638452736848,991.7890823464724,85.22440871172691,1,ddos
22.60089264145588,1012.8089017520718,62.10802534303954,0,normal
26.855353712906037,1009.9643404513743,60.012499800384305,0,normal
23.734728334861263,1022.6976865080932,58.50273943335832,0,normal
25.982668675459347,1010.9218254484122,52.06737812528099,0,normal
43.45270783269746,989.505802977751,84.54015806748137,1,ddos
24.7690193894261,1011.9090958559362,59.48056099763038,0,normal
31.440921807891236,1000.6459118844377,75.48772302300242,1,backdoor
31.34257539263432,1002.6315750133366,83.14392203856116,1,backdoor
27.923318366572996,1025.8304112333162,61.20697538579511,0,normal
22.22001018238046,1017.9480765303741,57.31778408125517,0,normal
26.8298225453632,1016.4714438251119,59.78971236531135,0,normal
3.315319637842432,1027.9564755425474,29.266999053717768,1,injection
35.58699565268985,994.06417003253,76.183024686007,1,backdoor
23.89304675794571,1016.1805065539356,59.841987144506064,0,normal
45.2306550047493,987.7366829002701,84.61149119287728,1,ddos
24.06042756287109,1010.931352556649,55.557069995864,0,normal
23.695850720893795,1012.7791922797928,66.95250930595095,0,normal
26.786836165771145,1012.6807731066792,57.30418790016389,0,normal
24.58374014447115,1009.5664822294927,62.43478033455328,0,normal
32.18126846233284,998.2200666711705,68.77539209035592,1,backdoor
23.929116081519233,1011.5594132827879,74.53683408102754,0,normal
25.421924104909543,1013.909998729761,53.60183779832926,0,normal
24.435109356010503,1015.0909960973977,58.81180950574278,0,normal
25.58620276812639,1009.0809616201685,60.12766684862181,0,normal
24.495736207192767,1011.0551999608871,59.066358438430946,0,normal
21.80819812827397,1017.7070280959462,65.1790826896413,0,normal
25.07960511639786,1020.5783497634854,66.42236128766287,0,normal
22.547345397381296,1015.20573457552,61.8987055234938,0,normal
25.426799793894972,1017.9272581410405,56.32453883453928,0,normal
23.22775054724722,1019.6948871193247,57.31300732852291,0,normal
25.846009616452267,1013.5804166353142,64.75737661507664,0,normal
26.71558067978203,1013.286753236772,59.91381994871556,0,normal
26.211663514907322,1010.3733108171243,61.762707856631906,0,normal
26.65164430163673,1014.4106670039273,57.53733214686965,0,normal
26.699411799345683,1020.0543146452779,68.09363375733803,0,normal
26.750392899342614,1014.9825741461816,59.059316041152826,0,normal
27.941601340794218,1011.3598326327976,56.53535676549823,0,normal
24.895020252006272,1012.9402585465547,53.159350262194764,0,normal
25.85824870822286,1018.5572750810547,58.913488968525854,0,normal
23.374589407956158,1013.3944173454067,63.139359634993085,0,normal
28.024641767818526,1011.1269035363335,58.924468553666834,0,normal
23.058232919824643,1022.3838208293346,52.45658062057586,0,normal
27.027979563693098,1015.6852905637847,61.43416588349537,0,normal
23.906191914141615,1014.1460503476858,57.92221454266959,0,normal
23.267595051359855,1010.7560215410518,64.5835532165312,0,normal
10.367542232455113,1030.9700791775017,37.74722987926575,1,injection
25.909875912386344,1002.9752362303599,58.12580440359596,0,normal
29.346586908333755,1012.4618475582693,61.40075615797179,0,normal
27.06096669365353,1008.5558716243839,55.68022150035523,0,normal
28.153744424809723,1007.1114372663044,60.546794797806925,0,normal
26.200435169933886,1016.5886882604702,64.05822459489053,0,normal
26.2450118144772,1019.4044866953624,63.312197780381695,0,normal
25.248502349877217,1007.8881018064857,65.13064846189927,0,normal
2.0500395064285186,1026.6822190545315,43.7878972706809,1,injection
23.227192469718858,1019.2626579787097,62.53331555499433,0,normal
27.997396452940244,1011.9122210681937,72.39380441172926,0,normal
25.88742913915039,1004.1215670515321,59.57431410303037,0,normal
23.446663915813854,1012.7776798874753,64.07703028252656,0,normal
23.90696577817487,1011.5525631452634,63.33034584784489,0,normal
21.732202730258624,1013.2208447874028,54.02742096683475,0,normal
27.382495219194237,1022.0148503135797,59.082399600108154,0,normal
28.18480770984782,1013.3373027050918,65.9005823728165,0,normal
29.308295516408485,1025.586447894346,60.84869009377098,0,normal
25.074397436500348,1014.3316013724794,62.90914939855077,0,normal
24.669900195903775,1013.8402480495789,65.17055745346225,0,normal
29.96660819027546,1012.0094569758423,65.24449258702452,0,normal
26.926927291466264,1015.4847521802426,63.05308294995666,0,normal
26.47180928535996,1011.5691041467912,58.35642274736217,0,normal
23.865187081087516,1011.9457442087657,57.30643498836947,0,normal
22.58179017411099,1013.9199735276152,63.84255926446587,0,normal
26.1040768428692,1020.1088477458766,68.5314984452845,0,normal
44.470220507064724,986.54596913212,86.1530440985981,1,ddos
9.71211439574486,1029.1463907764746,38.88038537708665,1,injection
23.98723577195137,1017.5058223923614,63.07799332186835,0,normal
27.66212880978389,1018.0366482812905,58.43253655042991,0,normal
24.6591666972186,1009.8130700582714,60.98058533869019,0,normal
25.95426309527926,1013.0101839401515,64.25126947478151,0,normal
26.17832950231682,1016.4925994565269,57.84721206837523,0,normal
27.300447896504032,1018.5226096474926,59.01795950349891,0,normal
25.7378781650562,1006.353944535886,64.03483111314233,0,normal
21.600812975634884,1018.1014913958014,65.41793453201666,0,normal
24.105235306143378,1008.9591176068193,65.0324033326827,0,normal
25.561097023683814,1016.1423625147761,54.31559799169168,0,normal
22.21097781943492,1009.6845133773478,61.606421451342825,0,normal
24.545304154668294,1015.5995737574383,55.50491489479917,0,normal
43.021937314406834,990.2525497880868,81.72030386684104,1,ddos
23.418861345530136,1009.6485870224296,62.237946377897224,0,normal
25.545497934543334,1010.2433715575331,57.519383317548154,0,normal
25.591909582351043,1013.663116000434,59.62541650010956,0,normal
25.89624422692407,1010.401834114204,53.573883014758096,0,normal
27.909943773772163,1017.4203327232528,52.90258065249329,0,normal
13.339933420706895,1028.7698718066204,39.59961858575009,1,injection
22.514465568872822,1011.5048714699141,60.62889410054754,0,normal
24.336982648988666,1019.8644300289474,68.09185463875387,0,normal
12.746348542802114,1030.8453147991795,49.62908392328316,1,injection
23.976929527558273,1011.504596165992,62.05985048039063,0,normal
5.808897824016216,1034.8207767682368,39.00139028915334,1,injection
26.510806513988722,1018.1497222660239,59.22425377296336,0,normal
25.41339383339077,1009.9347150303007,58.29470142426153,0,normal
22.860704286008154,1007.5110321492317,61.893749888949785,0,normal
23.730846196463364,1024.030139979554,66.41937697937071,0,normal
20.631136024055536,1023.1001432085314,32.407048973399576,1,injection
29.616885480249298,1006.1844971495624,55.05500076503894,0,normal
29.559818627069223,1012.0783382230142,57.29968455627043,0,normal
21.419024631564305,1017.8734169433424,53.02353469338118,0,normal
22.49816798066522,1010.8883392217565,58.377977137697954,0,normal
26.059488305253403,1019.466307965631,58.32849795608254,0,normal
35.97994959255412,1002.0895485497585,76.94910759882227,1,backdoor
24.241765181974753,1011.7909418306554,57.99090547550547,0,normal
25.256231536415854,1014.1167617849053,60.25699914066398,0,normal
24.537144776738188,1012.8710347619888,55.7216722401309,0,normal
25.230642896916386,1012.239699422573,58.21385991616274,0,normal
23.310628210673045,1023.4435337074516,64.51002328092063,0,normal
23.710565763698696,1020.5967898686376,54.3670432779227,0,normal
24.346475137576917,1014.2292276801951,61.00189251996358,0,normal
24.662257005569096,1018.4495494787128,65.55349373574235,0,normal
20.467420083156277,1010.38473498006,59.689179184691966,0,normal
27.357110220037864,1012.9861133979957,63.83200667211932,0,normal
25.796007403421033,1016.0785323828394,58.752715770216085,0,normal
27.30445453538479,1014.0268620055136,52.363003842744234,0,normal
23.996235551059787,1013.4563042765343,48.92797103774865,0,normal
30.87777591227045,1004.7471120454302,70.47085906131638,1,backdoor
26.555383976211118,1008.2591335719023,59.7610589018442,0,normal
22.089245356545888,1019.6135510651018,50.82089925327007,0,normal
24.5629551370729,1009.6416969309208,58.72913020940854,0,normal
20.644016242693443,1013.9251786753152,62.85427190554898,0,normal
23.788092932725952,1007.9425102464359,55.73082490271711,0,normal
26.642590314455003,1019.6103078387116,56.7384848521952,0,normal
27.080068663566422,1005.461296056576,63.338880609061945,0,normal
41.93118643917384,990.2747514601699,83.59463285709883,1,ddos
25.276560848915324,1017.3432761705899,55.360259308441314,0,normal
34.97849685199576,997.1828882493675,79.4981456122402,1,backdoor
24.85589578846002,1012.1031746692337,63.27056412993362,0,normal
13.808977853252351,1030.2196947826376,37.79578966521726,1,injection
24.802036439467887,1013.3963825391436,60.90432235967392,0,normal
23.58677225456209,1012.7402215305904,52.16799231810442,0,normal
26.057764486476746,1021.7855479247036,71.57043961739951,0,normal
22.634000592643073,1019.8285901598016,64.54319011290583,0,normal
25.640343506085895,1016.1335697453445,64.48827911833757,0,normal
38.9351300807643,999.4724415093128,66.55258501938063,1,backdoor
29.814542610379643,1017.8066837504583,66.78188020859743,0,normal
43.65190830721604,988.632161283172,86.7229015544345,1,ddos
26.29234508719754,1016.544115569257,59.112533807658224,0,normal
26.341801773978645,1004.2927508303776,60.87234901978205,0,normal
23.071590255147633,1016.8293706118363,63.571125569245794,0,normal
25.132359003262092,1016.7157334633425,54.135017853858564,0,normal
22.340422794079075,1015.7986304553818,53.323213075274715,0,normal
22.559176800061252,1005.7659292010704,62.42447310433755,0,normal
21.59893097806493,1020.8002079918585,58.46074680754108,0,normal
25.109215590138913,1017.9058897232602,61.04346968722388,0,normal
26.81198157757384,1008.1958948120345,65.02908463222855,0,normal
27.092594640545634,1020.8479661112618,63.5460200635936,0,normal
24.72342168469646,1015.6279492886551,61.903368631315765,0,normal
31.76899699089371,998.6836133731367,70.83388256642709,1,backdoor
25.19854449285737,1018.4857433685731,64.47384478798665,0,normal
24.22128800887955,1016.0677301370781,65.16908527547054,0,normal
20.32645941359231,1010.1831978823508,57.866318068402954,0,normal
25.901307106495494,1014.4656185188991,72.25482716967295,0,normal
27.488252503962357,1015.5613306516404,60.28593148639727,0,normal
20.237660921386187,1003.249101729711,59.83010365080114,0,normal
24.323027611412847,1011.5856756792136,62.46833546299971,0,normal
28.710426396756073,1005.8801770846208,50.95738004040749,0,normal
28.3136713798155,1017.377337898044,59.427596609538114,0,normal
44.99302412342591,989.7042483335941,88.32966701507064,1,ddos
24.75149366401973,1017.2604622849145,62.018228873377446,0,normal
25.935011691244103,1013.3959577511835,64.06332498055056,0,normal
22.414167649300808,1014.4589030173963,57.094897474734076,0,normal
25.01947229782613,1009.329052049055,56.114795322074755,0,normal
29.17301043844034,1015.3283922803986,57.08330282949092,0,normal
26.359971585965088,1015.5840812292566,59.19563687399105,0,normal
26.01873075699973,1011.1958033278422,56.782128383022005,0,normal
23.00509684667642,1019.2891840118097,62.730426761812225,0,normal
25.926605592850585,1007.3475305979555,68.92980023331496,0,normal
44.50307536520366,988.3528601211227,84.34433983968596,1,ddos
25.810549296624206,1015.8471450213777,54.543201786933096,0,normal
22.201581683134638,1015.4826754123915,63.75116208653274,0,normal
41.91614460988868,992.9531055223753,89.3973980102126,1,ddos
37.36449979743179,1002.8492700638004,67.3637614537837,1,backdoor
24.767548961512333,1012.9442969510352,67.60670211428334,0,normal
24.992403369819353,1013.5623922489153,63.16274114972532,0,normal
31.21802397605071,997.6019391504334,74.94138518406446,1,backdoor
23.56963102193108,1013.567962065218,63.417915204602366,0,normal
35.51987399310133,1002.8209491107086,81.62841336115126,1,backdoor
15.472767736875097,1030.50328909972,41.240765679206206,1,injection
22.492347670776876,1011.002166156814,57.6481049251105,0,normal
25.118901167028504,1007.2119127483473,60.76449642249744,0,normal
24.473078400914346,1009.9606357428069,71.10848650499118,0,normal
45.06918922953632,988.2355915684068,84.9623166186986,1,ddos
24.73734440422699,1014.2972522525795,58.19485804021163,0,normal
25.559213935349547,1008.912712087816,54.596866662955286,0,normal
26.036079087231922,1022.9859022751497,58.3575174647784,0,normal
22.030810376651317,1012.8225424980628,53.62688805313007,0,normal
26.742068859548834,1016.64142016279,60.27228462174276,0,normal
25.022191079598308,1014.2856644207172,63.267977973349666,0,normal
36.404082393792635,1003.7922047840419,73.27476421024473,1,backdoor
24.96742277182833,1020.676757356121,63.23545912142878,0,normal
24.527996581611536,1011.2207828951591,63.67304362968102,0,normal
24.79744244994785,1020.1222660885157,59.66454706990113,0,normal
28.677217231184628,1013.2637875757779,63.994804920397776,0,normal
28.68765772063857,1012.0176361767744,67.40008414393924,0,normal
26.06961820560897,1017.1103851530631,63.5338262180244,0,normal
24.992568353395022,1023.1784663847594,55.88029828029617,0,normal
31.601679347353002,999.0346354663423,73.89418430097896,1,backdoor
24.187823011290348,1012.3632480264514,64.3063702116836,0,normal
24.96881867124312,1019.8499119820777,61.97882732434474,0,normal
23.948804532120377,1019.5948662513033,58.111619864276555,0,normal
24.4936488974888,1009.3069235904555,64.37890746031984,0,normal
20.93396902100004,1002.6667505643512,55.40787227082894,0,normal
25.986574932420712,1017.775092494386,51.925457272736736,0,normal
25.645812853008273,1015.6267379209821,50.93904096788299,0,normal
24.80926722073399,1023.8696178574592,61.41367848227593,0,normal
25.018245167426947,1013.4914386661783,59.73917203371475,0,normal
25.33633279214388,1014.741401974791,66.21235481663572,0,normal
25.092109025027575,1008.1952980542859,59.02295725841507,0,normal
24.454252957194385,1013.8281962890132,69.023238335504,0,normal
14.608402310651343,1022.0191922156871,42.78866015385068,1,injection
30.54539275327256,1015.9043266237529,59.98268348079445,0,normal
26.26333426752081,1012.7911682178187,64.55261465723646,0,normal
26.077226635903834,1008.825102900493,60.00077982358419,0,normal
26.13284601691079,1007.9219241968406,57.44936455220137,0,normal
24.022342943785535,1014.6607523977872,64.66849700512319,0,normal
24.477315770101644,1005.3250912014915,66.79488458514278,0,normal
36.471939832713396,999.8932976613099,75.80381036559083,1,backdoor
27.015218072305743,1016.0320344353584,61.30291317677151,0,normal
27.30088537785416,1013.460171830439,60.70822710546371,0,normal
46.96548275437875,989.9833397120835,82.14051488989404,1,ddos
26.026230681488624,1013.0734200623541,69.48460979500426,0,normal
22.650441235065937,1018.0065086669086,59.97898954119273,0,normal
43.8845562330865,989.0924949159081,87.62087429602248,1,ddos
26.792248864415058,1014.377351286744,58.29998532624143,0,normal
23.17693008101799,1002.9067132666195,53.88422490763387,0,normal
23.075130186152045,1016.9284598828262,58.48315664065012,0,normal
26.432006217443483,1014.3086627451931,65.20724150984248,0,normal
23.81621483185233,1018.4813110596025,56.694369280931916,0,normal
25.92992654984257,1015.9657131556645,63.32969374921577,0,normal
25.111674046762033,1024.7302715901928,62.233882828604386,0,normal
14.470702812862728,1023.9938013082904,42.114860934393604,1,injection
25.97241965242577,1017.6081500487808,66.33454242221339,0,normal
26.233880294236734,1011.1157462329026,56.35386717090815,0,normal
33.95955238963987,999.3819281551491,73.01461143488834,1,backdoor
26.124876997434527,1009.4086161064109,53.1022230680984,0,normal
25.781255248694787,1019.4648671218415,51.52106310892153,0,normal
24.081094893767087,1017.1338294180883,67.2031548377896,0,normal
24.41289376826208,1023.2219509906516,58.54214826966116,0,normal
9.03223913371484,1035.9877078669488,52.35844389915881,1,injection
27.356982280126118,1002.5114849974935,56.16358547629586,0,normal
28.254274077930628,1009.289336086618,60.2753964844032,0,normal
22.82276521624396,1010.202777956471,62.16305471176765,0,normal
22.353442880060772,1030.8165860260474,67.44457111578149,0,normal
26.906259185777525,1017.6910104010304,62.03872418528037,0,normal
25.402423603323435,1007.1532158980666,62.74012796982291,0,normal
24.745085119411343,1014.4439638078882,60.96991798484387,0,normal
24.274299132786744,1008.7602263232336,51.58576024232063,0,normal
30.09614487856287,1022.3105698532801,58.78806322593349,0,normal
24.17035568662408,1006.1090516777762,57.45249773092768,0,normal
21.536576251306183,1015.3521629368006,56.91334454751929,0,normal
25.746558105670747,1007.1028425575324,57.17427697132729,0,normal
25.491671052460358,1018.1619493586218,66.86534258584693,0,normal
28.123164548882485,1020.3257778571178,56.023718585025044,0,normal
33.82584213599548,1000.743879035162,78.05774295295247,1,backdoor
6.560982447445476,1035.045278944631,33.24356455228464,1,injection
28.910430786817745,1013.0324875340817,65.91858082587402,0,normal
23.87795538833678,1011.5143788990983,68.88475191193255,0,normal
7.801811987498642,1023.6624928310147,38.23057082875953,1,injection
23.481847699455205,1015.6617567820093,54.97767674368904,0,normal
35.925826197224744,1002.7791565369815,69.44684913808322,1,backdoor
24.851694582259917,1014.0030370585063,71.96847133247269,0,normal
24.76633486891635,1014.5042171745587,60.41920119391606,0,normal
23.630452121514313,1011.3299058648615,58.639491781868,0,normal
47.00260302213158,991.9264409428974,87.12746352893352,1,ddos
25.546114462690166,1012.8404360903837,54.37531342296033,0,normal
24.870517245884557,1011.6797914380336,73.68248889538037,0,normal
27.748607904623697,1013.7864945495483,65.30766642816225,0,normal
25.918080706414994,1011.364569873904,59.16467500796693,0,normal
27.21290153560795,1017.247161162609,67.0758643990079,0,normal
25.164592441099114,1012.6215320619496,58.9714756646099,0,normal
27.113596055444248,1009.951015822747,63.81359825484658,0,normal
26.64057164028507,1014.867775819872,60.47614661142797,0,normal
25.053654992686944,1007.217308277722,60.02317431591814,0,normal
25.09708399955201,1017.54479486461,60.06697573610464,0,normal
39.6813281288077,999.9077403555916,78.23322270291109,1,backdoor
23.712249098370943,1015.4401240933972,56.00102431375952,0,normal
26.383871995919222,1016.3508494122578,59.1452183673714,0,normal
25.035200300069743,1005.6175359769669,55.37923665726738,0,normal
25.07962534695916,1011.9774304638752,67.28733601876401,0,normal
22.67488799704382,1015.5942643164758,52.05975327639856,0,normal
24.114271221779337,1018.6914664083411,63.85150194468521,0,normal
38.39044415554099,1001.6514487013297,69.40283105576073,1,backdoor
30.21080033601327,1006.2973993597869,57.30407983734388,0,normal
13.33199070609105,1018.8159435305389,32.92393451169417,1,injection
22.12923783052479,1022.8611258595272,67.43130071008108,0,normal
25.74401993065149,1014.3323817867329,64.4087487313948,0,normal
44.964971947985156,986.9725471621075,86.6027435668367,1,ddos
25.271673074950115,1012.2753450855123,50.61004966564248,0,normal
27.100314344058788,1012.0032843091087,60.14848049033488,0,normal
46.13948539745615,988.7267888186569,87.0529370649881,1,ddos
35.949555122467984,997.147758034538,77.35602894333988,1,backdoor
24.291376766305216,1016.4828784725752,57.03895335906613,0,normal
33.97334956430053,998.9312047969671,78.67063206446763,1,backdoor
46.23396148313535,987.3820984397646,84.87708040455838,1,ddos
27.335533432439895,1012.9812920242118,63.360444548233836,0,normal
22.10701288185953,1005.1698524307869,58.630070302481215,0,normal
26.377607644500316,1012.2278738408727,43.48985156229681,0,normal
24.327723141662073,1018.0160514480106,64.45956671378917,0,normal
10.081048088784263,1037.167363567759,43.20789084280876,1,injection
25.54890338859475,1011.8304250284174,65.22694177055276,0,normal
21.367882095052664,1011.9004585368983,57.24300169789026,0,normal
22.408887090528943,1011.2585807698264,58.047891630857464,0,normal
24.051325109210552,1015.4880031500672,62.941088940059316,0,normal
25.435836073040605,1011.4221961538391,64.91878759073786,0,normal
26.646100603495125,1024.2983972168083,57.97298517387278,0,normal
25.01894577837858,1021.7002150038139,61.739790159755515,0,normal
33.21941592500924,999.8979593540438,68.88257956776879,1,backdoor
23.73835054822224,1009.7707535677426,67.9296675434048,0,normal
25.597402838088012,1010.1794705351011,66.05200748853383,0,normal
47.61538062149273,993.6408154431726,86.22186084454397,1,ddos
24.568020444772454,1016.1128334762101,59.13279720479315,0,normal
34.61608249846289,996.8107003520281,75.69368603082967,1,backdoor
24.645006253787546,1019.8731719065951,50.68966898750226,0,normal
25.059743992109667,1012.5652270923658,59.42735198192379,0,normal
46.59765591519581,990.1359961341902,86.87427134082604,1,ddos
46.28275255863203,987.2243513750648,87.89301792002178,1,ddos
27.837761855043148,1016.7588939868613,65.11190044185611,0,normal
23.04148712712892,1017.8861737321353,59.902642105159465,0,normal
26.247263049302674,1007.6051195179377,58.0639230205582,0,normal
27.43718443949938,1016.1524274683732,53.29607051296682,0,normal
23.525582340510887,1004.9916877505759,63.41622376915145,0,normal
25.35279729139749,1017.5147110200226,61.01233604845407,0,normal
23.77105882344335,1020.2122231576196,56.53859070117555,0,normal
24.753584268274853,1012.9842003426257,61.20108452049826,0,normal
25.97065863099484,1012.2665503194382,59.23266778491551,0,normal
24.463060980593074,1017.3490863566109,57.6265706500966,0,normal
23.97055190799453,1028.6371891388703,57.89585852629056,0,normal
21.478068684192035,1017.5011808110261,55.22390777115757,0,normal
27.229839441289776,1007.6384835181852,44.75291056799997,0,normal
35.55867619749161,997.8473221758749,80.19003940419636,1,backdoor
26.71911445808351,1009.2094092848636,59.23160735489863,0,normal
25.82094894844024,1010.5105074471751,50.77801239417989,0,normal
25.041993581572424,1018.7326692005809,61.27167154998123,0,normal
26.251575321256396,1011.8267856555514,55.89552912446264,0,normal
25.926452717010843,1014.730181146963,57.15541129145766,0,normal
46.734846127609195,990.4271015196217,85.27207527189593,1,ddos
26.556632833093786,1013.1940295081523,55.67554730215174,0,normal
22.34721278653869,1017.3242257133314,63.68710428038722,0,normal
22.449479726825192,1015.2973763825755,60.36927541058073,0,normal
36.04250762718413,992.0476279972513,67.2766886452585,1,backdoor
25.497882273412166,1018.876531245454,48.73377994037596,0,normal
23.271426723665236,1013.1118706159034,67.20602701508302,0,normal
27.31249603525625,1011.8643410852759,61.332426043916506,0,normal
25.342540603857124,1020.3274262714074,64.69786959409473,0,normal
29.151865344165422,1009.0968900973517,49.866408330571645,0,normal
24.454143951839576,1022.7642091373663,61.667991228983986,0,normal
15.711741675833151,1019.2361248492427,38.47185477517652,1,injection
26.108784697394796,1019.985088002634,65.40963360327174,0,normal
26.350710647866464,1016.3447612582584,57.2992665700231,0,normal
23.846158820544343,1008.8596042993603,63.143598639123425,0,normal
26.70397929227066,1004.0203761161875,55.1387148306782,0,normal
24.51663302954688,1019.5217274685533,52.57084504863998,0,normal
25.295996735658328,1008.2837091677198,67.60220479824639,0,normal
23.669320701746898,1005.8224100178943,55.93640574875807,0,normal
24.406554846179194,1030.8923263317895,45.100933502533714,1,injection
25.368570720088123,1015.7826251880373,63.3563477633818,0,normal
23.785190176249653,1009.4508281325122,51.678598435977705,0,normal
21.82347604705247,1015.4119180087476,60.61265983694013,0,normal
21.184198701046938,1013.1129927311675,63.76880630283219,0,normal
9.139126645888304,1036.221361737027,32.25877398307345,1,injection
43.332633463270945,989.0894558640721,85.34309007278753,1,ddos
22.970248809487792,1016.1774529350967,67.37380113603629,0,normal
25.492328451574526,1009.8719458716613,69.01839664673832,0,normal
24.924359870659682,1012.1166231343974,69.20360755560522,0,normal
34.153359002625805,999.3333720053672,73.74241604602865,1,backdoor
42.25579826601769,991.2479835768889,85.12260713398679,1,ddos
31.472684117710138,1002.4030841603505,74.57282585491217,1,backdoor
25.344405526303294,1013.3744925443932,51.10167942385143,0,normal
26.390949064697434,1007.8460873445885,69.95535405815323,0,normal
34.57116402879589,1001.8158054973254,77.58758759190862,1,backdoor
23.67223613664716,1022.2125639048136,60.70069373875527,0,normal
6.116446429986704,1032.1392381043202,33.969787607032664,1,injection
27.880351382218624,1019.4972496749522,62.71756542484921,0,normal
23.433845652206777,1006.6189455351438,60.50475644643662,0,normal
24.01758512375902,1002.7506956187913,51.72815628458358,0,normal
25.183010799210198,1018.1244873566719,67.3540056461164,0,normal
26.81931970351544,1017.7009079694112,73.1406741073931,0,normal
45.68595205000331,991.2888669545993,84.13763325106106,1,ddos
24.156383153398288,1019.4802925249169,60.871851057113936,0,normal
14.268378094973787,1033.7036768404207,37.99039269683971,1,injection
24.240444542293584,1007.0242284949758,60.36764959039204,0,normal
24.133838426759162,1007.7302450367104,48.97760449102422,0,normal
26.653244374340446,1014.5454192268139,52.389896695544095,0,normal
21.842106633601055,1006.6828634241335,47.87369704793495,0,normal
45.22070739278269,991.708781210316,81.95347148976826,1,ddos
29.31829786745331,1005.2554739560754,70.44126938434366,1,backdoor
26.27282933941826,1010.785860833079,51.98025358082353,0,normal
25.47203492412499,1014.2398536386518,50.80634099470794,0,normal
25.026425002695852,1016.3496781803324,67.96930991060844,0,normal
25.393970262202096,1017.6047849309286,58.10479222330953,0,normal
24.900783032888018,1009.7892619966653,49.97099354303184,0,normal
24.845998870156954,1016.0247355878618,62.56081425602724,0,normal
21.966402612623057,1024.4799955719993,63.105828826819646,0,normal
23.552642871212992,1020.6680804535815,63.48200596073658,0,normal
25.782139276120315,1008.7778184429152,63.39489248698527,0,normal
10.097975403049093,1038.1039710361165,46.63504174326279,1,injection
25.63897653197687,1015.2079518460222,66.29909505414452,0,normal
25.118927967446986,1008.5624102635284,47.79196861586025,0,normal
21.653446640059897,1002.5094413955419,58.42727845988567,0,normal
24.94205437859976,1007.4782944446329,57.216664492211486,0,normal
22.449887736987204,1007.7626731786831,68.59964028036839,0,normal
23.31809463982206,1009.837221200927,65.69195964842237,0,normal
20.302160029979166,1022.2206255257139,61.867399574421746,0,normal
26.83173238518189,1013.9227326874883,52.19601654864169,0,normal
22.332213289673753,1011.7090480787253,61.80180404172601,0,normal
24.98255039352693,1011.3470420368241,56.21923095792444,0,normal
43.86583036962015,988.5432418647155,84.38083962086556,1,ddos
26.44831666341335,1015.7120062444726,58.296187095166154,0,normal
24.546697239346603,1013.7807280560949,68.74879695475599,0,normal
27.452802774001498,1011.6825372838173,61.03381458340339,0,normal
22.791779621668876,1017.0292302969108,57.94034917765825,0,normal
24.081212412017464,1009.6082629318048,69.37138588904355,0,normal
26.522064455879363,1012.1360625424804,64.58006807279416,0,normal
21.256605167015206,1011.749838947935,60.99833273217649,0,normal
28.292268206864705,1013.5478866355242,60.9231316725159,0,normal
23.90073582317661,1011.9575904956771,63.67027897869368,0,normal
25.960923517692606,1012.6771117499492,59.817700715613185,0,normal
26.801898361214374,1019.3015003716685,58.69379018170401,0,normal
24.143284806357833,1012.0889096540159,71.33001839230185,0,normal
12.000212093896424,1036.3320989801298,41.61075359706226,1,injection
47.928880213383614,989.4869378684186,81.21590157956086,1,ddos
25.899696390360543,1003.8594740100118,60.97045143031553,0,normal
21.509156784973797,1017.366176057274,53.671291775902716,0,normal
28.395808562873,1008.0646486692156,55.69304312019007,0,normal
42.35320132607469,989.5126942645487,83.90694238706082,1,ddos
26.59849089104421,1018.1146251247701,61.87239017071347,0,normal
45.29858199337096,988.1716437008289,85.757531910753,1,ddos
35.43848504270627,1003.6072269122682,72.00921376611166,1,backdoor
23.850587870356488,1009.2398969277062,61.709924628928654,0,normal
2.2879526178561136,1028.9370126195265,37.48139799912019,1,injection
23.5491322721937,1005.3313099692697,64.74004771940923,0,normal
25.696426422381776,1020.1695297374439,56.941985413975125,0,normal
45.85799893800679,988.6150282181352,81.24788802263063,1,ddos
25.277550229446707,998.0926262533667,58.61853849271064,0,normal
40.12466642941761,991.1791962004895,90.6759117918069,1,ddos
10.201640709472734,1028.7586903351084,42.24577012124571,1,injection
21.544991718256878,1013.6641768933654,69.97152652068132,0,normal
25.891112006456513,1015.4217742099447,50.93689304269826,0,normal
38.666540786024804,993.653872607688,78.34786150879592,1,backdoor
21.838620672645984,1012.4495464373854,59.34591846078598,0,normal
24.375473068141428,1022.5462215941865,62.839181993738464,0,normal
25.318447246318545,1020.8791852009764,69.0228917660925,0,normal
41.954698736902294,990.0241540014721,86.9142451642162,1,ddos
22.967024420332034,1015.387605513409,64.33854228917733,0,normal
24.194454315728965,1008.3976058186428,57.06514448228011,0,normal
24.66929019219719,1009.6756268605078,60.42292138400781,0,normal
38.385120418933724,998.119271612957,84.66424356355496,1,backdoor
29.131647060148612,1015.5460148921304,58.97611400295223,0,normal
25.169850361559263,1017.5308174438137,54.26678165096539,0,normal
24.010501867457346,1010.4641705154163,66.88288723389293,0,normal
23.693900392413745,1018.324136625566,58.235036622881054,0,normal
44.72172277398574,988.2903432603961,85.73102522551079,1,ddos
23.3535174902946,1020.2709089700744,63.3425640959912,0,normal
25.481448002797624,1005.9151851599967,56.43065733672675,0,normal
24.779731109967393,1004.5498747398277,54.589305592206415,0,normal
26.229544052155404,1007.0474236934189,57.65618392182471,0,normal
25.788475065363667,1005.0248944455869,59.81298082633695,0,normal
25.68352684806387,1010.2675935355828,54.70775371612089,0,normal
27.331792316572855,1014.6407231775391,64.31663906909883,0,normal
22.320873965973387,1008.8919008625127,63.835033759817534,0,normal
24.723370986424353,1011.5360079886293,66.48146951010061,0,normal
24.756093082781867,1017.4975362641866,62.69287558703728,0,normal
44.33684356863371,987.4980154039388,81.95193960502925,1,ddos
36.50692591512245,1002.8759646168012,74.62452488078831,1,backdoor
24.860154793772693,1019.0335796631449,64.8128986865852,0,normal
25.421169890947187,1008.5599785930375,66.30684415640636,0,normal
26.02781681475566,1006.9569800021909,57.63785058392961,0,normal
26.461702544089455,1015.3279476147555,55.72823512935496,0,normal
34.52229865983089,1004.3812562969746,74.83551630429434,1,backdoor
25.395581696564097,1015.931832111814,59.50357891768186,0,normal
27.009427778175443,1014.9574405241008,63.256089645398944,0,normal
26.519423081466126,1014.5510594838457,60.704145311904504,0,normal
25.69229835227651,1016.1142055020969,62.34461153112419,0,normal
24.406107650837136,1012.646357828971,65.85119449194453,0,normal
27.265720780379006,1015.3706266276744,64.89224676716567,0,normal
19.79159353045306,1018.969777229895,61.495290514384834,0,normal
47.488146272951106,986.0866237766671,85.06315054705748,1,ddos
27.77310676895605,1017.0355773848974,53.589971806206556,0,normal
23.747760950615817,1012.188765194885,64.00090815137132,0,normal
26.683936734734395,1017.2577163190639,55.638407839620825,0,normal
24.018868672244515,1007.9550449605179,65.63818873466813,0,normal
28.550177541410388,1011.3334311825923,67.63086883647306,0,normal
51.39490844556899,993.181544063571,84.80498935590862,1,ddos
26.075873175388406,1011.6685482328232,50.985681681998415,0,normal
43.11136878823203,993.3403462807114,83.38701781837784,1,ddos
26.329786306892736,1015.7416245402748,59.271157501281074,0,normal
20.643187916648657,1018.6833403389654,67.73377790607407,0,normal
23.228270242929966,1017.3272525790402,61.762570848853805,0,normal
22.173238513077358,1011.8874256012964,63.92140755337501,0,normal
20.87465570102714,1023.6566906558505,58.97989292683982,0,normal
23.95831809002052,1011.7925977940489,59.635871157081574,0,normal
27.822083051976904,1009.3430551753783,61.3519913748117,0,normal
29.38229552466637,1007.8900480038263,57.988158335668174,0,normal
26.477734540033005,1012.584873203417,63.34130621954274,0,normal
26.783935232186224,1009.1577038018598,56.88999956091051,0,normal
27.144512921559116,1003.603043362488,62.51261608937543,0,normal
23.787242029378056,1012.1528630497537,60.82994345244897,0,normal
25.845670056259078,1014.7321951258875,58.12746782814539,0,normal
23.03084950603754,1014.9924762509978,68.92260559957796,0,normal
26.937505869478375,1009.9813251215586,60.524324027694924,0,normal
12.556568575894119,1033.562167520811,38.20696283771898,1,injection
23.149399082580253,1027.7913193407812,61.5476454181928,0,normal
23.297317015525493,1009.3341677325768,63.59262790994397,0,normal
22.73310170723146,1009.0144894425374,58.10535446923217,0,normal
25.899526982581573,1010.2779420979058,52.034917919496884,0,normal
25.77735420633055,1013.1804681332933,58.97116400167128,0,normal
26.877993192668274,1012.3915212524058,60.101087461107575,0,normal
47.770232791838666,989.9904019580127,84.70368157909523,1,ddos
24.35826738211557,1015.7429437909665,48.042900930132326,0,normal
24.630086099592837,1011.7867358623814,57.30542429248059,0,normal
27.579704391448498,1006.6197649415641,53.60600796208945,0,normal
8.053630051091071,1027.3448551289905,47.97336205704603,1,injection
26.181144186078203,1015.8221886651659,54.805852973840146,0,normal
39.399314020710264,1002.3245504668375,73.84416801918955,1,backdoor
26.625540721863477,1012.847607906728,58.446611308663854,0,normal
24.948748956689762,1007.8705399407893,60.78430160998066,0,normal
45.51190479239712,990.8176340768852,84.27347539495878,1,ddos
30.661285604930995,1010.2296844228016,60.633648659438336,0,normal
24.377685072546832,1018.481118901647,63.54750573335891,0,normal
27.31699625505429,1016.2393055458208,59.16355517377103,0,normal
48.740723034593,990.5459923776272,83.21113509162748,1,ddos
26.127255790510663,1019.1114630200685,62.90334798959174,0,normal
21.31203666103353,1014.8221347455902,64.36752177280812,0,normal
34.80645803848774,998.6167232748344,77.32186308575318,1,backdoor
21.999222880523966,1015.5023766312144,54.524451174237804,0,normal
24.7349510684772,1010.6981492278359,61.324364349066016,0,normal
25.082167082779808,1015.5361077424647,66.64223964039793,0,normal
36.53350560127441,991.5583672600465,79.15427242796284,1,backdoor
24.293906810660687,1010.1535275948185,57.21141975574184,0,normal
43.48963264957451,988.3750309037571,87.77046043344646,1,ddos
27.08309549576246,1009.5519658167085,52.9532844853582,0,normal
23.972519107824272,1011.0747627054017,58.0998211125935,0,normal
19.947904928843617,1016.3875761545567,57.28462747653868,0,normal
47.75499631546057,992.7971565447133,85.93887021883033,1,ddos
26.055705537146263,1018.0537299361267,55.52654643144551,0,normal
8.643021525194452,1029.868131589189,48.473286370333724,1,injection
24.404410208237238,1011.6493953520721,63.459367926393256,0,normal
43.59442423983261,988.8983922052375,82.25233352667414,1,ddos
46.50765096605847,988.8999887491883,85.55452915352366,1,ddos
23.240675642331045,1012.7945458653255,57.88160435064454,0,normal
27.383863157789484,1012.0153141087847,64.50991158590412,0,normal
20.494298249967336,1009.6443298772654,58.1145301951244,0,normal
38.076928625039685,991.8811231222347,69.13040862770977,1,backdoor
7.860590100358859,1025.3699437630692,40.86716568988224,1,injection
23.261649633705275,1014.9533598856723,51.31207579506709,0,normal
25.468758912284116,1013.3542496868954,53.8675302020995,0,normal
23.835320365130396,1023.9952201696643,60.61991282352021,0,normal
29.21742904220823,1014.0247711896213,56.46518543729424,0,normal
24.14908083294572,1003.0712135835948,58.63350522359805,0,normal
26.81722078678279,1010.1333003089287,55.24886833093174,0,normal
24.76958129302121,1010.7216245036356,58.73432685782917,0,normal
25.695645919263146,1018.346787900982,60.11152908952742,0,normal
24.553233921303395,1002.8909271727163,66.92399720376869,0,normal
25.921282722065808,1016.8445012742989,64.43430144092062,0,normal
33.845063834173594,997.9083863915515,78.99248248148356,1,backdoor
27.086148733172557,1009.3805597494145,59.33307924409502,0,normal
16.922675049298867,1030.355423587282,45.749273641368276,1,injection
24.4031761648026,1012.0394896587161,54.744866236615415,0,normal
24.691393129385727,1019.4439074530934,59.6413715444889,0,normal
27.99070349342114,1005.5264727570822,67.04281706508465,0,normal
24.94277772756862,1014.3874890524163,54.48453103268629,0,normal
8.677347893647674,1029.220675726841,34.79248337529712,1,injection
27.94854085199048,1014.9444047397863,60.84072222685579,0,normal
22.508366079220202,1019.9749902831286,61.865276085901584,0,normal
26.039807399243106,1010.8194249043646,65.49728793237867,0,normal
22.07232338316237,1011.2293814772497,66.10450804122635,0,normal
25.4662506074168,1012.3336342301008,53.64057245944779,0,normal
44.07872368769982,989.3152327965694,82.2552785697424,1,ddos
26.1800167235916,1014.2844206786752,55.58586282255779,0,normal
24.324274072703,1009.5323597782993,59.94547693157416,0,normal
23.5044294386278,1006.2770557961603,59.883453801344125,0,normal
7.828772591794693,1027.9943274260058,38.94800851513155,1,injection
25.430208413118777,1019.7727370038657,61.398702097246364,0,normal
36.3535185292913,999.7584979950182,72.39365028188773,1,backdoor
44.68454757426033,990.8298591023203,85.3793197609994,1,ddos
25.843138077512712,1017.3498681271017,69.85517262194473,0,normal
44.600919846559755,984.860979752698,84.1225687505177,1,ddos
21.797576250396755,1007.9013144168403,64.74324514483025,0,normal
23.966933623787764,1011.7246706826933,58.57524733245049,0,normal
24.73438166078983,1008.7538529401515,55.37035213338739,0,normal
31.028773339525006,999.4858160744756,83.06843897004481,1,backdoor
22.55818674202802,1011.7372804965823,55.15537251121288,0,normal
24.298906293715174,1009.4400277505824,54.5405275212637,0,normal
26.954087614049453,1007.2950827161279,51.043130620647815,0,normal
24.49709665693524,1014.9858501278468,56.63739165237635,0,normal
27.61069891855085,1008.249246556024,56.876660125621505,0,normal
37.80246498958919,998.934671701152,70.92407334787671,1,backdoor
26.029184050945233,1017.2314156068529,64.99997890042438,0,normal
27.716025264187365,1012.2656698568682,69.21090172830834,0,normal
26.00072671337963,1014.2723630915989,53.270738982459335,0,normal
24.908209308777103,1015.8407862868107,60.02030522176659,0,normal
24.082471238961002,1014.847804681391,62.4853398097922,0,normal
21.676091302530775,1014.9899422808486,59.073995983336346,0,normal
22.16681490749497,1012.5852490821927,58.64656250893727,0,normal
23.398437419077595,1007.4391675457042,58.47140762718588,0,normal
26.27735013512937,1010.7284464247653,58.92971293513608,0,normal
24.901563104588252,1012.5550876993553,61.72829508038171,0,normal
25.93360994656193,1011.1933095312303,60.661351923487366,0,normal
27.271909578452806,1011.9807905942761,53.5690282480638,0,normal
22.151849224598003,1015.6778864994969,60.62548844705513,0,normal
29.01321192848655,1013.5858199196559,52.53921045664847,0,normal
24.366838703335002,1010.5588841342282,62.74788694674562,0,normal
26.231642856609415,1008.1782545922675,56.10993975366986,0,normal
23.253200210688075,1020.8898051698316,55.16190065489258,0,normal
22.5486945536691,1015.2309723121626,58.98539398281257,0,normal
29.123108399943806,1004.8866671897241,54.28039738070483,0,normal
26.236236071672696,1018.0729875371974,57.53598110511173,0,normal
27.85916331758609,1024.811437434664,53.65969887648179,0,normal
22.92266532857721,1011.1408253647528,60.94171613943733,0,normal
22.766020085560996,1013.1250384356649,59.061861872810866,0,normal
21.813708551898536,1011.4483864481427,57.782672213176205,0,normal
47.58594899794137,988.774469140004,87.57411151971476,1,ddos
25.891730520701334,1001.4905285129026,57.015491318604276,0,normal
20.935545380069843,1011.2018970112262,59.6980803284823,0,normal
25.68279284935849,1021.1479682742804,68.32523795879376,0,normal
15.774045789977244,1029.7061406970795,50.434076351581,1,injection
26.811493825155303,1011.4258057992395,51.47450756345158,0,normal
24.148548539000277,1011.876441822456,55.08127403360975,0,normal
22.96349370976771,1009.4462490970714,63.406819587098205,0,normal
10.863321624779473,1029.624176801419,35.65698865142111,1,injection
24.08245663981073,1009.6754039488364,62.08126713169932,0,normal
34.233652027914346,998.7794932282377,83.22236983447065,1,backdoor
43.356745625927026,986.5945895376631,86.2174069126245,1,ddos
33.63257579229733,999.2979656893528,73.94157714681751,1,backdoor
22.475240890771094,1008.9360819270864,65.92839997454402,0,normal
24.708080561553423,1017.8910655462115,61.31934178824755,0,normal
23.27208714870884,1016.438519337704,61.31860919907051,0,normal
26.9126890572661,1012.7631017522592,68.89143135898767,0,normal
23.292125779552684,1014.0294875276546,56.76505060294945,0,normal
25.632351648280476,1011.218517640635,60.49756273812764,0,normal
25.845106601824064,1019.03084651013,65.75633406842854,0,normal
23.512566013758587,1014.4704347371505,54.55449881571612,0,normal
24.900521131180795,1011.2664711487221,66.11395873539,0,normal
22.341636164290534,1015.1467249157057,55.1948448658779,0,normal
25.571956409214454,1006.9982986645704,51.97257411632641,0,normal
12.17474428710077,1030.2668936848715,40.09047460820663,1,injection
29.151323677971604,1005.1492894655875,59.027575611909384,0,normal
23.23344358728332,1010.3290111915088,57.95925752827988,0,normal
25.750036842797293,1011.0206062653805,58.75274540100524,0,normal
26.398859125650276,1015.1427412359515,63.4536367472205,0,normal
23.914933146914745,1009.1920335264372,51.771932648033385,0,normal
25.887996653201668,1023.2613474709098,56.46960606577411,0,normal
42.65501585244666,992.3436016339735,84.26822351853747,1,ddos
22.250874577382316,1000.380871226824,60.715539257832354,0,normal
22.299869039305214,1015.9783828466103,60.940401720118516,0,normal
27.305913195560528,1012.1418331653182,69.40284999883421,0,normal
28.369730181918502,1018.3363461490618,61.272308701679705,0,normal
14.376434598462607,1028.67638101823,43.25219157970769,1,injection
25.686396670460795,1011.0116258614081,56.12048668567705,0,normal
25.645999249939432,1013.8009204484777,63.49776104046775,0,normal
22.69827972520396,1016.3656270157345,64.3258316930968,0,normal
22.197554373777088,1020.0406865505834,53.30604997048324,0,normal
21.84430599179328,1009.9248319236541,50.02741449428591,0,normal
41.815426777878805,992.9343110454079,85.57347581803617,1,ddos
26.231263940049324,1017.1078214096508,62.556591876512904,0,normal
4.75561831181892,1031.322388603329,43.87106598560106,1,injection
23.805840240210603,1013.7942254622405,61.48445211740281,0,normal
26.27812065456947,1010.3082055205534,60.5667303278172,0,normal
23.329367331270024,1009.4683832206873,59.665780574780804,0,normal
24.28419892142686,1010.9013989520356,53.444839352847225,0,normal
22.27785689729521,1015.163276184286,54.21342227579753,0,normal
25.51974940766707,1024.3484568742765,64.80314039435369,0,normal
34.67014852585626,996.4427203161403,80.50452952558192,1,backdoor
25.73785205779129,1017.1588555376635,61.80503972120819,0,normal
25.067913237774576,1012.1675664004127,56.27348818321237,0,normal
23.317469906567403,1005.7950637038366,58.565303465518376,0,normal
26.954431361012773,1017.6166310415832,60.97532291387614,0,normal
26.477960562134648,1019.7978694314361,62.181566648673716,0,normal
45.20574023509959,990.7392108142895,87.28127154461913,1,ddos
25.45513117480145,1016.5166205832014,41.55291526288549,0,normal
5.45173625267179,1038.7928655209662,43.65936760994329,1,injection
25.62242559664613,1002.8962820216206,64.65406805067221,0,normal
8.603770793575661,1037.3712376253316,32.483414340753924,1,injection
26.854957256284575,1017.5442311015785,67.01437676805779,0,normal
31.27230632857106,1000.1327210437074,74.5889276284502,1,backdoor
23.566299310797202,1014.6028888416305,58.16648226106407,0,normal
22.803310238869436,1010.1057735604327,61.46266052844901,0,normal
22.279122484003807,1010.3733079801684,61.04111629363185,0,normal
24.304576393047892,1021.1228834459839,62.8425593684533,0,normal
33.69612005159324,999.4185689017459,73.03960167186078,1,backdoor
25.301277400858,1013.4291033427533,52.294387697817925,0,normal
23.147112047380396,1015.8544830705855,59.83894193499325,0,normal
24.48799655486729,1011.4046215050578,66.21389500753301,0,normal
44.184318838274606,989.0277599269592,87.24411643381937,1,ddos
23.51016647927256,1007.036665292571,65.3373328463573,0,normal
26.110368931423356,1014.2682495945953,56.51531619585107,0,normal
24.184566380704783,1006.072810983384,54.34211796671442,0,normal
44.87869954517995,989.3198261077683,84.6058887964028,1,ddos
26.717975910041304,1008.8985372818948,72.10890015167051,0,normal
25.14583418359147,1009.8147965958037,61.42519751720427,0,normal
24.70214857982508,1014.0646257491238,55.06074029125065,0,normal
25.400135776864854,1021.9734602833892,55.64863343634077,0,normal
21.384660967477725,1019.3024795342002,63.453720495068374,0,normal
24.742575098446444,1006.1131874806513,63.55358863025149,0,normal
29.35228482457766,1000.3676828744544,74.04144798496165,0,normal
20.415215506750577,1017.6843933687153,64.44823545691786,0,normal
22.391144739292024,1016.5279571845438,58.46830710832448,0,normal
24.849760763335112,1018.1583972348228,58.832158638079754,0,normal
26.331596353247733,1006.5346998524217,61.50950347118699,0,normal
15.85325117876952,1031.7162417376535,32.48532281420003,1,injection
24.974588555010516,1012.5785054875078,66.19211689845937,0,normal
36.83975572593507,1003.4830900909694,79.8342433009797,1,backdoor
24.50836078703364,1005.1969357127508,62.32383103121272,0,normal
24.528173235376073,1005.0433961122571,58.27144139854416,0,normal
25.05996009292778,1009.2325615403165,64.67659434484352,0,normal
46.19322064688712,990.501472624806,86.2949129698983,1,ddos
33.741259451950626,1008.6101811739461,71.57517990787787,1,backdoor
26.518510641490064,1013.7922026120823,57.82620081664922,0,normal
36.9623259325777,1002.6399464050668,75.9898953940107,1,backdoor
26.055339845530302,1009.6782368120672,59.06365346124363,0,normal
34.16436361471292,999.5816457049976,69.57487279255996,1,backdoor
25.671699476801688,1008.1784593225461,67.74731633506549,0,normal
27.04794979366316,1016.3581832624174,57.882428686754864,0,normal
23.805507306087346,1016.1839446277254,63.62800667186335,0,normal
25.010587653673667,1014.7497757042267,66.44851097615486,0,normal
34.724247581727134,1003.9787908661967,73.45869572295172,1,backdoor
26.14873885312269,1016.8582297750652,53.37384947500856,0,normal
25.67576393741235,1011.0078704028521,59.05250679189119,0,normal
26.027368270328495,1020.3065664866822,61.056235590254445,0,normal
46.03096022251971,993.6808914150214,82.12447364645057,1,ddos
23.751274973514416,1007.4673149128777,58.81424567954972,0,normal
30.170554434382225,1017.063476418713,64.0884687013264,0,normal
27.958287733583777,1011.0595023177692,63.19758199296456,0,normal
25.292066619376513,1016.2741746938527,64.66722302259883,0,normal
22.066444239646238,1017.7706618729278,61.22563700705692,0,normal
21.56750063618871,1020.8859441299109,63.534734236855556,0,normal
29.05321935556772,1007.6400787489451,57.78464907402544,0,normal
25.5412847041199,1016.3519906798873,53.862893352047074,0,normal
23.728057105415786,1016.7834563815323,63.828485902363305,0,normal
26.885670207946074,1004.8828154495515,61.221584018090404,0,normal
26.813584818356464,1017.1117151358487,48.99009429584396,0,normal
23.772222008579043,1019.7407506071416,62.66994863139247,0,normal
9.593790838928678,1025.0010367038835,37.75449997660515,1,injection
26.725052241051834,1012.3827502440843,59.95799805430562,0,normal
43.96407755084692,993.1058682598253,84.75344973239625,1,ddos
23.148203684858906,1008.5155536558568,54.80734599032824,0,normal
46.8307038989232,992.958383237367,81.5505993288738,1,ddos
15.379254770374649,1028.3147743690697,34.68693106730399,1,injection
23.329918353243766,1011.3843613201395,63.01305990019807,0,normal
27.30886682417532,1009.4811779831174,69.15499042640602,0,normal
26.20638705391626,1012.3223548172742,65.4439945682571,0,normal
21.32934865403211,1016.3122881064513,70.81043927119701,0,normal
23.470185983650673,1016.6312648633598,60.77255867454968,0,normal
31.747486054611617,1002.911381439098,74.97504761998806,1,backdoor
26.029026402939838,1017.902416558699,65.17780050940151,0,normal
34.38412260376675,1002.7660197060962,79.3721532637673,1,backdoor
27.829767040648385,1015.6966663546829,49.165015458133716,0,normal
24.78775492146518,1007.7567394711724,62.895216104684174,0,normal
21.724834183715977,1011.2278373934514,61.69610435807875,0,normal
26.480058070067837,1010.1349828859418,52.93071440434271,0,normal
12.849092559095421,1017.1675031952847,42.831799701608716,1,injection
25.35908840490904,1008.8918658844811,71.54015568109784,0,normal
28.44718770574463,1010.2769032165369,64.81695549576042,0,normal
3.8133409161381184,1034.497939214328,39.09939786320713,1,injection
25.7372845326671,1010.3092158229865,63.22682864023416,0,normal
32.851276166295236,1000.7960838937959,80.08297242872764,1,backdoor
26.486574281061547,1009.5166973996451,64.70193428615883,0,normal
28.038115907891203,1002.5899315417452,73.81014539735652,1,backdoor
27.775083591881085,1015.1255642880823,62.07517820270426,0,normal
26.70932342723064,1013.2276169795821,59.1019087780596,0,normal
37.889825566769304,997.4133405400112,69.98449503629968,1,backdoor
23.799627736567352,1016.8840377315884,57.84945917726288,0,normal
25.558475326767855,1020.7133660704094,51.197508829167745,0,normal
40.123210151292334,990.8135584495826,82.65107056199369,1,ddos
22.413095282506433,1005.2714187772572,55.15880941802023,0,normal
24.565035374425204,1011.6433305604596,57.65962121018182,0,normal
21.1846185123252,1015.9845741585915,62.67361458412794,0,normal
25.05024086170027,1009.6904773092507,59.69119391831768,0,normal
26.84902097535591,1019.0441368747739,59.97938758370073,0,normal
24.827016581156702,1008.5671928718145,67.06931847019435,0,normal
27.409450892314247,1021.8623464068514,58.51973150365563,0,normal
22.330371810232435,1016.7107045162998,66.13916861593394,0,normal
23.419721968478573,1008.2317649627122,57.882435547790976,0,normal
27.22790651693193,1006.4072372685986,66.91032405446057,0,normal
24.874171046800534,1022.2648094749011,55.9635335546198,0,normal
25.783504881101535,1011.0422049953693,62.879645256379966,0,normal
25.61638762795002,1004.8582505411708,65.02907253319897,0,normal
19.97537663311063,1009.4375015253906,67.23996906995964,0,normal
30.9169348752159,997.5677907522552,81.04070250087477,1,backdoor
20.989020575625773,1020.4409464320303,61.27100362291345,0,normal
25.893205688995135,1016.6872615885931,59.015259073626886,0,normal
3.769084804998572,1027.141028726427,35.077501571825835,1,injection
26.786575212183507,1018.7128427804913,59.68832843433511,0,normal
27.180149472986837,1012.1953364596038,59.99722275289695,0,normal
24.636474097771455,1012.4234859577479,63.872809886173954,0,normal
24.0231001796549,1016.674781038951,62.69319745949207,0,normal
13.998099823613442,1028.5479925102848,38.374294534089664,1,injection
22.704051149470565,1010.9447576207069,64.94982887752946,0,normal
25.69688737572283,1009.225157798754,54.67576347810652,0,normal
29.688477334603977,1012.7866575673929,71.30446960660674,0,normal
23.20155900334421,1018.0121599239965,50.93539766062396,0,normal
21.326528366645345,1016.5812036273713,56.66965149674043,0,normal
27.83249770933618,1005.3606613896119,59.267141176485474,0,normal
25.520042250989746,1015.2771788667104,60.32200215360417,0,normal
23.34239550279556,1007.3310726765023,50.4565707142701,0,normal
27.18783161286513,1009.9659937403,58.026934810536325,0,normal
26.691780103677903,1018.6239815161504,60.55675162037892,0,normal
7.497384543453598,1029.542029667565,47.8031925893267,1,injection
23.74852305056831,1018.1460719997938,64.58247170733047,0,normal
26.354734329957637,1010.2596423225378,57.101318563887034,0,normal
35.495568134582314,994.8519195787794,63.71048552291411,1,backdoor
24.590048844441217,1011.7230346870502,57.3543481352532,0,normal
23.522381873525262,1018.1896420421232,69.24987578178413,0,normal
13.28360416464886,1030.964604286661,40.99170495186344,1,injection
21.84195509392118,1017.4333445773976,60.68482133466631,0,normal
25.723220111160998,1012.5717346561395,58.89742409455536,0,normal
43.78045818690253,994.2980107326144,86.74016524555398,1,ddos
23.972532296156405,1008.2849823779866,57.851330991494045,0,normal
24.898774422703227,1008.3218323996053,66.02762084848226,0,normal
24.17515090873188,1020.8468186675377,59.24376105145452,0,normal
23.512056275623987,1013.0293291598126,60.36128576214249,0,normal
23.73277084567263,1009.7779538694973,62.91263669025919,0,normal
38.55558820414735,999.4534084689158,76.04440262975153,1,backdoor
23.33227560422627,1017.518881110423,69.88289772233094,0,normal
22.095257718545657,1018.788905496082,50.27843833304559,0,normal
26.565639674874674,1021.663993731527,58.18830202407129,0,normal
44.14434947598852,987.1010474012043,84.67904224391738,1,ddos
24.276682614197803,1008.4890866830871,68.27815339870637,0,normal
25.19280809797235,1012.4156440662385,56.150433926742664,0,normal
22.620162456194926,1022.0518807523193,62.88414374101468,0,normal
23.547678031021302,1016.2949091065936,63.40900427073009,0,normal
23.03331324118179,1017.2548445462687,54.864270428259715,0,normal
25.133050450140995,1008.4280817694986,56.853931526477425,0,normal
33.01647385753128,1000.8318158593162,74.58617571863269,1,backdoor
25.24506801382098,1015.775536061173,56.81553908420859,0,normal
27.076390656887995,1020.8026956238665,58.70986716158871,0,normal
25.87016360716572,999.789389124448,58.348458317241324,0,normal
19.71523194635684,1017.8312174980546,64.55167851375037,0,normal
24.029351235154085,1016.1804707362941,65.43311756976408,0,normal
45.90823766829907,989.5221485902158,85.04357849487785,1,ddos
27.987700641965375,1015.8276026490781,52.05358897444411,0,normal
25.088354175992446,1009.1334621333411,59.18229171789468,0,normal
25.380774360028774,1008.3911716276143,63.87366675602918,0,normal
26.305911035726155,1014.8865850355651,60.08091464227324,0,normal
31.373027538100207,992.635467613911,75.85943001502183,1,backdoor
25.034333793366095,1010.2984747961403,52.9158969827504,0,normal
7.552165355432208,1030.4326855055403,36.689449507504406,1,injection
27.417909510062643,1026.8248095471342,58.456115871553926,0,normal
25.21189433780432,1018.9753524880992,55.99968276552941,0,normal
26.997149280571147,1007.7164388538145,64.62546430866908,0,normal
26.343961452920787,1019.3037244405652,72.27367913763283,0,normal
24.590340936794846,1019.480878261828,49.719601849984244,0,normal
25.98183470664096,1007.2440039118816,71.939997339562,0,normal
28.2851341772383,1011.0998832348076,54.39107551965143,0,normal
25.272197699783813,1011.8186424407972,59.24644313473795,0,normal
25.867623093837096,1016.099714889729,63.877626834091615,0,normal
25.24509622565806,1013.8177355670455,63.12916020333005,0,normal
26.546006604875878,1012.3404454550915,62.7168095557878,0,normal
27.21173176642962,1015.2902519052958,54.08361276990528,0,normal
26.560542465315425,1012.9202175216561,52.57138977282065,0,normal
35.96290214191794,1001.0779327304367,63.32954713721971,1,backdoor
32.78339059751085,998.833328922585,71.89721200034982,1,backdoor
24.948756964571455,1006.3743238902861,63.46359159493623,0,normal
28.452348382991882,1010.0088265463131,55.76026373129334,0,normal
23.076203187107108,1009.4932164110581,56.881072144826014,0,normal
24.317975400457243,1020.603924607376,61.77897970251003,0,normal
25.717755073072706,1007.3371199193916,65.64771082614463,0,normal
26.088910790115897,1014.5494709175913,63.490199069943266,0,normal
24.936097853111697,1014.4305637477023,64.5533880276902,0,normal
25.725951605862477,1012.5992301042955,49.25323662359047,0,normal
23.075813872924023,1013.3431403943995,54.39018892970906,0,normal
22.491506199502385,1020.0004856384289,64.02396541930455,0,normal
24.121695882939648,1016.1339348463428,70.43287457373422,0,normal
19.99361377292881,1014.9037697070622,58.68812721830126,0,normal
25.159230126304276,1020.6978693801583,53.33565768664161,0,normal
27.06334858777081,1015.7386692138645,65.6554536769922,0,normal
46.13573719427556,988.9895676744742,83.58912112594184,1,ddos
25.514273972257985,1014.3541465486946,61.52787824720702,0,normal
36.51335912767783,998.9441622189336,73.42230633133862,1,backdoor
23.261589071217045,1015.612465901555,64.89808463124022,0,normal
25.23864306142829,1015.8211157933574,58.679881078741104,0,normal
14.898594022003486,1029.3784616465548,34.04669786543688,1,injection
27.000669831079225,1010.1729115785822,59.75440859360877,0,normal
9.094473164878291,1029.0790116045644,43.638093895001624,1,injection
23.522140254495085,1009.9580954305344,67.08013930389276,0,normal
23.552417107363873,1014.0259663405392,69.15256115437336,0,normal
31.909415005542204,996.6520439569185,74.06862004359648,1,backdoor
27.520067301339584,1017.3092790121835,54.062959090214655,0,normal
38.361656730212005,993.8105752828053,81.61930506594261,1,backdoor
22.431303853937195,1016.8601473441437,64.95354506880217,0,normal
38.119155053647134,1007.1122786576933,74.11794581461815,1,backdoor
24.58963353989591,1022.3780806903881,60.169865503180546,0,normal
17.293241051813357,1028.333237376454,45.26939174417486,1,injection
27.14006592267075,1011.8661740112539,62.345971282807604,0,normal
22.854843249837728,1015.6370064547184,62.19444663590336,0,normal
25.375127767078432,1020.830603234495,59.87087323753282,0,normal
25.47771334690005,1004.1692212407588,59.32315710004143,0,normal
26.6295782867194,1021.5011427416769,61.12629466052175,0,normal
24.038646423286004,1012.5948715257394,61.35870407983773,0,normal
25.63549394906145,1011.7753736654839,64.33714944350912,0,normal
26.08182470173531,1007.6892577470418,64.44504526446327,0,normal
27.185007189785654,1012.2078596461525,57.540716476939764,0,normal
23.040406269640727,1011.1103768539836,59.45378496710949,0,normal
24.875946561790734,1021.3189559498951,54.19823868403347,0,normal
24.641356770917465,1003.9261208869585,60.7152810422171,0,normal
26.33969799901917,1014.2024024182354,63.810947630530244,0,normal
25.32151458254555,1017.4306816289987,59.58881078595044,0,normal
27.813194616443493,1018.4636953284555,59.117403525593204,0,normal
25.11603081550656,1010.9311788297175,65.42127969135035,0,normal
45.118268058583546,987.3163633070908,85.53323730598017,1,ddos
27.2051854438456,1017.296898980147,67.93855435986606,0,normal
28.38886942964616,1012.9642975637056,56.567559251864395,0,normal
27.30892907648172,1008.5937864040432,69.934124812292,0,normal
25.371049278213697,1010.6951927204636,59.543406401115746,0,normal
38.01323197327775,1001.5349592274989,73.9782097535704,1,backdoor
27.87112391978215,1007.3577862630877,60.699092145811235,0,normal
25.349533020463348,1010.1665521626754,55.31267417641862,0,normal
22.387060658052032,1006.6844767477911,62.20819102142717,0,normal
26.560384514999246,1017.7769564269007,62.68560506672577,0,normal
15.786680305711322,1035.1984600684932,44.72877764274111,1,injection
26.66006862860274,1015.0845477661201,65.19990816714261,0,normal
26.809171983043896,1011.8507364548334,60.86315479493249,0,normal
6.443975895513645,1028.453990636426,36.49012131638135,1,injection
24.51367772037778,1013.0450315001623,61.276050206780354,0,normal
25.289940670821103,1020.0880114867441,65.79306225195543,0,normal
24.831168079263968,1015.5412854057686,60.617395125310125,0,normal
25.508301293044855,1015.503699637113,55.87663064136041,0,normal
20.25862585491459,1017.1524030980917,64.51894929242589,0,normal
23.373976167644372,1008.6513145217004,60.51178121822337,0,normal
26.30566512742846,1009.1214492276489,56.40633851918913,0,normal
27.628649418573627,1011.4271681959541,59.31672516069773,0,normal
21.991946809650337,1013.4315122238474,56.903037811792665,0,normal
27.023397142355705,1014.9371283791844,63.749395541493584,0,normal
26.179514962434947,1014.6382860086957,60.98347334215878,0,normal
43.27997939761348,990.8622110067313,87.16923066137375,1,ddos
24.717763787659578,1022.1444154637351,61.08312551758609,0,normal
26.222989917035978,1011.5842715819452,60.363509315815286,0,normal
46.52911373447134,993.8769100982224,84.4382991474903,1,ddos
32.64257157801497,993.5439770349101,78.8796575045213,1,backdoor
24.16259139824446,1016.8103856049335,61.09220795841328,0,normal
24.273137971354114,1011.7058451382329,59.33025811609106,0,normal
28.591751816257165,1010.6322738241863,59.32499628353544,0,normal
46.418992630216735,991.5132046076428,81.59864359739527,1,ddos
23.427528946447453,1015.4899966344356,51.64300792743053,0,normal
23.923992814333307,1021.3177148550346,61.466666989108646,0,normal
42.95108675470723,994.7998647559871,82.14766256003178,1,ddos
7.2765697294486475,1033.3379668948103,40.62741739929999,1,injection
24.626240244881217,1009.4262238282377,51.640698406589635,0,normal
27.065451949817568,1009.6438126655647,60.60235640402323,0,normal
26.004397073567958,1016.7199714627609,65.39296878845461,0,normal
27.713968999090106,1009.4495606465093,62.10968827887167,0,normal
21.424778830113876,1014.2637743092341,64.7969091589541,0,normal
24.506139486803793,1013.405832448629,61.25089297858616,0,normal
26.482222494634215,1010.9813588962675,65.29853873626611,0,normal
24.88625201594094,1015.0706833062727,59.66853677599901,0,normal
36.69718672150849,998.8510940265331,75.30420922160675,1,backdoor
37.68124426609142,1007.2253241720127,69.47157807222678,1,backdoor
45.25190558819332,989.4892213285598,85.00712211454955,1,ddos
25.017749063192156,1005.8640939314032,60.065212595301354,0,normal
24.510739169003642,1014.7997771124984,53.38058114072473,0,normal
26.78766560696137,1011.9960512113752,60.07645374400836,0,normal
23.0394716480735,1010.7587128442041,55.69381386978332,0,normal
23.918591796411185,1011.56561075212,51.700386024646136,0,normal
30.209847792762822,1008.1329015233033,53.82335288442992,0,normal
36.67060424449597,1007.7682860385914,80.00024345102108,1,backdoor
45.50511166700483,993.0194894061899,86.25556571072178,1,ddos
25.711345236751512,1018.632605387199,55.83569351979691,0,normal
27.1439252145231,1014.340370610047,53.06498289800128,0,normal
23.693848285534962,1009.3183270085303,58.79066548722319,0,normal
26.29835875663523,1011.0874707600434,65.0976411337915,0,normal
24.590805665846077,1017.7348297301684,59.336873393556495,0,normal
44.903201706133345,991.0425886894558,84.05340100847026,1,ddos
25.4135038436426,1022.9981208107176,65.47003158702228,0,normal
35.71075663743124,994.3567461919628,82.70540463298235,1,backdoor
25.361356645171718,1018.9617117050226,54.071313964734834,0,normal
25.983058694273936,1012.0217931897042,60.59735886684335,0,normal
23.387341791951197,1015.9551434796828,61.65691775731834,0,normal
34.13893234761139,1006.6212582293055,73.30623983555503,1,backdoor
23.49482815617305,1016.2758951313485,70.24547227984975,0,normal
24.30676205615164,1015.5194551443915,62.54952464263597,0,normal
24.595846179720755,1010.8790599556294,66.04644911800186,0,normal
26.181605439400933,1006.6859271692368,57.33261687077053,0,normal
27.641222230800103,1010.9568431265451,65.23953423642331,0,normal
-0.23987502797494997,1030.35049468806,45.67634325730873,1,injection
19.538800280894833,996.4620445686537,53.65210870554419,0,normal
22.844504417688977,1010.9114872497424,65.36124558342303,0,normal
22.64784142479873,1006.8154415395168,56.99631237995885,0,normal
48.55911775942328,990.2658200412151,85.6718323020573,1,ddos
23.86442840472373,1013.225178794032,62.41112481625431,0,normal
23.237839494461657,1011.0728560221743,56.50047351275986,0,normal
26.492154222804647,1010.384704383625,58.49558722521883,0,normal
24.50431703905584,1013.4986456760294,71.68273029985124,0,normal
24.470882531963568,1017.2085417828773,54.102781792459844,0,normal
10.08952130483072,1035.1338856065302,35.76073716133092,1,injection
23.772474560241527,1010.9172510506946,57.82204207889084,0,normal
26.304753373570165,1005.8558140789004,55.324670026068404,0,normal
21.092264146111994,1014.2935598404232,59.91451026350941,0,normal
13.258936767663272,1030.2950501628718,42.58469679793693,1,injection
36.05923993725862,1000.4673892763203,77.82805986296557,1,backdoor
24.199912171777555,1001.045138184421,63.77748945510791,0,normal
24.400897816265072,1017.1456795628657,49.116506329185974,0,normal
25.957175865137447,1017.6031408713037,65.01821934585267,0,normal
24.348831604748558,1008.5078826508528,62.470123199637676,0,normal
30.072280877937484,1018.3644836599194,59.87998910581568,0,normal
24.678540212906885,1011.7895358176611,59.371767567842966,0,normal
41.05890201607189,988.226404252345,83.5039356803846,1,ddos
22.964201643295787,1009.2984658850368,63.03253950164586,0,normal
22.320199575643695,1015.7824488853521,60.71900747847873,0,normal
35.41341686974804,1007.5706726193083,72.6751573553985,1,backdoor
43.244583132350826,987.666622955352,85.9536015091805,1,ddos
25.89346102674892,1009.3103194954061,55.77601393438605,0,normal
11.386996150446931,1033.8116308972862,29.687901585648135,1,injection
15.894567915080236,1028.87623597516,46.556766488711304,1,injection
23.558523206499668,1013.4895399192085,58.907536687036526,0,normal
28.88750978535505,1008.7517395622805,55.18127287618455,0,normal
10.168285248722523,1030.7293538450347,32.48621364633751,1,injection
25.55721185937459,1006.743406709396,55.916278759722935,0,normal
22.764152343554105,1004.3040026501798,67.76472739084534,0,normal
22.86590055562951,1014.8583237789861,68.58916387307654,0,normal
25.28228907454618,1017.7473948241145,58.22338300341777,0,normal
23.72472263858039,1013.1007958020168,64.18187321505029,0,normal
24.602122831122195,1015.8243935780919,48.923513653205084,0,normal
27.542211429981002,1007.1508996608787,62.74578190443219,0,normal
27.884236246032643,1015.5035753842658,68.12423185742747,0,normal
22.93238563140033,1022.6062341266143,63.647511101838596,0,normal
33.80812756174696,999.2097807622566,74.39528012725194,1,backdoor
25.57363790528489,1009.5664166667533,59.501715409280436,0,normal
23.335070306957974,1005.8525572164259,55.91332267488111,0,normal
23.375996131328264,1021.6367935776132,64.43633099099289,0,normal
24.15021882900312,1014.440407020347,59.23695851958764,0,normal
25.458164095947893,1006.9674961529115,64.43794178304054,0,normal
25.50114975142746,1015.2349021215351,67.48970636836106,0,normal
45.96773178645784,989.0201538352455,82.59552902902176,1,ddos
23.03315822320474,1011.7958572371991,62.940257875867786,0,normal
24.10552333700662,1016.8755568102822,56.02482395243268,0,normal
24.470004079835007,1012.4320513207807,58.29945343189076,0,normal
29.093569230457554,1018.58494919518,48.08198393005527,0,normal
26.72762463142439,1018.9034212229665,61.70145554402238,0,normal
6.478515098283503,1027.559203366944,33.25553482513325,1,injection
22.61302702711753,1013.7062651235417,58.709749297384676,0,normal
22.7456905339807,1010.0321227675889,62.14061207270963,0,normal
26.21468725495173,1003.457164575312,51.49047648218027,0,normal
33.45552405391469,997.8336356580613,75.22672016654877,1,backdoor
23.54477614761695,1008.98180409712,53.994576522652196,0,normal
25.536261081787153,1013.1471233352108,61.62367907538212,0,normal
24.179974029032284,1006.8005572137768,57.352771138976166,0,normal
26.692444672190422,1014.1823197862242,57.014941884000564,0,normal
23.8280836973324,1017.9542634865069,57.89816718040185,0,normal
25.118860197952877,1012.2892279169943,72.57742128755741,0,normal
24.318209419646713,1022.0593514203129,63.93618152945979,0,normal
23.82068312086406,1015.6154495708275,60.34275694341871,0,normal
5.6268265251257805,1028.6120300106272,38.118988651288,1,injection
25.2357062849191,1015.3062930347222,54.72366348441135,0,normal
26.024558797115667,1012.2592316163403,62.023440770271435,0,normal
25.427588531766922,1018.8690983855278,63.35552772825401,0,normal
13.97045010109391,1023.1787978318785,37.036938873920555,1,injection
21.210299046566483,1014.4912353902083,57.157558936484186,0,normal
21.171296149071324,1012.6348989941627,59.11641188687747,0,normal
24.810211195849273,1012.4318980231828,57.63129668075932,0,normal
48.198255117722134,988.962145268979,83.67774879781459,1,ddos
26.994147221487058,1019.5677572268903,60.19514199559277,0,normal
26.181437699131465,1016.2104300163669,57.89214399065807,0,normal
24.89452697944819,1004.2466757990177,56.20908246175438,0,normal
39.795035037023396,1009.4206872182875,76.4151715405486,1,backdoor
23.640554016756525,1007.6717679301615,71.01117294171178,0,normal
19.993395859824407,1003.7418086201418,56.2850523976535,0,normal
33.6142760747087,999.8699668843577,69.79479884445801,1,backdoor
26.215295139559593,1015.5632248646534,64.25872342328991,0,normal
30.335085564382737,1012.2794381039548,55.443191678996406,0,normal
21.893248929866072,1022.1498294497552,60.94350090083346,0,normal
24.604116204990824,1019.8361302825945,56.4876560912584,0,normal
22.560573197101355,1016.0365206828013,63.05148880510238,0,normal
23.497498611237084,1016.7906689282448,56.210557801744685,0,normal
37.498401051408,1000.5951198457675,72.33268176199392,1,backdoor
23.280212664438196,1018.6955838261631,53.51251347265096,0,normal
24.28734279767809,1004.3692573486968,58.924598353562,0,normal
13.854248488127011,1025.0189056484744,52.272522516907536,1,injection
24.799686430728695,1014.2762225907794,66.62272671181307,0,normal
24.21529076032155,1006.9100239969407,49.77209540577797,0,normal
24.06054329939206,1013.0676764656106,56.71254927394293,0,normal
26.28364850414454,1011.2379786107778,52.649607678714986,0,normal
24.063304987905187,1001.1212248416832,63.868555037609596,0,normal
21.19021625581081,1009.7466767369542,69.80802647881576,0,normal
29.36635950842204,1023.1399561018975,70.13724276816144,0,normal
24.48829297192317,1012.8008590464051,66.23860177602822,0,normal
25.047056404035676,1015.9612012749502,55.11292832227801,0,normal
24.16081938377667,1010.9832919814273,54.78246375644414,0,normal
24.399779624971885,1022.0039153247908,65.47196732395217,0,normal
28.737517877071802,1016.8870219433703,67.99287982186156,0,normal
30.983900050105674,994.0668721678601,78.5865438942163,1,backdoor
26.57499177970133,1010.0984725234731,52.49702101395983,0,normal
24.82086252853512,1014.0795586845434,61.67642315368359,0,normal
28.585975591120985,1011.577643709297,57.300760576504004,0,normal
23.87760186102548,1005.7278701574039,61.166402619501206,0,normal
23.53854703734647,1024.8482077954181,57.34992535103148,0,normal
25.155513296263653,1021.0579088475971,65.77850806465858,0,normal
26.59882577119032,1011.2314863975032,67.49470704157504,0,normal
25.314029697666953,1012.6688224233839,63.70521924371267,0,normal
26.134931146149743,1018.9786799564242,64.13479242595102,0,normal
25.89269687351296,1014.5654750579197,57.57004287150155,0,normal
21.74177632875863,1011.5463959509201,66.250859473345,0,normal
25.680846861714368,1019.5509045401985,68.32154366763928,0,normal
37.966885991467436,1006.4733192225949,65.68107117761303,1,backdoor
24.065817471335357,1014.8925492170449,54.569167157100985,0,normal
22.996122005966736,1019.889336837428,53.16785892672857,0,normal
4.829620235944013,1024.436782468575,30.407427226812512,1,injection
45.785327641175336,989.8812693334831,88.44489575151205,1,ddos
23.08431639163627,1004.9072843417354,53.53429664626953,0,normal
26.122472842197013,1011.2843451689552,61.043231180200955,0,normal
26.713700712027986,1013.9509791581173,67.6189666809205,0,normal
23.610044596591802,1021.159661963839,57.33978640217166,0,normal
24.300956881779346,1008.9128919281867,59.50470481792477,0,normal
25.614629275258306,1014.2473009882884,60.86522998953267,0,normal
38.741365304472495,1006.1481659466438,78.55922622056441,1,backdoor
23.965949018397854,1016.5725658666505,55.3707285291121,0,normal
29.395147782667934,1017.3675993191176,66.94066776350722,0,normal
28.00696926033577,1008.0193881821751,52.58574309987575,0,normal
23.19168535461117,1015.360473615766,55.96065006156698,0,normal
43.19782556937056,992.3229250362842,84.4557796200417,1,ddos
47.844059417383214,988.4898876456451,83.4985958822118,1,ddos
24.059742325238787,1018.1528662105839,57.454554209644904,0,normal
24.989076735543136,1008.2625873932333,55.85581825802328,0,normal
26.143823866911838,1016.7124747784221,62.69282023251303,0,normal
23.374106257125536,1024.0409976887004,63.69101314282224,0,normal
23.03093662204921,1010.9532161926461,64.33645278084161,0,normal
23.34741345562462,1017.3924802958047,57.256577258406836,0,normal
24.785050453286228,1018.8015856571933,59.073301264843636,0,normal
26.13763597594703,1007.9081228080044,46.89124616828218,0,normal
22.09693762135716,1009.5445325170363,52.9530526452309,0,normal
23.63222479614856,1007.7731518591978,61.02503068456096,0,normal
26.1878228965746,1010.4153215295686,53.796596531672314,0,normal
31.788308097137573,1011.680453097409,63.04149969222564,0,normal
25.52116133699062,1009.3173208037415,56.15869139944954,0,normal
21.45035400725998,1018.4831247727348,59.686905718908214,0,normal
28.1763192401351,1013.9944143036706,56.22782886797017,0,normal
25.9850392253964,1020.1749956227491,54.41960710135202,0,normal
26.439722552138306,1013.7071583499296,63.702303081017796,0,normal
11.386139330500336,1033.8183803855802,31.689900347174692,1,injection
25.03616937043334,1012.6929798207215,66.28612803492365,0,normal
23.681670943116092,1004.690514889332,69.66267336253088,0,normal
25.27685065192947,1005.5819372088416,51.3973601108378,0,normal
25.673094338521935,1015.8458619236425,64.55080110374645,0,normal
22.97931956315638,1016.324171696604,53.539860526929914,0,normal
27.71697009191995,1006.2895906936649,67.72542351786426,0,normal
25.569544442290216,1015.7035852621459,65.4888649082252,0,normal
26.869247123937186,1015.5470200471584,63.08368022456605,0,normal
15.149112576863285,1032.3241779512066,42.415013721989524,1,injection
21.662454525309812,1011.7703070407973,53.523378289385796,0,normal
25.869878020234413,1016.9797958747566,45.358239905928585,0,normal
35.27910698277496,995.8788974799229,73.11188821635285,1,backdoor
21.940120880789213,1011.500062476816,56.528945103944686,0,normal
45.66847616631362,989.3727706170306,83.90388097481096,1,ddos
23.73915306256204,1011.9313674814198,58.24014221732728,0,normal
22.1555291189415,1017.8325506050134,73.05857359095936,0,normal
26.59811751889939,1006.2538564242059,53.522742921062,0,normal
45.843489060837065,993.19798943382,87.03023225443545,1,ddos
23.180359631737517,1020.1390572839194,54.40108233065107,0,normal
27.063231453945367,1011.078871458591,55.91938195428036,0,normal
23.10533871898556,1003.4670865708568,60.94528712204022,0,normal
32.38764813925542,1008.8260910551506,72.56713817180312,1,backdoor
4.854566781683464,1025.7592312512575,43.80994606869102,1,injection
23.931464790839534,1016.946690705753,58.82511797237712,0,normal
25.069417422882623,1019.6306494172364,55.680458774320655,0,normal
25.623649003247404,1005.5163989616935,56.42765643997039,0,normal
46.81865739591988,988.6162902132877,85.27889556630134,1,ddos
19.930381979621394,1010.857347860356,64.93087519762382,0,normal
42.78138270329927,990.6032412577504,85.16661559133142,1,ddos
23.51914632167631,1014.8356261171413,62.28631238268134,0,normal
25.83234842591819,1009.4842437386169,65.8292976953763,0,normal
43.245434162093275,992.8341927494237,87.46164113344653,1,ddos
24.319848812947463,1008.4037887628194,59.282547313741226,0,normal
47.238796070467934,989.5871441921923,81.2427801559481,1,ddos
25.645946890805437,1011.7910805093949,56.901915471395874,0,normal
20.722174729939784,1018.9208148816243,62.11717214099138,0,normal
24.70548272533089,1018.7701978071357,55.928046844131785,0,normal
27.089186314626488,1012.2885616911981,61.78535207614114,0,normal
26.753806278071668,1018.1622494617566,53.77910248696023,0,normal
24.65034888187619,1010.7567980546149,63.48159983550344,0,normal
25.785386288902515,1007.7188683782223,66.95235139704178,0,normal
35.971563308017394,1001.7566974488203,77.39998744644878,1,backdoor
24.777566914116008,1015.2790984325702,64.26130710493123,0,normal
23.660963699103682,1018.3079542376289,61.82335452864245,0,normal
24.521437056416833,1009.4701956153831,53.481197450872784,0,normal
24.238750434433506,1007.6673080150421,53.976434872942406,0,normal
22.627462591648758,1015.4329053136993,58.75692668732374,0,normal
24.98963399974293,1005.0475833736721,57.43883543360261,0,normal
23.270640433261793,1016.3412231694227,63.407156492620594,0,normal
26.488445562222925,1010.957886598549,60.5123204538024,0,normal
26.25756784037458,1012.2998041502831,67.99252582462242,0,normal
25.81559079482791,1005.9293060215225,65.49310518662068,0,normal
26.197997799038106,1016.9118748821656,62.32382249099725,0,normal
22.530736933097685,1015.9484486996363,61.0018924491577,0,normal
24.75856472522925,1012.9502120600151,60.16126530378195,0,normal
28.70898836699039,996.6807889587898,74.45968836855643,1,backdoor
42.29483032324568,987.95989739077,86.19300951225833,1,ddos
25.712923115345443,1019.4331964492403,67.28830137445915,0,normal
24.54727317281913,1007.012880343289,52.07480242148029,0,normal
25.16497325410574,1018.7122910901754,67.50154877093733,0,normal
35.742662120811936,998.5782829016645,70.1768666178684,1,backdoor
32.57346991196859,998.6672057422816,71.89130521795457,1,backdoor
16.093208912875447,1032.6513062237973,42.75841774439075,1,injection
21.289682252118666,1006.2840797499687,57.22741343423829,0,normal
22.714695197785538,1009.1495139114077,62.09196003267097,0,normal
22.91576755171592,1021.7389375818057,57.773874300045414,0,normal
26.351660960889173,1002.4857407396714,61.487297779318254,0,normal
25.359305323971263,1011.7926176076209,60.17743271860887,0,normal
25.798634857222197,1011.6202408171035,61.015379818601865,0,normal
35.007008467249015,998.1997367750087,75.26202985212488,1,backdoor
26.25453176873918,1007.7099784086325,66.66557944098926,0,normal
25.61663435678394,1020.5713557339859,65.29162097627238,0,normal
36.664776055009234,1003.6717773588782,72.68469226581665,1,backdoor
28.9773170866984,1001.7430091820132,53.197335338694586,0,normal
19.730072288189113,1035.0076597318764,42.99124242243736,1,injection
25.96074675328673,1009.6603696591096,55.81239733445586,0,normal
11.744291671953498,1025.3315954829825,30.001366240895386,1,injection
24.50169022046261,1002.6565689915117,58.000919549622985,0,normal
24.2137541303588,1017.6507191842308,59.29612167982763,0,normal
26.687715360687793,1017.5772451882146,72.46613271275095,0,normal
27.354109391383602,1019.7441653358522,67.05209794369428,0,normal
20.23279403243729,1008.9126780764702,62.3837803693585,0,normal
39.85305231538313,997.8558763490714,72.92260657662024,1,backdoor
25.797111098868196,1016.7644331128303,64.53962814584132,0,normal
22.068624038452576,1011.2485819751188,54.372482661065625,0,normal
26.500240798023537,1013.6101746043142,62.625245088993196,0,normal
43.1766706326943,991.1892041332377,86.08090401197593,1,ddos
25.624578717395313,1014.0171306206857,65.39011117233171,0,normal
27.993095054965206,1009.7367781641804,61.671147302994164,0,normal
23.79282132824448,1010.9980287734024,64.53583543271594,0,normal
45.26725315220391,991.1788097753773,85.83302580615491,1,ddos
36.02382889280198,1001.4300803871265,66.27017259280761,1,backdoor
26.470070232452535,1016.138834735964,64.28800661095865,0,normal
22.674651076504645,1013.8977736607457,51.96765816436865,0,normal
23.288457105885097,1002.0817916177576,66.17649542109925,0,normal
24.29190198742731,1010.3427223558588,67.8609692655231,0,normal
23.70518862778357,1011.8939060809448,54.353935736387974,0,normal
8.982019220907096,1040.3463914557324,37.07351394881376,1,injection
24.067955350791276,1013.5339399021756,65.25250081550897,0,normal
23.488671333752862,1014.1700364769436,67.57663084273582,0,normal
9.138157316026591,1030.6720165572042,43.71812362441117,1,injection
19.87848644623959,1019.6421727051713,60.04884714802176,0,normal
22.657690979599064,1023.7819613491043,61.52280122781724,0,normal
6.673632071006786,1036.579462457334,38.42350423553932,1,injection
26.70034847853893,1005.5110560176765,61.45366331744294,0,normal
35.938042333275774,997.1034425676993,74.84676775717489,1,backdoor
25.256737066440476,1011.6366197858508,61.01392512942257,0,normal
23.61423467454183,1024.6116023940974,65.0522890977151,0,normal
24.04580007026302,1015.9458522854106,54.590327467441824,0,normal
2.513913527631365,1025.911265887436,38.15155448771532,1,injection
27.784231618699405,1010.3309647863987,64.21493964713186,0,normal
22.37631598252292,1003.2396954226932,65.78398560198097,0,normal
21.21863940954517,1012.9147490167808,68.31964557496242,0,normal
25.497458977398928,998.8539902734724,51.69518139298407,0,normal
24.14973343247251,1003.8604929035811,54.71206926297581,0,normal
23.94109202387606,1016.263304256974,58.00556540587493,0,normal
26.19922129078392,1023.4969930360508,61.43649015138995,0,normal
24.329090901687586,1013.2289214649469,55.968199306578704,0,normal
25.25234048568648,1012.12010506921,64.16087401578669,0,normal
43.35562263245817,987.557055619689,84.87332595086491,1,ddos
27.322597739401644,1011.583774311875,54.29231641187991,0,normal
21.226534339709545,1013.5964545229908,65.92918228680918,0,normal
23.110677996446224,1009.4001143440048,60.57398534570874,0,normal
23.887068445786042,1014.7088303800816,54.18210128817632,0,normal
26.420602848685096,1014.3298555862804,58.372843043515054,0,normal
22.742416454439812,1017.4992224274954,64.60239959878731,0,normal
25.249029579916357,1014.9595252828966,53.92876543023186,0,normal
35.059783124811624,1001.561157292517,76.19964283207563,1,backdoor
24.743503649950437,1018.5942096329208,56.2849925273899,0,normal
24.72987519615719,1022.0410003661194,57.19812275480703,0,normal
25.69494555958672,1020.4198743589834,66.93359780546982,0,normal
25.215714591272114,1011.9238414932473,60.66049863993677,0,normal
26.151382180706825,1011.5989136352506,56.718880994972096,0,normal
24.52299677748789,1016.1511949683813,64.3191277632656,0,normal
10.49646883682057,1034.1173363623814,36.70860181464599,1,injection
25.67332852448061,1014.221507868976,66.74584495180292,0,normal
23.374584301912368,1003.8581960277672,58.24702251945405,0,normal
23.398227144989427,1013.1201966156067,58.658056008457876,0,normal
24.22128128764061,1018.5714645800467,66.45913048992264,0,normal
36.78554068635878,1000.4545845530057,71.73044486241004,1,backdoor
5.206390640327774,1028.2399113760596,43.89924935344067,1,injection
27.604105415985057,1015.3726697006201,56.3314488588234,0,normal
45.218016200665026,990.8435520278609,85.93074291215292,1,ddos
25.78727922357798,1017.1043535166984,55.533968253823595,0,normal
13.374138062587706,1023.6236099579593,44.00888297233438,1,injection
38.61695511524211,1006.42366174822,73.88874607900443,1,backdoor
27.158559536378036,1018.8190305238186,57.828368268163494,0,normal
25.926884796641325,1015.3910427009773,57.19080241826152,0,normal
24.627700071187466,1012.9543546544287,61.08784612007142,0,normal
23.861328058383553,1008.7998342552027,66.87777310850959,0,normal
23.95098885409526,1019.3894243219004,57.58117648470752,0,normal
25.358273987110977,1006.2440712734281,69.37186148752382,0,normal
27.899111213513525,1013.9750594457865,62.97165583349083,0,normal
21.70178996312379,1005.5584587634667,56.563576938581434,0,normal
23.38006119488096,1001.5072300731845,53.419310467847566,0,normal
12.169021292082855,1025.6656529703534,32.750225479886694,1,injection
24.984143989144833,1004.1978898167815,65.11758772451424,0,normal
24.403959620297556,1017.8892558694861,60.73495335467997,0,normal
22.189765974030617,1012.0569198315945,60.01455173286118,0,normal
7.393581942162264,1040.0647594451405,40.10513263854199,1,injection
22.67133734500866,1013.3087896112542,59.34088286245431,0,normal
22.70979833028857,1005.946159543039,61.58374189282105,0,normal
25.061938896561834,1021.4944628479554,58.9569264894632,0,normal
23.683310375658376,1015.2450357969276,65.44748378512287,0,normal
21.471819349630536,1019.3537016415416,55.80842243085391,0,normal
28.176195264599595,1011.8317985790188,60.06279538331871,0,normal
25.72457466586975,1005.8487394899354,69.83212380534742,0,normal
46.88184359760641,988.6449674233832,85.09915815217333,1,ddos
24.79964407467548,1012.8630308397625,59.84901324807928,0,normal
26.771336755748784,1007.1673063532414,60.734206649345595,0,normal
6.140619526561105,1027.3999154866597,38.644039333241096,1,injection
27.93109915589535,1020.8445071537226,58.406173600821994,0,normal
27.957869495930318,1023.0543212913011,52.69999867907463,0,normal
25.90316232527602,1008.0611905152626,57.66575244929934,0,normal
23.70822391648865,1019.0516281223871,62.0587652778602,0,normal
21.80054605110016,1006.4576640140893,57.908963892169126,0,normal
29.349661748740505,1019.37618943058,55.05732730329826,0,normal
25.019476956249015,1001.5974656661833,67.77209720709058,0,normal
24.258311061589446,1012.8814531720816,67.04790958993148,0,normal
23.282680626035862,1014.344156160186,64.0805397207311,0,normal
24.09076570501139,1007.143054493161,57.3203820298504,0,normal
24.71535052644626,1021.6438442369528,64.73712661054297,0,normal
26.238488195980516,1010.8125225677414,58.9480659684465,0,normal
24.467504200978357,1013.6495971285054,61.53357623043569,0,normal
27.316302468221227,1021.6301420769528,61.802019938713116,0,normal
23.881808610463047,1013.9247290960976,54.489393273126844,0,normal
24.292903557489794,1013.1280782081379,68.15668540478931,0,normal
20.123832641878685,1015.6939198492505,55.57615520391598,0,normal
30.183613285972054,1003.1507345072869,61.57949503206705,0,normal
22.674193297617634,1013.6941565798635,67.6016018928876,0,normal
25.72593332508072,1010.2260022955211,58.38547897400988,0,normal
12.363745609369621,1023.9106195134156,39.6534682586407,1,injection
22.037063885366365,1013.4111558799024,59.341125868393085,0,normal
23.399165985892136,1014.4979372819898,56.99590566914786,0,normal
9.31079891185156,1030.743532991253,44.380403624644664,1,injection
44.48400282172088,989.5792130418068,81.78825932119017,1,ddos
49.71075452760725,993.9554758284181,83.35260960132804,1,ddos
21.67221987872722,1013.1730225535904,59.77828448466551,0,normal
22.097158060068818,1008.8623309295244,59.38425762639697,0,normal
24.827115212291794,1014.9501838590717,55.87250901851254,0,normal
22.367204324308876,1011.5319743147776,65.24343328256953,0,normal
24.159193341817417,1008.2719761016583,61.061927743484006,0,normal
28.27064227027825,1020.083188212414,57.08141787267456,0,normal
25.151881462365747,1013.0281053619725,51.07456303878476,0,normal
22.539817947883382,1015.4078254262892,64.643382858257,0,normal
21.851067673655738,1019.0244202285963,62.14024660960118,0,normal
6.061059286858134,1027.922722368998,46.43399259516097,1,injection
23.76282226690416,1014.910827541038,65.44870077155457,0,normal
27.29717508661653,1017.8071951634846,58.78177237981855,0,normal
24.360753071360453,1015.9811126901502,55.51024354351993,0,normal
27.285584009782177,1009.9510958130437,57.05478976084645,0,normal
27.688934037272475,1012.8063409397998,64.20906099205313,0,normal
23.25135893211308,1013.6004146738094,66.22105244880098,0,normal
44.912801282358366,988.710177225863,86.77437776145803,1,ddos
21.056963570323784,1014.7650903399124,55.11569764389041,0,normal
22.255127255540266,1005.3850065478756,64.02425923751716,0,normal
24.678595831459987,1015.6249556147261,52.41201999725941,0,normal
26.5118124382638,1010.4829823980643,60.51980616333817,0,normal
23.07602840119197,1003.3264688638081,53.82539977343752,0,normal
22.90674199390673,1014.1174478150517,59.2569435307838,0,normal
23.761235248963168,1012.0633877393168,56.64494574612739,0,normal
22.957244361761056,1011.4865457797086,56.29304593821733,0,normal
26.06123133491984,1011.9803096595621,56.02441831998969,0,normal
24.5200608150703,1016.9055111319645,54.44552756136953,0,normal
28.241154302481284,1005.6867172147,58.64426221244041,0,normal
22.5514099124671,1015.7187067653514,69.86474147587504,0,normal
24.453854209999857,1019.146167386695,58.57232183203595,0,normal
20.057833187201012,1007.2362516484222,54.55886030908231,0,normal
25.413355154927977,1020.7371674548957,61.017508733906894,0,normal
27.835998371038364,1010.7574897386662,56.30950941094687,0,normal
27.425617624360846,1014.6718857044742,54.26135729337609,0,normal
24.296225408802478,1013.5777080289913,56.80268910382755,0,normal
26.33497853159819,1015.0261671119727,58.9797118340587,0,normal
24.038154946497748,1006.998388006327,59.94718686148474,0,normal
25.71290348142702,1009.9053096815583,61.85585569287147,0,normal
23.275727387228375,1014.2239151810872,53.13897514308099,0,normal
27.35070419302112,1010.0105431727749,71.50531962948733,0,normal
27.974690165230278,1018.3569538488387,59.23455616857935,0,normal
23.589105844470552,1008.0080442241077,55.14361768388385,0,normal
33.2403874272518,995.3160732391656,76.00365434790831,1,backdoor
25.679750783683176,1013.2611255263716,60.517006049750414,0,normal
24.642438309282344,1017.6803079110313,60.84543168119671,0,normal
25.128927254938258,1016.9978264672761,54.461037393339005,0,normal
26.59922991588777,1009.5936628317088,62.737545540786265,0,normal
25.472005825334453,1016.2337000884772,55.962636538503304,0,normal
28.956452494073158,1014.1959350488274,57.79939080281185,0,normal
23.665690302051303,1010.0592687949253,60.666363926914904,0,normal
43.60929318871284,990.2934863356094,84.29419863589884,1,ddos
26.55946416400968,1019.6201111953052,62.56129322924726,0,normal
27.96629635765919,1022.0497936730048,66.71257319222975,0,normal
22.579218467507218,1012.4969549898371,53.71151599710203,0,normal
25.511651451305834,1017.1870873420537,55.380480356845425,0,normal
27.446438074136676,1011.3649178071321,64.69768871372706,0,normal
22.156940156268625,1022.4571427863713,61.09050304311247,0,normal
27.333044287967144,1015.5571538076553,73.0123283921092,0,normal
26.34347825505847,1011.7927219023024,60.944030429278186,0,normal
23.65097216541805,1020.339893917594,66.32024571483667,0,normal
7.999462006376412,1029.4174470016007,35.36443282088097,1,injection
23.49730869879774,1013.609075044984,56.446536138596855,0,normal
23.411076352228193,1014.5069993061097,61.26336383486378,0,normal
21.4312974560242,1004.6339072043929,54.50188313359966,0,normal
25.087937823527557,1014.6856801224083,62.671701482282536,0,normal
23.841666779970453,1010.7300104361774,59.853659252480455,0,normal
33.95057840322495,998.4936292518091,74.08710975974829,1,backdoor
23.320400401965028,1012.9897414340078,65.67655614908959,0,normal
23.961975771231778,1007.3921015399906,50.970164624331034,0,normal
28.658574430372123,1013.5962468140608,65.11693356293739,0,normal
26.382498836305086,1008.9014442825394,55.78290439236258,0,normal
23.176476604338664,1010.4928855897222,50.784284260490814,0,normal
21.589497163983776,1014.7815485405727,57.82715618521449,0,normal
28.537802172539845,1012.6367030384195,58.835364279776805,0,normal
25.049884533366317,1010.4077587058753,54.8706055641561,0,normal
26.01109334094881,1019.9427870842993,65.67508212069053,0,normal
24.42650386686604,1016.4819870638705,68.59678354973877,0,normal
24.90908439085812,1008.0741239494926,67.52877553501757,0,normal
24.025512495721983,1012.8733937275462,66.95323446482266,0,normal
43.022742678674945,988.7073342304517,87.05784752103703,1,ddos
24.0724457750404,1024.1867998685093,66.47949186278977,0,normal
45.723905360378396,989.9030080104428,84.63299656343835,1,ddos
24.6326916574281,1018.864510962414,57.163205154246704,0,normal
44.79976473065365,989.285014859511,85.25641985026087,1,ddos
37.39762817904951,1010.1210855677236,84.04179314843753,1,backdoor
25.56255567895345,1002.5458626430235,64.01957443848985,0,normal
25.568300473816688,1021.1130507374975,70.410426108087,0,normal
23.150019440400737,1015.7950941639398,54.744006256406934,0,normal
19.69576147257648,1012.7589010695098,64.05043032175551,0,normal
26.58420613346037,1023.3289852121347,52.55015723742598,0,normal
23.416282630635422,1003.3502153186262,60.86668963552041,0,normal
23.777148225511844,1015.9778588987882,61.36821263151684,0,normal
25.040192041454105,1017.8030903113744,67.26017821036572,0,normal
28.905321124249795,1016.7415302604123,57.979872639345,0,normal
21.54706707835057,1015.4193721742082,65.91631730337788,0,normal
24.96524731192063,1019.0955947895184,64.82095348751088,0,normal
25.017048994517207,1013.5574287989754,61.65456919038573,0,normal
23.506594742369373,1024.855632828699,59.39655594476469,0,normal
22.605113042519942,1012.7675499971813,65.96769931670596,0,normal
24.648066043111513,1012.5130865611375,55.21956859476239,0,normal
11.292210170754101,1035.0123745489964,46.63182323501817,1,injection
24.457307498429564,1005.1596761733989,58.45748765329512,0,normal
23.887020252349277,1020.0744420716724,54.900170437009386,0,normal
33.38113437250432,994.1774558776813,77.8553202624246,1,backdoor
23.27570554110654,1011.1390713531708,70.5044632397354,0,normal
25.183057554123756,1015.6908859166012,65.79432809533405,0,normal
20.72262408353655,1003.9414661149209,58.90995361553272,0,normal
29.85042011285663,1003.5352873287981,64.85821153211117,0,normal
25.648162605058502,1006.8178355466754,65.99054367699252,0,normal
28.565850225151596,1009.8215731185784,62.38298005544794,0,normal
36.343889873737524,995.0953677985912,74.53597951646488,1,backdoor
25.25481496469633,1017.6212986265607,61.30164837280949,0,normal
23.54979958828378,1014.9122410808865,47.7378258171553,0,normal
26.188055387702608,1002.9409187547923,56.121446837197254,0,normal
31.08956020915405,1020.7437603588015,58.52262319034433,0,normal
28.821488064441393,1012.393254969558,64.67719501080734,0,normal
31.140213956532065,995.0284088626897,73.05804960475035,1,backdoor
22.226069924155514,1013.3391754773662,62.50870829027812,0,normal
23.017281911992463,1003.7907859809926,66.80967045496521,0,normal
21.790762912675653,1012.3614641464989,52.29103987904718,0,normal
26.21881871642854,1016.76963461542,59.13705175410105,0,normal
24.614589666475993,1015.7280775308944,56.57639924901712,0,normal
27.790298593336942,1013.8967930190216,57.68491228508815,0,normal
22.823441288078953,1020.8959920515605,57.43827962253563,0,normal
25.726470533765838,1012.8035792586984,66.42004613315972,0,normal
46.77298822292717,991.7145606547656,84.45010823187141,1,ddos
22.574572027957682,1003.7352422003788,59.80150223365845,0,normal
-0.3286719923688466,1031.6799418008045,27.853034072866414,1,injection
34.2032473427262,1001.1459138492415,77.02551658036842,1,backdoor
30.023110275764058,1025.4532964138605,56.19700607062318,0,normal
27.026853229448605,1023.6436870230043,55.70909801213316,0,normal
35.84518113747325,1009.2849544563245,70.46349320285589,1,backdoor
25.690001544137182,1016.7903164286018,54.09156103238684,0,normal
25.757539581932857,1013.5403377932381,60.973025170396426,0,normal
44.08172673035548,986.6164454791153,81.91937140892266,1,ddos
21.619641623943917,1002.9571619060889,58.84772962928226,0,normal
27.348837942784986,1011.003429907285,60.1828535757207,0,normal
26.63954904021363,1010.4904419376035,65.65523531202857,0,normal
4.410603987775508,1034.0797265250105,43.04486413254782,1,injection
22.668355552335804,1022.9506305800545,69.80740586059163,0,normal
24.25121822728611,1015.4543124098544,59.34717677906168,0,normal
23.759450685850634,1020.4642459871305,56.23680823297665,0,normal
24.310890120047308,1009.45282260672,58.1753000570565,0,normal
31.221527756464198,1019.2641529822466,60.25383810570497,0,normal
25.318387902826046,1027.7392950423466,56.106124394210426,0,normal
24.117716971928477,1017.0048462750207,54.52969792134463,0,normal
23.89989714118843,1016.2728641641024,49.77397493538513,0,normal
24.606509338021432,1009.1380716129827,58.842431707286956,0,normal
39.90769514574812,995.8727100203499,79.61357098697275,1,backdoor
27.65828844322486,1015.999663281997,62.36653348126829,0,normal
27.164638896838678,1011.6325680953938,63.25981326545647,0,normal
28.938722135398756,1012.5856347343104,49.5176095424281,0,normal
26.366775985594842,1015.190985687086,62.709201677597754,0,normal
24.13158152387026,1018.3563503480024,65.34349366586065,0,normal
22.31757483133611,1014.8527344693813,58.64834053122509,0,normal
13.331888971958463,1030.8419318628316,37.272843124658515,1,injection
24.529649932106153,1012.2505070068065,61.168918347999245,0,normal
24.777480510045923,1009.1482616885334,67.1320544038549,0,normal
24.51775785472045,1019.2968776836314,63.52710284370885,0,normal
46.55702598966063,986.1846305254068,85.81504779989847,1,ddos
25.474506797887905,1021.0818868298284,63.83423334903574,0,normal
30.537442013382236,1001.8783916230636,66.09088276059357,1,backdoor
31.73089654260677,1000.7225601521732,76.7846006909028,1,backdoor
42.087402422314895,990.201208603826,84.65624015575779,1,ddos
23.384105895161397,1011.0741453330046,55.33107572438749,0,normal
26.697376197384113,1014.7612284424157,54.295111998034585,0,normal
25.329745454924772,1013.1699450213889,67.88533944464359,0,normal
25.805121099462305,1011.6447710458796,51.32765342092306,0,normal
27.036820490381245,1007.9125619852188,65.79238903094651,0,normal
38.91774644456862,1001.4019151214018,75.16304191166826,1,backdoor
27.16359962784803,1006.5125278174837,58.289304855208286,0,normal
26.70711649902183,1004.684331391452,63.52122468996623,0,normal
24.003615540574913,1019.4322443470147,58.85947392317814,0,normal
25.31403855782155,1022.9080581081557,59.7638299145863,0,normal
26.792542155322167,1012.053901762973,61.31850596717487,0,normal
23.79081284202798,1011.5016976771357,57.53654361906727,0,normal
27.901881128162128,1008.104452229551,60.98866129280841,0,normal
25.849819716830147,1005.5821729135104,60.07455849497877,0,normal
25.11200537749344,1014.2405570091626,55.210815294925865,0,normal
29.32687255552872,1024.3191738939977,70.9300790707689,0,normal
23.83035739116254,1014.2112002232208,60.51011406418973,0,normal
24.66556400300541,1009.1370289146529,53.342561118221795,0,normal
24.82970546309331,1014.3112669769555,65.31843979077664,0,normal
24.87954716103666,1015.7894842739174,56.386948084902656,0,normal
34.174727168910714,998.714168141003,78.17577498084302,1,backdoor
21.847929834417265,1014.0623331579195,57.27645191121948,0,normal
25.806714977139492,1019.0049015224379,66.06637931391764,0,normal
26.315343275447855,1002.1330890794438,68.71628626306435,0,normal
26.832388699489286,1014.6077130263341,56.32769015610267,0,normal
45.813711071374364,988.8923504227272,85.38201712560816,1,ddos
24.498288334981048,1011.3939476851873,58.55457669739731,0,normal
27.57921924633389,1020.1197112504591,59.41886565889794,0,normal
26.05802598353092,1011.1016814124673,55.4251117475988,0,normal
16.289071017277404,1030.9872331579134,39.17560888612736,1,injection
25.758351028788226,1014.1555380855567,52.56088136010177,0,normal
26.047015262395394,1016.261777208019,53.886148896583144,0,normal
31.97403272988141,997.9596923509157,80.37492243926914,1,backdoor
25.390233320351566,1029.3044295952175,65.26091734454327,0,normal
27.262961270204364,1015.151019320117,60.54352477279763,0,normal
22.001442387108465,1003.3435050267015,60.18683786315076,0,normal
23.315899462630828,1016.1621391596608,61.278365481866295,0,normal
36.16538363721085,995.3895563911057,74.5054608517046,1,backdoor
27.165800182358872,1016.4622106464427,59.027853054185655,0,normal
22.307003921305824,1009.1327340731505,56.76233660620202,0,normal
25.707382474480553,1009.2844046325382,63.1347598463701,0,normal
26.782340726459445,1026.568833824911,66.45008763050198,0,normal
21.167536913066076,1003.5573230885368,61.05753386864818,0,normal
24.459160175322538,1019.3498460367283,65.93411781021648,0,normal
34.34440417860184,1001.4477183904083,80.05156331714237,1,backdoor
29.679233828620987,1017.3773925266202,51.824340020666455,0,normal
32.02205224327259,1002.393242447234,81.58564273211827,1,backdoor
31.1617845402856,1001.9552889709663,80.19150325955646,1,backdoor
22.628949564625753,1016.8713275982952,62.54603010086002,0,normal
26.610092476186455,1017.0486431254864,57.62058675491885,0,normal
25.84660345796366,1010.5148826124342,52.30970666121465,0,normal
43.66874558875555,991.3552167373556,84.44018061170313,1,ddos
39.89310647689422,1002.3449225774783,85.48498251003062,1,backdoor
27.142921697852536,1018.577327769633,60.45723429496236,0,normal
25.071087301393344,1014.5862198703024,60.83279355810831,0,normal
39.00162233611739,988.7021879409896,85.73503264182824,1,ddos
27.988719786897196,1027.8295540694905,58.60396449416804,0,normal
26.54191375393919,1012.617656474983,54.81792244005525,0,normal
21.583133069932693,1013.5655971856913,68.08546207400306,0,normal
43.354448767544625,991.2377754757003,85.06189895916236,1,ddos
22.171926980805097,1015.065572102982,62.293344302166055,0,normal
23.829037189825527,1020.3361518683663,61.02370336819442,0,normal
23.1641538736509,1013.5183333136299,52.08682055576417,0,normal
23.657505942823143,1014.1640842451218,63.33335836483349,0,normal
21.353419350288643,1012.0788622818797,63.08114808113206,0,normal
26.810801837934907,1008.0551700368687,52.95803012984291,0,normal
5.734545457714454,1029.2074425388198,38.26512372910034,1,injection
26.294626018781237,1014.7541301428887,52.94544560931089,0,normal
25.962600426652493,1017.5919305802763,59.622284591517946,0,normal
26.881534453486708,1019.755264992452,60.056227330231145,0,normal
26.39115021563298,1021.1521843254749,66.48686525759585,0,normal
25.494289051643023,1006.8896621806283,53.34324467174994,0,normal
19.615448514665946,1016.5579520211317,49.55458423581076,0,normal
23.64527265700307,1005.0490502820498,57.7698443358437,0,normal
24.67496201279339,1023.5572012258358,64.37238585570394,0,normal
28.522822310435302,1013.8768950540361,68.3982795230304,0,normal
26.40212137452982,1015.1029039808934,59.871147222702206,0,normal
23.524495392837586,1011.5097199886092,61.11503583129599,0,normal
43.033972814684056,990.0808828136213,85.76027092036539,1,ddos
21.25066123720296,1014.985651267905,66.1959579943225,0,normal
24.56042485805904,1006.3990917290729,58.4295762750698,0,normal
22.740383317807513,1005.2059011204708,56.18909631279457,0,normal
22.96441477210887,1013.4233812918367,58.38839176979086,0,normal
6.927802672982054,1030.0908582778022,39.97978733414397,1,injection
27.41783592564562,1009.4792830363454,57.884693700081385,0,normal
24.546640646191893,1009.3496374911698,59.05041626182244,0,normal
23.74033735540839,1008.4471172550474,68.07416912382244,0,normal
24.09674431660746,1007.5414156397901,64.1449764115151,0,normal
22.89677708040435,1008.3082495888613,64.8161348255972,0,normal
25.26537451611962,1007.3412027498504,60.581763084603516,0,normal
26.476694421795646,1007.4092243844963,57.34915274081,0,normal
23.546760482653546,1015.3834156729343,61.167717448231805,0,normal
9.68147537894608,1038.2909004504168,28.349520319647212,1,injection
23.5384316079484,1006.1791322457591,72.25650375826575,0,normal
24.457947716496772,1010.6678699860577,60.12639158010723,0,normal
3.522436223575072,1031.638949432552,44.76361761885829,1,injection
25.851285110383376,1012.2248083727285,55.54791731371512,0,normal
27.547497371181365,1017.2265161514757,63.82772298344057,0,normal
26.41833767371844,1014.2673895520795,61.053458349004565,0,normal
11.636481534489322,1029.003738078069,41.90661717443477,1,injection
25.988915863553665,1014.2467611134755,60.559255178840296,0,normal
25.14790074089003,1009.3086444336136,57.952318551730244,0,normal
25.341067694630475,1020.0468191487645,57.78069310791288,0,normal
31.997098594797237,1002.0354959580133,70.14094174130355,1,backdoor
10.623402429060867,1030.7261406936245,43.27254810274601,1,injection
25.884333480457308,1013.2206209685402,67.82781057651697,0,normal
22.73266075164166,1016.0321702172239,66.7481432011082,0,normal
20.393510731159125,1020.0110573498016,58.995893812949134,0,normal
23.074794318024104,1011.0388912570727,67.13668178649863,0,normal
26.28462308749965,1018.199541692538,55.654334500303136,0,normal
25.456416408721587,1014.2437532093318,62.829507434673715,0,normal
22.0068498885225,1011.1815292739522,61.42727896389103,0,normal
24.236379252739937,1004.5462644244698,56.04842967767764,0,normal
33.96517327956056,1001.1779165068263,77.19655861103661,1,backdoor
25.460969112865207,1021.7881308377669,63.26914086932562,0,normal
28.088322168631727,1005.1846870998977,71.37014295344247,0,normal
25.46128062872123,1012.3975681384612,52.83357494171117,0,normal
42.9204943904472,989.7163185167102,83.15205480719496,1,ddos
21.963574672680974,1011.824911216964,65.12705692030768,0,normal
24.819017987034606,1014.1906253719833,54.720530574626885,0,normal
25.819076161215186,1017.486042682269,65.63576385727048,0,normal
28.265886628017302,1011.5858591151157,63.29051096524118,0,normal
22.54580993430443,1011.263539217914,58.74477657845207,0,normal
24.369457415156447,1011.131623802829,56.66117253048063,0,normal
25.218370574624725,1010.0307537193235,57.44033395263712,0,normal
22.310899055193712,1015.8567909894291,49.79045306638483,0,normal
19.818415763999923,1011.3798027029053,59.416765623517264,0,normal
26.19118175696621,1008.4136120039699,59.85993547327316,0,normal
47.82075271018345,990.7801553826135,81.93498238381325,1,ddos
26.11332464470939,1017.237445440177,57.85451800718165,0,normal
22.46917041564631,1014.7871125095635,67.66396402779979,0,normal
48.01931574611318,987.7576909932859,79.25728104137134,1,ddos
25.310412387768594,1010.4685442925969,66.808437761336,0,normal
27.633207660916675,1005.7935891331707,58.86552595124926,0,normal
26.54606972874253,1009.875397624659,66.26102216643872,0,normal
27.08690294260855,1014.2091371847903,55.58818306839005,0,normal
20.329396574699516,1020.9184975077211,58.330704342722136,0,normal
25.38246276978031,1009.0819274458336,57.08877909621431,0,normal
25.960202455354914,1013.3261669588629,56.56000020400168,0,normal
47.86180712393447,989.9730464333578,89.67295574557492,1,ddos
35.32363579482298,1005.3149571271987,76.36108967629278,1,backdoor
20.5977973772426,1021.106588359468,75.50858409947037,0,normal
28.896057126648017,1008.7426637740367,61.75104431492374,0,normal
23.45856188079508,1008.0512191144869,61.95512026630174,0,normal
24.38375941905368,1014.189019243503,52.64835536964472,0,normal
22.10622886809033,1016.9900082940138,61.637979954650795,0,normal
21.950295194758684,1016.3661484912475,62.425788903354814,0,normal
25.67259562146405,1014.1269635969537,61.34967824701999,0,normal
26.363003769397952,1008.7177938316096,59.968950687100204,0,normal
22.12975903954249,1015.5996963612064,49.41742883203462,0,normal
6.702328015349826,1026.161818624203,38.15004232119128,1,injection
27.46486935055148,1005.1986683677587,57.88423715202331,0,normal
26.476726161367953,1007.1552538399734,58.649068942230095,0,normal
9.179827496931148,1034.1412143486214,50.51815358885843,1,injection
27.31575531597504,1013.9382020069686,62.492980107373874,0,normal
35.693091617809614,999.1800425338922,68.80078441822344,1,backdoor
6.588338025007451,1016.3821312320786,37.32826822883454,1,injection
24.53628276413222,1010.6451891241201,66.33076788451496,0,normal
23.983156732602,1006.8552801836804,61.98590085410432,0,normal
46.595202749265106,986.9312421162326,83.37420490457063,1,ddos
24.273067271388136,1019.9966885821432,57.20462783461051,0,normal
25.201581121620038,1014.0025965916435,63.79497251069922,0,normal
25.868324875069526,1016.4398785728823,56.75065218238142,0,normal
25.743655144560126,1006.4160207054077,63.31614081310486,0,normal
28.74058764689253,1008.5419810729304,63.11818139865289,0,normal
24.00624911278123,1015.3528834149273,64.91364147778205,0,normal
27.313104266784535,1021.4703887535895,61.17142364897513,0,normal
27.628143121425826,1018.5372328705508,60.41047174004815,0,normal
24.538292339286066,1020.5811733868883,58.111250369819,0,normal
25.36210636465852,1008.8594024799796,53.476764316494084,0,normal
26.22925136255997,1013.4030215693584,48.235900178704334,0,normal
25.281544810731244,1011.2173427714641,57.633556469150314,0,normal
25.379644594380128,1014.5455446574966,58.68600462460702,0,normal
25.631810976991,1019.1992229850782,64.19302913547384,0,normal
27.78248457207362,1008.5899568004755,65.00816681475527,0,normal
38.48548976111165,1007.0526122851542,72.64489158778217,1,backdoor
23.792172899209547,1012.8511524533615,52.6507440911341,0,normal
28.539856373108886,1015.1989089681379,62.683443568628235,0,normal
22.79955513914819,1014.1929887636243,55.3859887726314,0,normal
17.03498126142382,1029.8661470395446,44.07932387288749,1,injection
26.57764309923802,1009.8201043097106,56.563407971637815,0,normal
24.6359346715284,1020.4827145490211,52.33038172688979,0,normal
35.06477570285307,999.1964755773074,73.8785770704592,1,backdoor
21.794732643759367,1016.4920892307753,66.42636241084188,0,normal
48.91042794334772,989.5398566731081,83.39838894990041,1,ddos
23.94084582768024,1017.6232685964322,57.61088626577494,0,normal
28.355491826418096,1018.823126877448,62.46757901508924,0,normal
25.19814610280774,1020.8277420541518,58.95870068559245,0,normal
28.9450074471676,1010.4290793983282,64.81410723549087,0,normal
21.838437919512483,1026.3680125087737,57.353984323491616,0,normal
26.39957267238883,1017.8056226977059,54.15365146231827,0,normal
34.508223801920465,1004.2197057592938,72.02876820679153,1,backdoor
28.405256963654708,1011.6283007617261,62.62355958759385,0,normal
25.33077952843696,1011.0162808299427,57.08294605401694,0,normal
25.86217605304681,1012.3180304298622,64.04854118097394,0,normal
26.083121270626528,1023.9838229121481,59.99137881936387,0,normal
22.025673573070137,1021.3047608070082,62.04467417448798,0,normal
25.667045877431487,1012.15791406875,62.985102838499344,0,normal
19.1958002713023,1010.6701868182274,61.391435553514086,0,normal
26.527117939458687,1011.9773191915401,55.69728204243092,0,normal
26.602820094146328,1014.9144654259954,53.82928039169045,0,normal
44.177998532785516,990.8849867772807,83.72800400333735,1,ddos
27.305418184433496,1012.7231356839617,58.765394324470726,0,normal
22.411297611633834,1007.8436613113831,57.467319657178926,0,normal
22.059460466586916,1006.5594973287581,56.87248485991851,0,normal
26.182521558373516,1024.4100478069706,67.3544568572241,0,normal
5.951391267280038,1031.5060441866265,47.33696043757292,1,injection
33.09235843662098,1000.4840954502026,74.02902831644553,1,backdoor
12.111286367125423,1022.3560787523687,39.03791658803507,1,injection
24.16824354602853,1020.5567188727289,55.11889767712529,0,normal
22.816817538986086,1014.7077524894228,59.188441931781846,0,normal
24.954848844747346,1013.1301363794087,57.414655875404776,0,normal
26.26843805236663,1001.0153911140327,57.33059523665461,0,normal
30.141290425126755,1013.2021138854612,55.12440239394107,0,normal
27.757597005339722,1012.7645430286417,52.9222811615461,0,normal
22.383551746084507,1022.4713024152979,59.22784487104734,0,normal
26.093669625605735,1016.7586374889547,54.057923929958335,0,normal
26.94021857427427,1013.3895178175028,65.48177719799365,0,normal
12.049774069780195,1024.9732577866432,40.601860518589405,1,injection
41.40232566423271,1002.2189677531776,68.95223470555263,1,backdoor
25.51860509381216,1020.3176377102031,56.885305105035364,0,normal
27.041971425078742,1009.3000940622651,68.01275022627152,0,normal
13.899078556799536,1016.24854302005,41.361208912993874,1,injection
30.431516103314713,1012.268251667713,56.60964135014906,0,normal
21.05348935651924,1020.8573478005856,40.52109668468546,1,injection
44.64851611315623,988.5618286390321,85.74878273120099,1,ddos
23.390055645280306,1011.7645947478575,67.34835229009599,0,normal
25.700639472007808,1012.3284315579641,54.355883799235805,0,normal
27.470547534105037,1018.9688922282947,63.469674309951856,0,normal
24.37262725915521,1016.463693034849,54.132431488262405,0,normal
41.87275022400597,991.4295737968271,82.22960504545773,1,ddos
22.786739669006934,1011.9888513269451,64.45385349361351,0,normal
26.764034402409703,1016.4906129916329,58.40359082727893,0,normal
26.376664206265605,1015.0966021503971,59.386639260139205,0,normal
24.500746465674606,1016.0346396182094,60.178828551057904,0,normal
36.98334840152146,1000.1691129948116,71.47198522821019,1,backdoor
27.42162036952903,1012.1949859547769,62.13727027809443,0,normal
23.0416195684246,1009.524458506529,65.32472305400418,0,normal
27.53983446357722,1014.1250365841105,59.40034715048572,0,normal
27.146616031167333,1016.2741778394677,68.73853293830184,0,normal
25.170320875393678,1026.5185685285544,61.50158252479258,0,normal
3.7220867637688055,1025.7632042602972,42.72852935935729,1,injection
24.6348970085236,1006.7641698508419,61.336503583016544,0,normal
26.763097122479536,1016.5151355421758,68.04580372777711,0,normal
26.98607830371258,1006.4491441474039,58.709852359066744,0,normal
33.652682791341476,1004.9869180622399,76.51949300803797,1,backdoor
26.916747465915595,1016.7218766089578,54.926296163903416,0,normal
26.318696697002654,1019.4798296664333,56.65203523226538,0,normal
22.532339816174993,1009.1345002131229,59.892222849042504,0,normal
24.257675753471258,1007.7188328075963,61.544252440948945,0,normal
9.045604247031424,1027.7392862566908,31.33247967209933,1,injection
36.593809848002515,1001.938353146785,75.60939265576904,1,backdoor
29.146056156354916,1013.2321961067742,62.67960062827215,0,normal
23.346253317694917,1015.2005284533705,70.65833919079006,0,normal
24.295607112843815,1015.3214996757011,61.3808659618368,0,normal
15.327121683372265,1036.099798008741,36.64734369947844,1,injection
45.64818496435249,990.3357882170002,84.27046876353575,1,ddos
23.72027103321468,1010.7939422283691,60.4117874040973,0,normal
26.224105559930088,1015.2987274058216,58.44356325831886,0,normal
24.67068348205643,1019.5966218314527,60.87982824187788,0,normal
25.20626860734181,1009.7112925360885,65.8668343278879,0,normal
32.3373834386389,994.681897107754,75.88215211860171,1,backdoor
26.865310530285832,1013.1801022420074,55.958656846899274,0,normal
17.7712124733078,1026.054293932723,29.64895642554642,1,injection
27.81350108147941,1011.032243620133,68.16541846638584,0,normal
26.745778963343447,1010.8871225160319,58.6347128098335,0,normal
24.80765238003905,1011.8153425458567,64.40500192388656,0,normal
12.561625309195215,1030.1409905332494,41.84858972165708,1,injection
23.78076476108883,1010.5433172848478,63.26202947629625,0,normal
22.96534172114804,1006.5827375906637,65.79380489855781,0,normal
23.60634984215885,1007.3998002095672,54.076347972731256,0,normal
36.062987064876154,998.2013414320544,74.42326364804806,1,backdoor
45.774045351875195,991.9346748862013,87.79005396560555,1,ddos
28.684312567214942,1015.3418431936938,61.559875503294165,0,normal
25.191111705509993,1009.9591922936512,68.46330966592659,0,normal
23.978347780200764,1011.8010573189679,65.66245851459817,0,normal
23.25371247812208,1025.528548133036,58.03078075657424,0,normal
24.513073522625383,1011.0730793755696,61.049685449191365,0,normal
25.77759456844443,1007.9678923505672,57.64660753695894,0,normal
47.10688850707583,989.6209319542513,86.21812032513546,1,ddos
28.74043879983584,1011.5928111768447,61.30179196666309,0,normal
23.658093933292733,1009.7719847723315,53.94597834158266,0,normal
27.400624667407207,1012.5159972727273,63.256789826908744,0,normal
20.858553016209402,1005.5949097003369,52.42416294848921,0,normal
23.58543991611184,1013.6837688132933,63.423273424205306,0,normal
24.792257274425573,1012.2341874667505,61.78024159791903,0,normal
44.00429646141965,988.2522999074746,85.99587775225307,1,ddos
13.465299678274615,1042.530089505774,31.272790408420278,1,injection
25.56860752109611,1010.8897537063845,53.91590867824337,0,normal
37.64289877587106,1002.8377175398697,74.41287157772346,1,backdoor
24.607988090317566,1017.6226248665946,61.34647552906046,0,normal
23.458233985438238,1018.0734933972038,69.1890380318309,0,normal
9.57900022457558,1026.4955720320881,42.0161240302222,1,injection
22.970834356911784,1012.3336091852726,59.51255315062035,0,normal
46.45017830835844,989.9457925008163,88.39438661882524,1,ddos
26.489906321340698,1009.1363812752992,58.08700282410432,0,normal
42.383874938148736,990.8931551119312,85.98890896137553,1,ddos
25.337469915903245,1011.1939010172675,50.8915577218282,0,normal
44.289386530230495,989.5259625124833,86.80077833051429,1,ddos
27.013431719006178,1020.8999638171047,59.83184657663116,0,normal
27.93703428216995,1016.6079641699187,64.45513281919607,0,normal
25.115799997265807,1013.0872848858523,60.05531266379803,0,normal
9.84550755814372,1012.9737535106262,39.99979824078792,1,injection
22.773594660717993,1013.1358357452284,65.39570988852323,0,normal
26.319679825788263,1006.7974100863445,63.20063831505677,0,normal
24.374646714919994,1018.3932475374984,58.63239618382872,0,normal
27.431644432058135,1007.1473307993721,56.83578110289433,0,normal
2.166588662563969,1018.7119645364531,34.70069540078815,1,injection
26.272000138257447,1010.8513239883799,63.18220541841609,0,normal
26.819643045818744,1012.0355899922083,73.00545602581703,0,normal
21.98333842171183,1009.0166938235552,57.765572697377046,0,normal
25.685296237972487,1010.1829216983056,54.33450389452619,0,normal
23.0498101935158,1020.1182652179971,49.72486280587107,0,normal
25.73847865563473,1009.5456394838448,61.20349967451118,0,normal
23.554641834879824,1011.7247446445506,52.32348268837798,0,normal
18.643810873953704,1023.9460883496484,39.03990039401308,1,injection
21.45750807061298,1008.2261887220118,58.57297953334565,0,normal
36.16040581311701,1004.859168960547,79.23831752241509,1,backdoor
23.420921870826646,1015.5233837818491,55.146640969599716,0,normal
26.784669195202476,1014.3191703573068,61.95267779693872,0,normal
25.85926380727833,1001.3519854227358,60.13802308566398,0,normal
28.784659557852414,1020.6389002914482,60.10009857087002,0,normal
25.26253178281115,1005.5973599224371,65.68813484927773,0,normal
26.39271011408105,1012.55176701152,63.66483352484252,0,normal
21.71398638348346,1015.023874834476,64.9068825183194,0,normal
24.419207068750474,1007.1836687605988,66.87501123273513,0,normal
23.42620989016533,1013.6800312189317,57.962875429361226,0,normal
23.42416378898625,1009.0278567505364,53.12783213022932,0,normal
26.260545927513927,1018.1088372893674,61.36410435316794,0,normal
24.280513582555578,1007.7246588650095,55.01588916309146,0,normal
25.731570808919056,1019.1007923127416,69.73837393117316,0,normal
26.31040251971438,1007.148746827243,54.29598358764607,0,normal
26.04898468681771,1006.0910455204518,73.95202395425183,0,normal
22.200492035180158,1019.0367298106985,59.598898151971106,0,normal
24.732279199951957,1007.9986040184239,64.28454370435868,0,normal
27.648190378571627,1020.2049644280953,50.917282349945474,0,normal
26.510097738094036,1013.4149075788805,60.75493802724979,0,normal
44.865163455214386,986.2701972292612,88.00329186950802,1,ddos
25.7117245661763,1009.1904261356074,59.30202574708821,0,normal
26.50397240938659,1017.0792180764885,70.63200868393444,0,normal
23.191793295460556,1022.5510085713853,73.53624244693843,0,normal
23.953022051939065,1012.2462920300432,62.98297198858934,0,normal
26.84136991723878,1011.3960534363965,65.29875045392909,0,normal
26.35690357968446,1013.8861277500641,60.62659132817421,0,normal
27.20227363539124,1023.7560476111474,60.61258479669186,0,normal
27.087561584979927,1012.1247593631114,65.32498754714393,0,normal
26.19926349837323,1022.7423971728572,56.38781544833197,0,normal
24.199582841625705,1013.2983880818509,52.538758112816154,0,normal
23.77187199052503,1013.7178320353294,66.82740144495942,0,normal
26.57393858148609,1015.1751972355133,50.71787482341731,0,normal
22.992343782169034,1011.6031766672577,60.55373674705902,0,normal
25.91914422134597,1017.8154931882574,57.27479631046017,0,normal
26.02698579228987,1007.5417832747426,63.58602904648958,0,normal
25.299739335474726,1015.7994480754099,65.27223309006234,0,normal
26.691580548416326,1022.0469763773614,56.354360156698135,0,normal
25.120432002769324,1021.0865524213442,63.895855937176485,0,normal
26.13959213425078,1019.1263345775046,54.20339756178636,0,normal
24.76756652867497,1006.8180555783397,66.41632214870654,0,normal
26.21561539947409,1011.6910888355741,49.70193441547144,0,normal
21.540611262985745,1015.3962216348167,59.44557191404174,0,normal
26.648531819293122,1018.4154137506092,61.316368266727004,0,normal
24.35221256196429,1014.8994319527355,55.13847633541343,0,normal
23.837070488424253,1001.3921757766234,57.946637784656744,0,normal
28.627958155549457,1013.5425807593207,61.219036879972,0,normal
48.05949292903249,991.479197477718,83.86573438013758,1,ddos
23.451707757582867,1013.8179839842002,64.71384456966933,0,normal
25.869081930734204,1007.9618265934614,63.03871144111371,0,normal
33.25274341037489,999.8339765745718,81.68915017301164,1,backdoor
23.757206450018135,1023.5280448426377,49.56033951290166,0,normal
27.491810547658755,1007.8934106067125,55.31391001453979,0,normal
24.16524957366413,1010.1166251722015,59.062476094042154,0,normal
20.199991716286902,1017.0503592168718,62.55304306995746,0,normal
22.57641273590957,1014.3949331901312,66.13854175164549,0,normal
24.499635529493098,1016.0356596418673,55.65241530368051,0,normal
25.488940525196043,1014.5705862617383,57.556257375020145,0,normal
28.660009790806892,1005.7478147823989,56.72503606315641,0,normal
22.34732201432507,1007.6372458408617,65.19867179664439,0,normal
23.61355892063828,1018.2446951637115,51.87012555741319,0,normal
46.424370269434526,987.0025608059783,87.04430649675517,1,ddos
26.535817030881493,1011.7584103396716,60.94173148626749,0,normal
24.45041960827122,1014.3849723669899,61.32256211988583,0,normal
24.24377493452077,1015.1698941074575,62.621171681941256,0,normal
25.069814033607823,1014.9255927376164,62.47083000500299,0,normal
25.6215701207932,1000.4829860108632,65.75716074316372,0,normal
25.145346399669105,1009.7910056826659,48.906117755572794,0,normal
45.61321505094829,988.9086779131038,87.59208732861381,1,ddos
25.0914894197902,1004.7198237083905,56.832205018689024,0,normal
46.864339107721634,986.7045884771957,86.87592692688183,1,ddos
24.603696770334878,1010.5155570702815,65.87375705172478,0,normal
1.7448601327007154,1039.8748630251341,32.65343241253475,1,injection
19.151933782728733,1014.2359535732455,64.19409058798865,0,normal
11.851345139703877,1029.4443206713713,42.196868458190515,1,injection
27.13165967012359,1016.6227522998829,55.48088146370295,0,normal
23.895967864609126,1011.6057010195373,55.99346786890356,0,normal
25.375105669623775,1008.5084688226334,55.87358910575861,0,normal
23.79355350887488,1013.0337347678098,59.34704144389094,0,normal
23.158572078797796,1011.098230293402,56.088249098278524,0,normal
35.003190212162636,1003.5366950734228,68.13282241507909,1,backdoor
23.894718148673448,1010.474429923319,55.803315314384044,0,normal
27.32614691934635,1011.6589194762252,59.067149577689015,0,normal
23.948437024405795,1015.4853032649839,62.514406034706674,0,normal
28.637187710884373,1010.4219821395924,69.74592058374523,0,normal
28.455232826681208,1013.1322000707481,62.682280549573775,0,normal
28.11955145041027,1010.1207697641933,69.16959273302989,0,normal
24.106160400074412,1013.0648478385666,62.47915757846998,0,normal
27.13213969063072,1010.1763257692996,64.88033784622262,0,normal
22.45679525678662,1012.7369873747065,61.14656598234074,0,normal
24.75706023052905,1018.8297566424072,60.63168599793449,0,normal
25.788869281317552,1015.2430204057019,59.060480008215066,0,normal
26.84173296712041,1009.0347686667687,68.48362270165343,0,normal
6.327765830389071,1022.371294302429,33.971909572016294,1,injection
43.39278203079052,993.5950908015697,86.01960768260689,1,ddos
22.41683742134411,1018.6736869786173,64.83955476376163,0,normal
24.948715804627884,1013.0697306459509,52.280367974783196,0,normal
48.425330407173355,992.1068364310778,85.8730583010362,1,ddos
24.28789515285687,1016.4354388066257,65.06025209013208,0,normal
25.41183719134356,1000.408413643059,50.73347143035294,0,normal
46.56997550299158,991.014949304005,87.63911447105296,1,ddos
27.577080795361766,1013.4901048485252,59.171535039261265,0,normal
25.566478696050886,1017.750603699737,59.87071319292992,0,normal
10.670318677001111,1022.9516554241384,40.28044017536685,1,injection
24.773414616930403,1008.6050932246924,54.72513961202654,0,normal
47.17961206315261,989.4934880183929,85.30526599510242,1,ddos
21.558550868971285,1008.8061091854845,57.54445141437835,0,normal
27.41414976802437,1013.4504885905768,56.10354367031888,0,normal
24.49645105522251,1007.5584024715474,52.42459623272331,0,normal
24.0387313163202,1013.3563841671315,61.688056920453306,0,normal
24.891636744971464,1017.4543862894127,59.212926934794105,0,normal
22.983332325609446,1012.398044338837,60.28830739523782,0,normal
24.027087595208076,1021.981498173402,67.87769700870182,0,normal
25.455538489682414,1015.8442174074023,63.74404728017942,0,normal
22.67258985392496,1010.092376334116,62.01705492736249,0,normal
24.43420082977342,1015.306812052181,62.15253364614414,0,normal
24.316900059008347,1010.0080556861943,56.41753731074723,0,normal
37.873133498922016,1004.9969048042085,79.73757634419464,1,backdoor
25.013350632710985,1011.7978381839174,58.46395750458491,0,normal
24.074465877921664,1014.3553749950536,50.49376350346169,0,normal
23.310142792477762,1013.4714014149599,72.4481016905815,0,normal
22.112865182557442,1007.5796287427573,65.53152286618752,0,normal
26.534051569375944,1013.5552739285481,65.85631116400528,0,normal
25.832717627128254,1019.1494222325084,56.01235008715633,0,normal
25.486559027327477,1017.4078396931304,59.04586102305839,0,normal
23.58119497751046,1016.6634525476336,65.49589666240001,0,normal
37.436654863134216,995.2006339271634,82.37230715305601,1,backdoor
25.70269180443321,1014.8825907105198,64.6430127679217,0,normal
21.002122597698726,1011.3782810995777,54.52706027169124,0,normal
25.41609355257741,1013.0880172520942,62.78550589310026,0,normal
23.609941850825017,1005.4965657984854,58.65151162103492,0,normal
27.93685376173381,1019.0448523573498,59.56021200700785,0,normal
27.22334726447357,1014.5685232433932,61.04784118218906,0,normal
23.865181147367597,1011.4776038757171,53.16820198151029,0,normal
24.89252467808929,1009.903254000978,62.2203563742689,0,normal
21.711473458602992,1010.9842236695105,61.41559743750824,0,normal
24.494078917525837,1017.9775521845652,60.30933234265334,0,normal
7.220343660309814,1024.686696819328,44.49002214457252,1,injection
37.35943921033573,997.1512438948274,74.48604432366194,1,backdoor
22.65863232275389,1010.2127766148465,56.61444671734303,0,normal
5.272553599638474,1021.2749510117808,46.86535402088299,1,injection
31.365308263314567,989.6825900931566,77.25427254087997,1,backdoor
24.649671810027293,1009.705735556744,58.87030096586672,0,normal
23.97143011560844,1012.0123849687624,64.79251413942109,0,normal
26.23136230202888,1017.2801878251623,58.380650830690456,0,normal
25.655909297362047,1014.0648467755018,62.62102924122525,0,normal
27.15014181656189,1018.6722504939454,76.84244594407227,0,normal
36.236190472436384,1000.9593404272402,74.56215993972859,1,backdoor
28.559148381553097,1015.2051729321417,63.38793755910197,0,normal
22.03042247079278,1003.3291481599377,64.8430632477226,0,normal
24.89829720997823,1014.76699195339,54.918548462294446,0,normal
26.75944211096495,1014.643463490218,60.477387735076825,0,normal
26.87833941356054,1011.6807885985181,60.74695654337099,0,normal
24.547522940652858,1016.0184338784154,65.51212666406504,0,normal
24.53017946837598,1016.2679771767214,59.394670673709655,0,normal
25.737444268771448,1012.6134578964305,55.52021378182896,0,normal
23.63304122210223,1010.7530025800568,62.052641036486435,0,normal
24.647887537865934,1016.3914344981825,63.7722679939652,0,normal
24.40451189172483,1009.2122398417415,59.30942273033932,0,normal
21.926503826166005,1014.5223803490612,58.878589834492914,0,normal
26.595360741614932,1024.1436079544196,66.38646849090495,0,normal
25.95021559838304,1008.8046123298628,74.6158311480015,0,normal
27.719082636774676,1012.4938966591676,53.534282651074946,0,normal
27.612841662208496,1011.3111496933,51.42883618247193,0,normal
20.8161959597915,1024.224413577055,69.88447981094636,0,normal
21.52330868895597,1009.817413495502,59.27433163687208,0,normal
6.1464385537246295,1039.8601533346841,33.795201463463876,1,injection
26.79557289236521,1008.5149189519578,65.50474292728335,0,normal
27.314245967356207,1018.0409762382176,62.16555326082408,0,normal
22.703038806436357,1018.9360488290263,61.67795417121696,0,normal
46.37670219911935,990.9881798905952,86.5903932281882,1,ddos
25.589079131990996,1024.494457082974,67.4898749487455,0,normal
22.44404080710107,1011.2493379646353,63.051898714103324,0,normal
25.328682774253473,1018.9827105455234,56.69079809346298,0,normal
22.710621701902372,1015.9400126471833,53.062674693039966,0,normal
25.214919052480784,1015.4690515950324,55.286075556858904,0,normal
25.915863862671028,1016.1847355944235,57.31918952560367,0,normal
38.02447024359142,1000.4144282274938,68.69335462378018,1,backdoor
40.951797238939506,999.4395152428982,80.9551659340375,1,backdoor
23.576148525134915,1020.4700701856387,58.26466227162801,0,normal
13.326204420372111,1026.6239574569017,53.51155359644132,1,injection
23.030084243524126,1013.5495039880398,56.104556114477056,0,normal
24.79895782280278,1009.7305659327601,60.60422135720615,0,normal
27.479103382768148,1011.833641468219,51.67700773574224,0,normal
24.738782081079616,1015.2081598540636,68.90080527126096,0,normal
10.48279978115816,1032.0429144002483,40.534440626237945,1,injection
20.609269237652455,1014.7329370769257,63.7145425650593,0,normal
24.929584005686685,1008.5274132331464,52.95712062050954,0,normal
26.16498014669635,1014.0265674296766,56.07037553046904,0,normal
26.595941545471565,1011.6394495555687,62.89993108163699,0,normal
22.94778257507934,1011.0447738077468,58.40708427073633,0,normal
26.465327655365837,1015.7903409549444,59.95065098498523,0,normal
46.16043297737079,988.3730111832813,87.21995925589515,1,ddos
25.729838719528363,1013.1780233886008,60.83900672827371,0,normal
25.504287203813885,1012.2475117861542,52.07674723374489,0,normal
24.875575128827315,1015.4603513691908,54.84114994467143,0,normal
22.23930862523547,1015.3573688336396,58.012195208218856,0,normal
26.435625963761336,1012.3334190682364,64.12469715783112,0,normal
26.317584369379382,1018.7913171933293,63.49181917395586,0,normal
24.11994433742489,1014.9216606570303,58.247203070085895,0,normal
23.741382226654316,1016.7820330295142,59.50732598886958,0,normal
27.798472227644805,1015.9831102085625,64.46394201169386,0,normal
36.04236428923963,997.3284971848129,76.37859927833597,1,backdoor
23.56391613570639,1014.1566009674507,62.38649933621738,0,normal
25.976786894731724,1012.7951207913538,51.87674650357242,0,normal
21.90385578419609,1010.1953913671535,64.17116887947826,0,normal
35.404262483142894,1007.3316662875504,79.626011357269,1,backdoor
18.604169173457613,1026.4905725999788,34.893001298834356,1,injection
23.660621831438736,1010.990635092847,57.24756502641602,0,normal
25.408192908370545,1009.2446300890691,60.85670803064858,0,normal
29.339880931510837,1019.1872436089101,57.709881272413924,0,normal
24.133983407604873,1018.327703532781,54.97095376871556,0,normal
25.655272354755528,1022.6256918078823,49.787011170099305,0,normal
26.481606638007555,1020.4347911883677,51.134505167551815,0,normal
23.600455692075496,1011.1660251701103,61.45245956747584,0,normal
19.549298190789585,1032.7332838990942,39.89483560945183,1,injection
24.376931402968914,1011.4280296980827,62.13776678425446,0,normal
25.23661687995616,1014.0832361185312,58.303153792342734,0,normal
25.642693914022537,1019.4673205479905,60.95760681970192,0,normal
22.976857087126078,1004.8663472540212,68.00989975872591,0,normal
8.5551675995206,1028.0993062671412,35.18888145560309,1,injection
23.607491525742304,1008.5559786235337,59.71663530011965,0,normal
42.185772003263835,987.6807591036695,82.08260911388992,1,ddos
26.567790434059543,1005.8165199128103,64.87954732154712,0,normal
37.43538867251423,1002.3605988559007,67.37892897013428,1,backdoor
27.183260659523445,1020.4917822983161,58.67499033760864,0,normal
23.69911742261863,1010.9190714663303,62.52458748303455,0,normal
25.635863781257076,1016.1302322997572,56.8644085212627,0,normal
26.90217844796341,1013.511812827,68.20126828530053,0,normal
41.233422835268776,990.8059248012368,86.0202902803302,1,ddos
24.73744103147469,1013.9033732187562,56.428653638940204,0,normal
25.458659282750247,1017.8974232975839,57.91447402553812,0,normal
44.49103020721965,990.7109587177598,85.72635347401992,1,ddos
25.866625855701436,1014.0977564407646,58.665508664536176,0,normal
20.7114528038299,1006.1623435984538,59.43043438912698,0,normal
23.54914368144034,1008.869197462591,60.08877299062082,0,normal
24.49755684441903,1019.7669676166586,52.43106622021734,0,normal
22.8683969157088,1013.0894121758485,64.35151941050566,0,normal
23.59891419488728,1008.4833170168988,64.9070679161176,0,normal
29.89139942242974,1009.355283956168,68.11901290088518,0,normal
27.884507254696025,1011.1656946202139,59.15566762298503,0,normal
22.85770154453349,1018.0414069808132,63.602477029266275,0,normal
24.96257076126037,1010.6249138656638,58.408693411977865,0,normal
25.2191501033031,1019.6451867627361,68.12975162170196,0,normal
24.64338664584641,1016.5650458431601,54.97498217075977,0,normal
22.366001818727323,1012.1860473333772,56.27728191775566,0,normal
23.788560994995407,1005.4648146667611,58.34330720790647,0,normal
22.409797731715003,1017.1077854771914,57.65199985299947,0,normal
23.006278803421203,1011.7997066431968,58.28530326641926,0,normal
44.08794290592015,988.2967185050737,87.84819641514255,1,ddos
24.961963085530414,1006.1129000240018,56.63317061152296,0,normal
45.734918958793166,990.197607131435,86.27699105634028,1,ddos
25.040628736089868,1016.8019899836586,58.18052072072937,0,normal
25.993124789106083,1018.9636396916756,51.93499526920495,0,normal
31.66277467536338,1005.9862208001745,67.41025724825406,1,backdoor
23.25146651326813,1012.6601350460114,66.46086516835007,0,normal
24.89498420602622,1011.5630207511072,63.61863561060149,0,normal
25.073089447619694,1018.543633746636,47.47568783519881,0,normal
26.2871989650829,1018.4192992622911,71.06309046704159,0,normal
25.473392191644663,1011.3604094453301,55.55557625311156,0,normal
24.079897524879225,1009.968899608992,67.16033740873985,0,normal
22.088345403021886,1002.6228951783959,55.43519564580103,0,normal
24.313521492492743,1012.4153940989264,66.74823791102854,0,normal
24.92884115655841,1000.0579226756279,54.899590002263594,0,normal
24.238776564808376,1018.494853366117,54.66712728551905,0,normal
23.49360636315613,1003.1004070643271,53.133693669283296,0,normal
24.009241624917372,1022.7199002824498,63.072593633728935,0,normal
4.308547743057788,1034.5259600359811,36.804813473709316,1,injection
22.606260413055004,1022.601734864511,57.87267806059158,0,normal
25.709370480236785,1015.0509911060375,53.1760560864146,0,normal
25.892779597121134,1014.1350881442863,54.39330202625684,0,normal
24.546927437904504,1015.6916089550158,59.16269428481973,0,normal
23.364749797137193,1016.1616610613441,55.96414614711788,0,normal
28.78326811243549,1009.2287482040301,56.31862875662499,0,normal
25.35784367465683,1006.8240540128412,58.37114693902657,0,normal
22.186651078041344,1013.3908253418784,60.3963636186874,0,normal
25.405441526004854,1021.4888548890543,67.43244654648755,0,normal
24.745459524812205,1015.1814966584608,56.89742995560142,0,normal
24.98331986022275,1009.6038068379922,59.29451096320247,0,normal
23.252047543926256,1011.011664334249,48.76202885328522,0,normal
36.41509139140042,1000.8225538618368,78.40187291173,1,backdoor
26.11649228654261,1003.4159917666939,63.367948987822516,0,normal
27.281889810593718,1010.1337756140757,55.07393774647264,0,normal
25.36603995168843,1010.5668325456014,46.16869270035549,0,normal
29.356640003662438,1020.54432015521,64.77427306980294,0,normal
23.850684765650076,1016.8227490309205,64.52343422605026,0,normal
43.12868294104984,988.9782181985913,86.14189290102836,1,ddos
26.323431923785485,1010.1426920477018,57.21407718492308,0,normal
24.145830137756537,1012.7166748810026,59.69188814660837,0,normal
26.41591060808128,1009.1798394257054,62.767178155462005,0,normal
28.599712160045993,1010.2539114913104,67.52825937970485,0,normal
26.044915950364786,1020.1295342412758,67.55719616605897,0,normal
21.913899047468277,1023.21276487767,62.53291953833978,0,normal
35.38515217830413,992.9621622088922,78.96168060810915,1,backdoor
28.08074725122725,998.4184775549411,75.21406238354064,1,backdoor
28.069225753964023,1001.2060347090684,67.15136972493082,0,normal
11.250666152071625,1026.395289196883,44.00553682638676,1,injection
23.52929083760314,1012.54085392846,59.65441182985365,0,normal
25.980190259919027,1020.4741910343721,68.40943312487948,0,normal
23.11746539035207,1012.62003839523,53.41668327869208,0,normal
23.19632077228798,1017.6351947194735,59.92423574573256,0,normal
25.40511729291609,1005.5983205760632,56.00659979978264,0,normal
8.35718678594205,1035.5187135415736,47.14000212251614,1,injection
7.538077118290444,1031.4254704354307,37.94246933557786,1,injection
24.61380930614972,1003.4735398171033,61.18397508740683,0,normal
31.373207485012088,1005.0428664897125,73.79501243600753,1,backdoor
27.85404738051307,1012.7902263126317,59.63241708604371,0,normal
27.06719221666673,1018.2476406548474,66.89791834707472,0,normal
23.996805163790345,1003.8792550876316,62.687040603403275,0,normal
5.899634882595449,1031.4075282690042,46.49372139626517,1,injection
24.52354818229741,1015.9719677577975,56.49075770824173,0,normal
25.37845264606797,1007.5294005950352,57.38924621624647,0,normal
26.88206031373227,1026.0525192074483,62.99863701390194,0,normal
24.813655489715533,1011.2679711239001,61.85081258744631,0,normal
22.520173362703947,1011.6781454713475,53.78415159034149,0,normal
21.063815795739867,1008.0458314482368,59.8588844927544,0,normal
44.47413740320213,990.5149518844265,86.53309079168888,1,ddos
3.703873581113214,1042.428967768699,36.29632175136899,1,injection
24.56117669330397,1004.4063507626068,65.68625647413207,0,normal
24.325007695474287,1014.8782095914011,65.0949895872513,0,normal
24.07904344425097,1023.0958816273567,52.40307317143942,0,normal
25.905744994952038,1004.8915739849232,53.68642780036803,0,normal
26.78958707991135,1011.697188785403,67.31348322998842,0,normal
26.669244993352898,1011.402035018204,52.632116593890636,0,normal
24.531156027677696,1018.3685966454809,64.29154936370787,0,normal
23.080813058070753,1009.2878265502188,68.03901905607057,0,normal
27.236753016208556,1013.1933716717185,67.16215676229116,0,normal
8.43896693780291,1027.9186900708269,46.709401440481734,1,injection
26.943411195291773,1013.9415178302368,62.67543958466667,0,normal
25.714906330411065,1017.6546835008372,63.40411691451655,0,normal
7.367885428102123,1032.0349450708334,39.93143842945555,1,injection
26.4970479560056,1016.9721674318564,61.53747742003137,0,normal
26.92712218463546,1012.1859461950787,61.34063571302312,0,normal
24.895261272779354,1016.3656615422822,64.16933610847154,0,normal
22.31392181913144,1021.9495985942245,70.20603145241996,0,normal
36.420491639890564,1003.1351512625112,80.81106754499014,1,backdoor
26.745483693669872,1020.3296313569765,56.76102537174072,0,normal
26.387218563642726,1008.0770454454134,60.47304464375129,0,normal
25.594083453649585,1017.0189450016558,62.791594859609425,0,normal
23.880912362754994,1008.9578132469322,61.08723505624741,0,normal
3.4586038052301413,1031.4060841911314,44.49893841556577,1,injection
35.471030208033305,1004.1387325310367,76.60464901617725,1,backdoor
25.030950970574082,1009.8052753720771,61.75731618179387,0,normal
22.86981354524057,1018.965505785246,63.00279105825114,0,normal
24.00643014847427,1010.5606482667619,51.89438527039405,0,normal
25.79752952610671,1011.8227549225397,52.74994649351417,0,normal
25.862112892191423,1012.9907620415713,67.19343082717944,0,normal
27.954681292567237,1013.6107050732871,62.08055373593197,0,normal
23.558225436481944,1017.1073556351237,64.56118116870212,0,normal
24.40412687020006,1014.7220865975636,53.36954610864885,0,normal
23.711919522521587,1011.1634829633847,55.24323860651424,0,normal
45.10530206389045,989.4117109687817,85.0077892254343,1,ddos
25.65403992255575,1020.8617854907429,49.052239097283525,0,normal
24.822242512556816,1013.1262785625242,61.155727556187635,0,normal
21.869792290824737,1004.649153928454,59.84321999689274,0,normal
7.071389997785063,1033.2410821042668,34.769440320627425,1,injection
27.549940960588934,1006.5356901447922,69.5593635511501,0,normal
24.748167608942552,1019.3863634374786,62.47723463361482,0,normal
22.224509332175447,1011.3771997254114,53.89047982890744,0,normal
23.86342654382952,1008.9491022091269,58.744713672567265,0,normal
27.53083308506096,1009.3349884946732,62.97163824397046,0,normal
24.979692931365747,1015.9006005550256,65.4294902720901,0,normal
26.54768802118017,1010.3818911831579,60.27097983447469,0,normal
26.906519252986076,1012.5032472676513,60.26199970568794,0,normal
45.5729095241562,998.7434187250838,70.12398192636107,1,backdoor
28.139837252544183,1007.4084831923487,53.93052047888074,0,normal
13.67933450896158,1034.866034480146,42.09475091305543,1,injection
32.320644197312944,1007.9376823957333,64.72783476983093,1,backdoor
36.43378139808476,1003.9802686465879,68.56790541389213,1,backdoor
22.546582548077122,1010.4113139116176,64.14392976602218,0,normal
34.51701456804462,996.7521277400767,75.57530326739497,1,backdoor
43.533587409968106,991.2334460800124,86.77439438489583,1,ddos
23.12645368383739,1016.8418020918654,61.26433867408814,0,normal
24.084261778085985,1016.217122078628,54.32216765703024,0,normal
46.70816229570838,990.2547303062634,85.51248066308445,1,ddos
24.831834325241815,1011.4651745729993,58.498125101260996,0,normal
39.91852947192301,998.1049956126889,75.50097825314576,1,backdoor
26.07255500128256,1016.0121189189144,59.62242416736224,0,normal
26.817803254376624,1012.2201067366158,61.28452672178593,0,normal
23.800940455090686,1013.3916340693124,67.72196043027068,0,normal
21.568050822016254,1015.876964083393,57.28577377794287,0,normal
27.74328288486289,1010.6163573945277,74.15394172904998,0,normal
27.483538083450583,1009.690235796411,62.98429571625428,0,normal
25.160733488543006,1014.2611895987231,62.37175152027129,0,normal
32.16405715022233,1010.6150573450906,72.94106771482714,1,backdoor
36.49119693011163,997.0625881177169,73.26131967904585,1,backdoor
23.05921393896889,1011.1458479392669,62.22095786625007,0,normal
34.0647521794397,998.8569210586455,79.18718834886015,1,backdoor
23.88550918818548,1021.204866608446,55.376456819333896,0,normal
23.008627938289244,1017.7879737993367,52.93424959401113,0,normal
22.229221881580475,1017.4082189042509,67.50586890768744,0,normal
25.549390200672462,1017.7230159469293,71.43896646180181,0,normal
9.980016809472113,1041.5437790653411,39.25513522188155,1,injection
24.66685954064843,1013.4851255496642,70.38151110837991,0,normal
26.27275829574177,1004.60933106204,61.089657290398534,0,normal
21.992008651163296,1017.1117607034236,59.83765372511801,0,normal
27.736941593401447,1001.1426558282202,80.33654619509404,1,backdoor
25.23099236210349,1009.7476279371426,51.44858130403404,0,normal
48.61076144407263,989.0823969465443,85.99655390884631,1,ddos
27.36129032393211,1006.4179679848595,56.643391475001685,0,normal
22.004465384499778,1017.836575921058,53.60552308634344,0,normal
24.126027551864198,1015.7762699458701,65.44985667138288,0,normal
23.70927413424777,1011.2631573310435,61.757239555579375,0,normal
22.43399304342358,1017.5779260191164,67.85307031859463,0,normal
23.816235729444532,1009.1857253804031,63.02357196544345,0,normal
24.07974182784364,1011.625684233947,68.27562891489785,0,normal
48.6675306677075,991.0406455697553,83.57081409195789,1,ddos
28.088977575225318,1015.7323037337179,58.5130866705879,0,normal
26.736025436241203,1008.5627100217897,64.84445905800858,0,normal
27.127029960261897,1016.451848270452,60.57208656616065,0,normal
32.5825157841652,995.4127694772053,77.53776198846774,1,backdoor
23.084639644199527,1008.5024746330271,56.23814735163191,0,normal
23.616612286850177,1017.2478208463842,53.92009134787765,0,normal
25.497991948946314,1017.0771665117869,59.3379271511298,0,normal
25.323113893997952,1014.2838797916083,56.46926493496848,0,normal
24.017880589613206,1010.7422401085855,65.88948326621575,0,normal
26.546428718031564,1020.0641442144486,61.12032493405043,0,normal
34.1026692793979,1002.4980978404298,79.94244717169403,1,backdoor
30.539000585635577,1000.4137432709543,76.89080692084502,1,backdoor
31.29875630215624,1014.422982169007,61.508821576760454,0,normal
29.16503203778489,1011.4637500144519,58.000525833296955,0,normal
26.964440095619317,1011.2181098667276,53.5004102296242,0,normal
22.73000905108317,1016.0723289867675,57.84793781764036,0,normal
25.10455944301521,1010.0646791155107,54.93986486121542,0,normal
27.040840400309833,1016.6261429134591,59.60356163582348,0,normal
16.71220973937129,1030.6792461567297,47.303617027337566,1,injection
22.660083387263512,1001.3667637387055,61.3112882075505,0,normal
24.753284901996416,1019.6758564245791,56.939688730722736,0,normal
24.799268146623955,1005.3898307341829,58.57715619964124,0,normal
42.545993218672336,988.910889317292,85.0997036927046,1,ddos
26.48007159371823,1013.6659981535272,46.16249872689732,0,normal
26.843391946263903,1020.293915160833,60.55851802535656,0,normal
25.378601420442045,1015.0312576925326,62.865907094674895,0,normal
24.01865231364872,1015.5406542035859,66.81515645420922,0,normal
44.70060251677443,991.7603750115836,82.86925210459432,1,ddos
22.953739444394838,1023.8233977194761,68.74435084350677,0,normal
26.136643875709108,1015.4478911751085,60.78293027946409,0,normal
22.572170923377787,1019.4208402564068,54.84812283436793,0,normal
23.671470086889634,1015.424115899769,63.800487182923774,0,normal
23.652906412540144,1004.9705026157579,57.231991336187946,0,normal
26.021455953199176,1015.3794313115736,65.19655938435083,0,normal
27.755616958153993,1016.9592520122806,65.58211438069,0,normal
24.24582024725275,1012.3854427206802,60.41986584617707,0,normal
23.011874718393038,1016.9440206129592,62.643683941641186,0,normal
24.58832008666972,1018.6532697045177,58.69901362171543,0,normal
31.37198156452888,1005.1719236115249,74.7161483830692,1,backdoor
25.74681646684596,1013.8112558900411,59.77787019609955,0,normal
21.840628234556146,1009.9011491960604,68.75123818185232,0,normal
31.94066276185814,1000.646173061429,74.10451530845204,1,backdoor
23.352709709666048,1013.6051788923091,60.289979256090476,0,normal
21.909500480624892,1014.9920864815441,58.15556814410785,0,normal
23.06131099944519,1010.7772971253544,60.2894615925528,0,normal
25.97502176556047,1012.9452770391847,61.606326531281795,0,normal
28.93904471602426,1011.4476537027325,57.467836359868016,0,normal
25.712112456954756,1014.4897943799124,62.91210683596226,0,normal
26.043148926825655,1016.3989976510032,57.40092840266435,0,normal
26.9230700953148,1015.4174311569534,63.78860661604106,0,normal
44.484050594324025,989.0815260740422,84.86183480524383,1,ddos
22.33686555356066,1015.3241345132647,61.87582359892677,0,normal
27.54920591731815,1016.9609337139317,70.72757963019882,0,normal
24.106155049316627,1017.5224111837266,53.81518912249038,0,normal
25.5987339835825,1004.4291253190335,63.05394931961357,0,normal
24.681831161327406,1009.8246605277789,56.203062137724444,0,normal
19.713680912282566,1014.6526256715362,57.78827429350786,0,normal
25.724365843949393,1006.8798217890313,53.06062365602487,0,normal
21.235181592308784,1017.520810183623,55.83018461844893,0,normal
24.680359826019483,1004.2135156079797,50.513974468267456,0,normal
8.740690466585656,1037.840209031057,48.09664509054382,1,injection
27.494431503183108,1011.2132501188075,57.153185695298205,0,normal
24.612498634583243,1015.4975040172237,58.672061868293966,0,normal
24.03053765481129,1008.2451617297538,58.62557097852911,0,normal
22.28544022789041,1016.8117530200798,63.91605387507539,0,normal
37.33771507333002,1001.3558905373011,72.2816948691955,1,backdoor
23.56294936395035,1012.1825937298435,56.8647926579276,0,normal
25.472209902456534,1005.5211948024904,60.42326795950108,0,normal
25.493555498677832,1014.3347657125126,57.29768040544689,0,normal
28.8016377112464,1013.4992455556463,62.93317235424047,0,normal
26.628396884775345,1008.12372433924,66.21247481910243,0,normal
15.488524753342285,1034.781965775607,34.56638100130396,1,injection
24.9038870449723,1012.8176389252977,68.4887048056146,0,normal
24.75560287132147,1013.9401336526154,54.39154504511863,0,normal
28.45119982687705,1011.0683348331472,58.76118151992759,0,normal
28.649437497293377,1016.1853342146028,65.64464546110855,0,normal
25.635582789387065,1022.5226633848354,55.684924432664864,0,normal
25.472872925059992,1006.5208933858204,56.18059166218328,0,normal
28.04466446795519,1016.1614396188126,68.55411423167803,0,normal
23.074318287780958,1014.4652185004657,63.68392275951231,0,normal
25.834628131881345,1009.0429467111305,63.389810200870635,0,normal
24.755861196577385,1012.5566169935629,54.7180936180706,0,normal
13.108466881238776,1026.9268972756051,40.45049817742013,1,injection
13.56154243986971,1027.724547441744,36.0513228018884,1,injection
25.301967216194377,1011.6258499391563,66.4486392098742,0,normal
22.033351945732946,1012.8130927267696,61.09458224142041,0,normal
23.82212140961886,1021.2955804468855,63.33971662286115,0,normal
23.494970163044137,1019.9966492852537,61.398531780252895,0,normal
22.830676613356292,1021.0049315481593,54.92209346281244,0,normal
20.511919066693192,1012.6613456606417,55.43373304348104,0,normal
24.720046677271398,1008.9129461614503,54.65212986385499,0,normal
12.82916418314424,1022.9776121530107,43.72547333782339,1,injection
47.35989045666272,989.1065205397098,83.83887635633562,1,ddos
24.015219883458638,1010.7136846141988,55.07171017867622,0,normal
20.591724268332662,1018.7849834067063,64.72258796942491,0,normal
22.228463377684147,1022.5144466955072,59.38820896823376,0,normal
12.711485546061843,1041.7398331608783,38.71018842156263,1,injection
29.372744009747326,1008.7735339380622,58.23060868142042,0,normal
19.83431051647025,1019.3382420120206,64.12199876693724,0,normal
42.83264320787451,986.6610772054695,82.31947110399136,1,ddos
25.06080535241438,1023.5911909137534,65.91140176622271,0,normal
26.323436803961513,1009.8232013842965,67.80079052757705,0,normal
7.7990220785808875,1031.133831258246,52.12974626634602,1,injection
27.28988786887544,1020.4854905646814,67.10020752851872,0,normal
24.43029810166656,1012.2299010933542,58.4577193878536,0,normal
45.63507617803133,988.8010778807043,87.27096205609755,1,ddos
27.636947559094097,997.0012752191273,55.14475893322909,0,normal
40.67847983232498,987.8044976377288,83.82976559371906,1,ddos
23.685707460233036,1009.1305791954737,65.71559811001123,0,normal
6.2927963619775555,1030.9743284342098,47.02369574432499,1,injection
29.579081426932355,1018.5691325415677,61.2939524937538,0,normal
26.184529405807606,1013.8182239291814,55.288440916396716,0,normal
24.904680822206497,1011.8737421981286,62.6783580685646,0,normal
22.8852323337807,1007.4257440895867,67.06785449168781,0,normal
47.13293965954587,986.8576254900729,86.31186857316358,1,ddos
24.62848228254134,1015.1741846856208,64.20360407451422,0,normal
25.02643351206016,1012.8926565074206,55.0717479272055,0,normal
18.61826579871053,1016.2839304393283,50.86814636612188,0,normal
24.998065335773905,1008.5223513924342,54.26924380135685,0,normal
7.320219077370471,1021.1080461420329,42.402784117674486,1,injection
28.899809355582647,1009.9417509111614,58.97835500228658,0,normal
45.617297238186424,989.667586938221,85.30432843519723,1,ddos
26.640922267729625,1010.4322591337805,51.387327660656176,0,normal
24.651981798145695,1012.7583961838948,57.449324376228645,0,normal
24.082699503852307,1014.1238581548191,60.504341505416974,0,normal
7.179739419188909,1030.4341534800785,42.90764350680604,1,injection
28.871683574397757,1009.4306706054748,60.91499176131264,0,normal
26.20073005118097,1014.193023534147,65.68397613928782,0,normal
35.03497437343482,1006.3532598771194,73.44358609425744,1,backdoor
24.02738901173151,1009.8500969375336,67.3403948742199,0,normal
26.064295158697483,1003.586289307305,52.02836830173474,0,normal
23.565171134276166,1018.2926508633902,59.254309401016656,0,normal
23.315066771855005,1019.0356927785197,57.13059327207431,0,normal
23.184024415585718,1011.1779878411513,62.05118518341479,0,normal
24.23416914738491,1010.3361479121818,58.76955160357133,0,normal
41.29257249085368,989.277340965545,84.36740259381675,1,ddos
26.521779312943,1011.666219139211,56.18672787908882,0,normal
26.75827808706201,1010.8746499403343,61.45354897647771,0,normal
24.1756591466029,1007.4004694090829,58.61733723582955,0,normal
23.973527954494184,1021.0358870355155,64.22348588551174,0,normal
24.6571211811659,1014.3416922184442,59.549770020571586,0,normal
28.881294307927984,1020.0848451295649,58.27244479203355,0,normal
26.99640237553887,1013.6140135564117,56.17825321317621,0,normal
35.817606974442796,996.8961261362828,76.71765864381706,1,backdoor
21.53273060969731,1032.141879699423,34.71358254789064,1,injection
23.69341114843554,1022.9770994713195,61.279117845854486,0,normal
25.88119813330079,1016.3356967457365,57.87967322855284,0,normal
26.548914027561324,1018.5138196087938,58.13312802265099,0,normal
45.71093925717498,988.9453833588398,85.21253326265814,1,ddos
34.65981124977242,1006.6580009198065,70.06088843696055,1,backdoor
21.01168282515363,1016.3920861726099,58.57760119980316,0,normal
25.582738863369435,1012.6121714114519,52.05605781519654,0,normal
31.86574627347928,993.5415900902613,74.91364664704747,1,backdoor
48.3740789104938,987.8845652599653,84.40526293091762,1,ddos
23.56935185116272,1014.3553637971622,59.45465757538643,0,normal
46.76311401037927,990.1768096015697,87.11671095459481,1,ddos
32.629298806641316,996.5062762804563,71.78777396245833,1,backdoor
25.18083531459073,1016.0283951857467,59.51100134769,0,normal
25.22170482604703,1009.8395383479622,56.05919966594645,0,normal
47.62649288698977,992.8546244428949,83.05720012678175,1,ddos
24.84055595302116,1014.1437638900896,54.86923276416432,0,normal
26.031175463114934,1007.1788706102037,53.26844239014456,0,normal
22.987143408863606,1017.1413619770573,58.61184249514222,0,normal
22.609270703875154,1017.3683742895715,46.29277491666819,0,normal
26.30304601737786,1009.7565861333891,67.54971803961185,0,normal
26.059666948825388,1012.2799412400822,64.8033916994875,0,normal
23.86189790687553,1008.4307322449815,59.890310223268855,0,normal
8.270397424309516,1038.9323180022066,41.524418225170066,1,injection
23.832154444193264,1015.879555279973,53.1104687909244,0,normal
26.10654669065778,1009.386631320913,56.60029138532142,0,normal
24.95596931716788,1010.1341253489269,68.70670539035238,0,normal
10.25206949335084,1025.6806118773486,36.333838546454544,1,injection
22.4779131848076,1007.7318370300429,60.15562299996079,0,normal
27.655180480904914,1012.1344067153296,66.55469247716191,0,normal
43.679878160515216,990.1239036889875,87.4837893575695,1,ddos
24.980235777723827,1011.8520420903789,55.26324773866067,0,normal
8.377968986973352,1040.5100036660413,37.431999538314734,1,injection
21.462887982776728,1016.8719773860925,57.02481938678393,0,normal
26.9985709949336,1015.2154876451889,56.68896222873956,0,normal
23.289241899085038,1006.6837431928534,59.51110588808157,0,normal
24.182737086731343,1015.1010753159602,63.86907969417642,0,normal
27.39481474989937,1018.4792556333456,63.53548897604499,0,normal
28.497730320895247,1009.3505491632777,69.98028701760927,0,normal
24.86419125279906,1010.3346207896296,44.13283626029446,0,normal
25.61442583552113,1009.1629346618193,55.55398676521799,0,normal
23.448251802723355,1008.8579027327357,67.29097881416324,0,normal
23.970014778888398,1019.0989177729923,57.05608699215933,0,normal
23.123486881985205,1016.0597315094903,57.08616310642109,0,normal
22.19503386250978,1015.3045808938602,58.36264723925465,0,normal
26.117852437696325,1010.2535442751093,62.71875925083392,0,normal
25.42687211736353,1014.9959997426414,52.20589017035747,0,normal
43.51480690450427,988.3032344784563,83.54223059807913,1,ddos
24.999139810237235,1019.6414829581729,69.61554239545161,0,normal
23.6518807125931,1011.0780624073828,59.617040380749415,0,normal
22.83729427464646,1007.2250750629323,60.190919548285954,0,normal
26.902497859386475,1014.330850561261,69.63745199927193,0,normal
27.619280528154388,1017.8713616355683,60.458008171685854,0,normal
23.649290371295844,1009.6917648497206,56.793635786116795,0,normal
25.118047841352634,1016.6289968900846,55.87618631606641,0,normal
26.500807558681597,1017.3364814298677,62.64242327894166,0,normal
26.987796345558795,1011.6918956659184,63.5989975163801,0,normal
24.491281314676705,1013.1382948666867,63.00606440662699,0,normal
25.07614493683035,1009.9389238020973,58.904242474026894,0,normal
25.08720879740827,1021.4512790349684,56.47551816591329,0,normal
21.524630384085903,1014.3275336525412,63.65432841797515,0,normal
9.960127039830537,1034.0078359894683,33.20323233828135,1,injection
24.569585677753643,1007.3869766089344,53.80764842555477,0,normal
27.073978796450316,1013.1279564573222,63.15928307894324,0,normal
25.583122542321913,1010.5449733300916,57.99420673113293,0,normal
26.935138235799112,1013.4958708935155,59.848706869463136,0,normal
7.844815871292946,1031.1010832356478,32.02463316337764,1,injection
26.92232965671506,1016.8105208201096,69.91419127052033,0,normal
43.269935952268575,988.87687261517,85.44388566946306,1,ddos
20.952321874244845,1014.4006606531377,58.9551042414476,0,normal
21.816888323143495,1016.5052154324738,63.59135788833528,0,normal
24.15677774756571,1014.9740595790158,57.52130825915508,0,normal
24.479633361497438,1009.7230162715706,60.289233599948055,0,normal
26.609806333461265,1017.0850588176986,55.742557158039475,0,normal
26.736409051109067,1019.7945249033444,60.29844562575082,0,normal
46.263904369578356,982.3991764736065,88.82865420388485,1,ddos
42.986440022685706,988.2968227196786,85.04765829496678,1,ddos
25.47639801132412,1011.758232209397,67.79395864344856,0,normal
22.703892059971537,1022.3084587770957,65.10138159841941,0,normal
23.60176623130248,1010.0482027823231,51.889030045113486,0,normal
22.08626666909187,1009.9652352573131,62.183300108655715,0,normal
46.41820451749744,988.7767422909485,84.02323797437923,1,ddos
22.179349960621778,1008.5782307417765,63.74792351842581,0,normal
21.28366080621855,1019.1361029905954,55.82802557503224,0,normal
28.61529174788936,1013.3753081574729,60.873269926930156,0,normal
26.292602684324162,1012.4446198126228,59.062964583424616,0,normal
28.277319423505055,1009.160220944796,55.594277199148664,0,normal
23.757461319242058,1007.1526163785738,44.092770698424104,0,normal
25.313184666643973,1014.7625528542994,62.15244709896454,0,normal
28.96819844610041,1007.6559881920017,57.28753068919438,0,normal
25.26532801670551,1016.4560022334875,48.587463601970704,0,normal
26.306890872369653,1013.5982191203492,61.479925047258455,0,normal
23.284618409556522,1005.3698875270643,62.57487492846583,0,normal
26.89357187529635,1012.6131287978578,58.62974676079976,0,normal
25.94848279629291,1011.537671662311,64.08273567336697,0,normal
25.129189761490146,1024.7440857879205,64.33961110532286,0,normal
25.329571499956877,1034.5913602630726,39.43092207136881,1,injection
22.546873594453697,1021.5763066326591,66.45586729262634,0,normal
26.116895262796554,1012.2380498177597,56.15342679022519,0,normal
25.907107334516976,1013.3016315045625,54.25969297253651,0,normal
26.80930633752819,1016.0570832634082,66.3038248671909,0,normal
25.00646336021447,1016.667504062158,52.81899627536321,0,normal
25.45227486746175,1007.6929320492618,58.290945890419046,0,normal
21.52002390395459,1015.2513198482,63.52810717160945,0,normal
21.933089406933856,1011.4105226419658,62.61857899603025,0,normal
24.839170623759802,1007.8543696539106,56.994772082917976,0,normal
12.234802566666009,1033.6357948287687,46.26295074758245,1,injection
23.485893224810518,1015.3853946825593,67.7058957441352,0,normal
24.063741872426547,1014.2136059574168,62.3275959493477,0,normal
4.017722200963019,1037.8647642392593,36.951003272606435,1,injection
25.681084170297837,1007.6280867987717,54.54674804297295,0,normal
26.129411179563782,1017.0531995861085,59.730431056230564,0,normal
24.33013995744077,1022.5360299524318,61.51094813215496,0,normal
10.98360493566608,1027.3774026681504,44.963505924852086,1,injection
34.72198906185,999.2878936052324,75.5651036022921,1,backdoor
34.17235389535832,998.8788048121496,75.01945560396474,1,backdoor
22.769968193044047,1008.0107363897622,63.45718827479594,0,normal
25.943550041671813,1016.1852874357625,63.369477699428096,0,normal
14.641677299259598,1028.081346877828,33.74658232556429,1,injection
27.492903811130446,1006.2865338129076,58.892316780241245,0,normal
19.92267532230186,1017.3062346054022,70.5205201755436,0,normal
20.756600200499822,1018.8592953007062,49.181988473951705,0,normal
26.88742192479706,1020.9324224828972,64.72266795690777,0,normal
44.80674673715043,987.5735600210573,84.99001716796336,1,ddos
9.548972464875535,1026.3162461574811,53.800958678584685,1,injection
34.685856560255424,1000.4015128646456,73.51636773570539,1,backdoor
46.08864036375855,987.2450931678012,85.8199606346889,1,ddos
26.648545254612497,1013.3996835068219,56.94484332565731,0,normal
22.834029615416753,1011.0874734549888,57.931903692764195,0,normal
40.48287131794236,994.5602362264558,84.82506382312303,1,ddos
47.35106796173241,989.7814761872344,82.06295776218828,1,ddos
24.678279143318054,1017.8076591606796,63.01458321276861,0,normal
26.687092221711964,1012.1036560947008,48.003069313491935,0,normal
47.324648303423494,991.7548573260646,86.26359403197402,1,ddos
24.770218392948838,1013.9431156144426,70.17469456669593,0,normal
23.96915503282741,1012.7686206341299,50.87846843166274,0,normal
25.22640957983154,1015.7202653218549,60.685582196882564,0,normal
16.18512789170801,1031.3871276100504,37.42528627042068,1,injection
25.716370528226015,1016.7787278404157,55.19495173642349,0,normal
23.648373076842905,1015.9681995569383,52.36134579331246,0,normal
24.19454129185301,1013.866438475627,54.137607882730016,0,normal
22.768655759179936,1004.686149904796,55.320624259288024,0,normal
24.800885723417696,1006.8828842941995,59.99732440090549,0,normal
28.281880780504697,1016.2585416933733,74.91249754470131,0,normal
20.67689580695599,1011.5277540370855,57.31246404877985,0,normal
24.14543326927762,1017.3497237801643,68.12182293882519,0,normal
33.01297986477843,1007.6263003943228,84.84813280881697,1,backdoor
24.41201426623681,1017.0828145143379,62.04444976576963,0,normal
46.35774757238028,989.856338890944,83.56420936924928,1,ddos
23.076041206003612,1018.6174905739987,62.75683572790061,0,normal
26.993519997355087,1023.8255763606527,60.88179697169019,0,normal
25.861127284652838,1015.3985896507445,58.25222039390795,0,normal
26.868082196414456,1010.3142800929901,55.55738068726423,0,normal
29.025245457263875,1009.9513642027474,63.32141946140216,0,normal
27.182748440279852,1019.0827684441731,56.16395110480325,0,normal
23.983750477856972,1009.7565107972091,65.178720538635,0,normal
23.702274496669727,1012.4162481164211,64.51469536252442,0,normal
26.443033146679138,1016.5855375047706,64.70178509932688,0,normal
26.125318091309587,1009.6000248988033,63.37125806938029,0,normal
25.263921563320995,1010.1327372551752,65.83139130488699,0,normal
21.83012800616671,1016.5950035280725,51.95053357693507,0,normal
24.573539772039453,1016.7214492510312,62.602552055251536,0,normal
25.700020288885813,1023.9182104060651,53.410909252751615,0,normal
25.873313243644834,1014.3781353886475,61.48173207419219,0,normal
45.860838480403565,989.4656700930705,86.2803060985389,1,ddos
27.891119810141465,1014.4914258286665,54.75425050964881,0,normal
24.780933971850903,1008.2677393944189,66.3991103076129,0,normal
24.29522178802796,1022.2161416865695,53.63648206186021,0,normal
25.207553778016813,1007.611846945607,62.14476084003836,0,normal
22.319469912858352,1013.8988539089099,60.89816321704235,0,normal
25.273251506398644,1018.610358485767,51.973562576777056,0,normal
28.368702173294945,1008.2214087088681,62.72089068190364,0,normal
27.917040527009316,1010.7433025551591,53.692160318038546,0,normal
26.911633268776843,1019.0324044718259,59.10197759594416,0,normal
7.4979342507200695,1029.5286880834265,43.6471596628473,1,injection
27.121492465071547,1015.2643137687876,64.41061171636517,0,normal
45.95063609668201,988.9913593095794,84.43173275206725,1,ddos
24.271702069643123,1017.361799481715,63.36836112359191,0,normal
25.744161476901535,1013.058393567682,62.01676244471886,0,normal
23.928397920109663,1023.960793635886,63.965818762171004,0,normal
25.637285822398074,1005.6732265579424,56.36771886735704,0,normal
28.18798607824415,1025.5940423791508,60.2117070326172,0,normal
23.731761494747893,1007.8037108101007,65.49756499417477,0,normal
31.73432435799495,1001.550267405507,73.66711852786429,1,backdoor
4.649513816403955,1034.7431864204177,40.381808497595905,1,injection
24.943082362929996,1013.6330556859278,60.826695035312625,0,normal
34.29996957433486,1000.2520651834857,76.63352951869513,1,backdoor
21.272381123342672,1016.270863047615,61.488116253243476,0,normal
24.55147041764593,1016.8421660148655,58.189092678723085,0,normal
26.732838437026672,1008.0569190612654,52.07513692434158,0,normal
4.629977201979594,1033.9270811297206,44.25447372171019,1,injection
25.693733128696167,1008.0658770218199,49.93447440428064,0,normal
27.343045857447294,1020.1535906369025,59.125529274891214,0,normal
28.18769599915686,1007.3157080106047,47.89678735564527,0,normal
26.518613845761767,1014.7923696645935,61.84581173586406,0,normal
22.165227156230625,1016.9982185081077,62.729152428549476,0,normal
35.66704549067586,996.5119736442819,71.98697796922345,1,backdoor
45.117228569127725,989.3737362484582,84.96917537157856,1,ddos
27.633954369111535,1018.6135392303927,61.829411146088816,0,normal
21.59080632696276,1009.0907402969436,49.68156044556016,0,normal
26.22274806915304,1013.1325384954972,58.85049916802898,0,normal
24.601936767594978,1019.7710266390623,62.781583998138245,0,normal
25.90911654474453,1017.4531577430382,58.785078192276494,0,normal
25.461812215129143,1011.2626429098111,60.937377073344194,0,normal
26.714249984754023,1014.7003868977777,64.85238953702765,0,normal
24.48114870150205,1011.0464725406417,60.39765829082226,0,normal
26.2148383222193,1008.1691571933557,67.7682465624473,0,normal
26.295639095851843,1011.3378164445735,55.24203603903832,0,normal
22.07144496699487,1010.0901970633665,52.10803476496041,0,normal
27.53159934607256,1004.6405097630376,67.49360652009908,0,normal
25.15610198120245,1010.9481004534048,51.28383183818481,0,normal
27.651714873607784,1006.8250761477204,48.511492986711545,0,normal
21.498237860043165,1018.2284857774769,63.9686785910777,0,normal
23.18828085748807,1010.2328854265206,71.4806858938553,0,normal
23.117130780485063,1007.1886346886391,56.86643213220172,0,normal
25.182784878967414,1016.251797751843,59.24323624403208,0,normal
21.099460603842463,1017.969963179,65.11603244970208,0,normal
26.622122166007355,1007.6056945022028,65.39082861078886,0,normal
10.316869141146066,1025.340899684971,45.17252096080982,1,injection
27.40353265423863,1012.4316013561722,64.71476308203503,0,normal
28.49116796298781,1016.0786649269409,63.6602926281331,0,normal
35.11049052012614,997.3860409802396,75.69300322874545,1,backdoor
25.914278289445363,1011.3880500842389,61.33917807641008,0,normal
24.01382101819362,1002.1647558622296,57.88292818022813,0,normal
22.826190097378277,1014.559251187564,60.86358269359377,0,normal
37.1670764499432,1002.1742036257174,77.85731760836993,1,backdoor
26.0074996416148,1009.6602322316353,61.50383362136607,0,normal
24.60901999062739,1005.9666550088707,65.49544282761264,0,normal
27.96061974409216,1014.9218406621039,73.85910490749808,0,normal
27.779583678838968,1009.0932387461902,66.2638208497674,0,normal
23.7044938244665,1011.5494033869994,61.915616592350204,0,normal
27.043110716153237,1009.4230605522665,59.49202260515232,0,normal
24.921093071767935,1006.6983407495138,62.98935842924661,0,normal
22.58708884602967,1010.4551164786012,60.5829938544151,0,normal
21.16048358161342,1011.7465999460231,66.14845543657655,0,normal
23.699587399195522,1013.3354184029017,55.038437113817025,0,normal
25.37144386419183,1017.9146643161303,56.8789812443158,0,normal
25.200747563499228,1012.383049731155,60.341372547551835,0,normal
26.557654506721775,1006.2579715600059,58.402507833142366,0,normal
29.507240647252438,1027.7923336981546,55.446150780318284,0,normal
7.470658260631274,1029.0557109223832,39.245428779217356,1,injection
25.191783287398277,1013.9976986277641,59.96261912996836,0,normal
24.443953604497153,1010.5351752166293,66.88270440307139,0,normal
23.830452763486583,1009.5464073115741,55.04142212715619,0,normal
27.591603785303278,1011.0641903674548,65.24343370501559,0,normal
45.45252622335163,989.1189775693354,85.064356382228,1,ddos
25.023687803895204,1012.0289823217748,66.6819770300141,0,normal
26.99949925212473,1011.4574897201348,62.87695922518941,0,normal
6.401663802817826,1037.6087647436032,42.7276210682512,1,injection
23.580870503994397,1015.3628551889778,66.08200904323739,0,normal
22.43427340338354,1010.931921329344,54.13875400288669,0,normal
25.83233629672985,1014.3584639727359,60.12895786708046,0,normal
10.526257488116359,1024.2642811713188,29.91834227176514,1,injection
24.27100048738615,1010.5636885185048,55.10648133371148,0,normal
22.412513193595906,1013.6015072384419,63.96567923658307,0,normal
26.10936904618577,1013.6748610283229,60.41892038028854,0,normal
22.708328536141465,1014.3358713235315,66.87716854477793,0,normal
33.64259905705959,998.8634927275191,71.5597865217562,1,backdoor
44.747917405736,989.3454340112202,85.90315285597516,1,ddos
33.79919612492411,1002.6262832316323,73.99017662839714,1,backdoor
24.524440672050755,1014.6987625514115,64.5449828815949,0,normal
25.967647859177816,1014.5482526407935,61.34891075736581,0,normal
23.860345666202203,1017.0302250349308,58.48964181857682,0,normal
25.298546041865396,1016.4926733320306,58.41285577717407,0,normal
1.7356553579890281,1027.5242657939284,41.388161376249556,1,injection
26.366524230109185,1013.2423115705049,61.296673228963975,0,normal
23.146285653480007,1008.1072826726737,61.08230892211054,0,normal
6.936243649640764,1026.5959993730896,36.703453636953306,1,injection
42.598175771177544,993.6595921267162,88.42026192944626,1,ddos
22.438250912295878,1016.9198277372823,52.761474274090816,0,normal
24.227046151600955,1009.1188251248394,60.06599820769758,0,normal
21.40211012269427,1013.2743811679385,61.68022494104024,0,normal
28.07399767450718,1015.386303789486,54.88211758434672,0,normal
24.672471255837916,1011.5803242596673,54.55065196745965,0,normal
30.451432490762695,1014.9950716255111,68.59921465824263,0,normal
22.374411088055496,1015.8306750090869,69.1505759303569,0,normal
27.025454920439028,1009.8044117270572,66.07399388766649,0,normal
25.61322046337304,1007.3377572919513,55.50088727953805,0,normal
46.38117478486945,992.9037408587299,86.25873697816726,1,ddos
24.575562600827872,1015.8425647701991,58.87081613976999,0,normal
28.90870911880835,1007.9666328253932,62.28667923096903,0,normal
25.910404195989507,1008.0425265005496,70.00009920533698,0,normal
25.71555273669629,1014.6540395925254,57.55718919238788,0,normal
25.743993702062802,1010.331984230552,64.34361476601839,0,normal
27.073871355596275,1012.6162983600045,65.40678392670408,0,normal
20.940543587638928,1010.5820314607164,51.06039982722886,0,normal
45.486370233967975,988.9984527767692,85.82634126626725,1,ddos
32.619550804679264,996.4054031782218,73.46848316869563,1,backdoor
24.03502166567885,1010.5971144227367,61.50474167602548,0,normal
27.081139563667307,1009.4137055293841,72.21180743311743,0,normal
44.710353616880376,990.803187992922,81.60287093130019,1,ddos
27.09582067848512,1013.5793617464883,53.31706533656673,0,normal
23.651695911897594,1016.6936426463886,57.27689338780627,0,normal
26.10960652024117,1010.984656590554,65.55816323862331,0,normal
27.290524045133605,1019.0106753976813,54.39076328216228,0,normal
29.781427105858505,1014.9070427887474,56.89981636735936,0,normal
28.39348852479482,1008.0812600537948,54.31086766101526,0,normal
25.399209081520763,1016.9854446572898,67.04919178856386,0,normal
23.2474074986577,1009.3332302881281,59.37371192989325,0,normal
35.75898334805507,1000.0927030276067,76.92884662884373,1,backdoor
31.35070873792756,1018.0942408854486,65.84270495957881,0,normal
20.17947405961896,1020.0161918822157,62.17482824122891,0,normal
20.323243400493862,1017.05072276482,54.097248149721935,0,normal
27.55199316108147,1011.1174195940848,52.37364836054859,0,normal
25.246740228792945,1015.9354470245662,64.16336261383265,0,normal
24.33098650682334,1010.9568357532828,66.86820249019652,0,normal
26.065412140867807,1023.3342687218516,67.06525066582873,0,normal
27.45027802880903,1006.1674926920748,54.658398227353494,0,normal
24.563164130677983,1004.8018660225574,59.831395961588285,0,normal
25.913558451900656,1016.2380062506338,52.80932175077916,0,normal
24.375681331412736,1010.61631399464,59.53276825605131,0,normal
21.927709092437347,1015.7227433183424,63.0171794594465,0,normal
23.852007642190255,1007.1120126200926,59.911360909143085,0,normal
21.95409678720648,1020.5746743055419,60.80413505454138,0,normal
25.2151955855887,1004.8934719324827,51.16753397332222,0,normal
3.682955321194279,1035.144579387792,47.17619864169536,1,injection
25.99010847030597,1005.1989416653238,58.56451865618022,0,normal
25.447368830465532,1015.1326927130897,57.48324225702793,0,normal
39.330291903571464,989.8001818503792,85.04602944391897,1,ddos
25.712166423080173,1010.2248667701508,58.52503116559979,0,normal
23.96521030009698,1009.4344109155106,60.45394731002942,0,normal
24.210298635325618,1003.8138548117383,61.32035667979399,0,normal
47.125913557851895,988.1446869922896,83.99024369552335,1,ddos
23.85675785360419,1007.7551261127934,62.55616195446393,0,normal
26.480917097571343,1015.4863766115591,62.80115017670779,0,normal
27.727517863777585,1015.3046120799488,59.372371240792674,0,normal
28.10406264531263,1002.7331603775573,65.07333927794086,0,normal
20.015171029881735,1022.3735536321731,59.69196448584882,0,normal
5.958788888739306,1040.6217334043563,37.565535585313796,1,injection
25.06183386532299,1016.8149399273196,50.17297711279803,0,normal
32.25656035705096,1008.5894545798153,75.07063282306147,1,backdoor
23.231066512821346,1014.4578093681141,58.53186776388462,0,normal
34.29253958180538,1001.6030946421693,82.16740139465833,1,backdoor
21.312238585995857,1011.9142960499352,51.921885385274734,0,normal
23.614764873240585,1011.5365248373483,65.90981302090636,0,normal
44.92634908933116,991.4227770387218,84.38327349698713,1,ddos
26.11934089942582,1020.1965950641537,55.74093786951141,0,normal
23.12157497172729,1007.1363879614802,56.327404330495185,0,normal
25.254188724131932,1025.424314143205,58.751012710684904,0,normal
24.302292071423167,1021.0766452350733,62.786052260315316,0,normal
22.173481396195793,1011.5698641821151,59.39057453097441,0,normal
24.467989298196002,1009.978853385527,58.626295300195345,0,normal
25.091010112048096,1019.0852202526295,49.890709410749565,0,normal
23.749409663409057,1030.250729841733,57.25075502428395,0,normal
47.312897034146076,986.7736646484035,85.3165447999036,1,ddos
45.72308422058862,989.2680543866692,80.36154133737601,1,ddos
25.385279208399567,1021.1282725512765,66.10812154223466,0,normal
24.982587295626484,1015.691936166794,57.41436021129764,0,normal
43.32897965292883,990.5003791505137,86.40783846800953,1,ddos
25.88374078624396,1011.3828643193335,55.87712780372928,0,normal
47.429724128576254,989.5480032982354,85.13819977404019,1,ddos
25.1148832799597,1009.6276887192535,62.739589551923544,0,normal
25.919640793137674,1000.6354057068485,69.2090109617945,0,normal
28.700669324944204,1010.8410387157724,66.983959038095,0,normal
26.841266788680215,1013.4421517911962,60.21048576427084,0,normal
22.1220144711695,1014.6985132148604,59.14354577129214,0,normal
23.697227117761273,1020.9287356058321,55.11343727533936,0,normal
39.58656192610139,997.5381580042821,72.44778394369595,1,backdoor
26.464374067886368,1004.9737497236395,50.96280431045209,0,normal
23.87731674357093,1017.3434995039382,54.78352835647541,0,normal
21.14741024463583,1008.5081509939474,62.91158939175662,0,normal
24.933961066868907,1011.5743948363504,67.4044501613704,0,normal
22.304691550136614,1013.7069786670651,62.009032869243015,0,normal
28.20879229936899,1013.9979687244703,59.5657703630575,0,normal
22.560485628264257,1018.4213151451836,57.3812573976649,0,normal
21.011195377045034,1007.4007839287967,58.95832909295835,0,normal
35.21599290124141,998.5327740779803,74.85362795016414,1,backdoor
24.075241709873413,1011.2821464260851,58.50685374983264,0,normal
34.27676486963704,1001.9579506957073,76.29826119920473,1,backdoor
22.6010683207032,1018.06833795551,56.71517631851524,0,normal
26.90612147931103,1006.0644752455802,60.04325705433947,0,normal
24.361823319716372,1020.9578707512057,60.52171172375497,0,normal
25.263115777733514,1005.9075383252809,55.38578064210152,0,normal
23.26956008052505,1016.5840098032287,59.42207689595067,0,normal
44.59813628934359,989.6232843218284,86.82232017473005,1,ddos
24.69681422744266,1020.9623467312543,55.800690193688894,0,normal
25.265313206351568,1014.3300486146957,51.96943347666889,0,normal
25.177088260494717,1010.67638778916,65.56691970777553,0,normal
21.744682485897467,1015.5745028300989,56.95396553767647,0,normal
24.46119688167638,1013.3370218175911,62.014127543680964,0,normal
31.17860396696584,1001.404362486434,75.72704108246297,1,backdoor
28.425064668328396,1013.985279339641,58.385600525869215,0,normal
20.445714142384062,1005.9747306199394,56.06472963311913,0,normal
34.13544273564676,1005.2532971795241,68.95427305834858,1,backdoor
24.43437002349852,1011.6970514612351,50.34566437979382,0,normal
46.423058921038376,985.2748999466115,81.11020229265768,1,ddos
25.69986698543324,1007.0572468943317,59.32649494775046,0,normal
23.210688729710238,1010.4720108591868,64.520995344924,0,normal
23.57209978949677,1010.5438292057675,72.47096534716425,0,normal
24.76995874387718,1011.6529314919607,57.772164678095244,0,normal
26.346606175115056,1008.5089171688019,54.31268720286203,0,normal
25.83507336102926,1019.941408963826,55.207669407988526,0,normal
8.134606298669384,1018.5612659484752,40.104114749614396,1,injection
25.138889216383433,1025.3521540431962,68.61944252772724,0,normal
27.440214203783203,1009.9786331597753,59.22542886694806,0,normal
36.526248480005364,997.5644754290712,71.84570516680871,1,backdoor
26.942183374652945,1008.509323703638,60.70160519695794,0,normal
37.53358121536448,997.6040700001666,78.20436063851581,1,backdoor
21.192836551150446,1011.4786543393894,58.35107073640845,0,normal
31.530556921023948,1000.7743548754597,75.00640316879594,1,backdoor
24.342176776511145,1021.9296210440671,65.82202956393527,0,normal
39.01416061005653,1006.9991958469167,70.69010813804118,1,backdoor
24.42551628197887,1009.1127353881853,63.36345601103997,0,normal
25.04631014313747,1013.1204905316667,56.98463248751711,0,normal
27.354548286058616,1012.7674479561196,52.23431601915725,0,normal
23.67464507623494,1018.145458957136,58.79550464313886,0,normal
25.07723379546749,1014.4732080317372,59.92443604307029,0,normal
28.665818633788387,1015.2242501094802,61.11634851961927,0,normal
22.57148244175874,1006.5222071722962,59.332854216610954,0,normal
24.86898648426031,1013.4340539937443,61.254329441594955,0,normal
42.36121745875016,990.4531088380529,86.8164087558954,1,ddos
32.48338839208351,1002.2216354738922,80.89654689425014,1,backdoor
44.404563978783976,992.7534107797024,83.72060781285839,1,ddos
28.615542167835592,1009.9976362778378,67.2685929660667,0,normal
22.341823615407094,1010.592526862999,55.380823352614556,0,normal
25.982079110757187,1009.5167248784128,55.3301378659253,0,normal
25.386459914054388,1012.7956949181681,60.639946821171556,0,normal
24.841233791518636,1012.4967366005715,67.3117201902152,0,normal
25.989078392607308,1007.114269697396,59.402614757774394,0,normal
26.6966325598284,1015.106604588029,66.0309466893013,0,normal
25.46596600350326,1015.7129327377756,60.857516526837344,0,normal
28.561866561948992,1013.225439422378,61.784938093456354,0,normal
24.55575505109332,1004.6286500989053,61.51291346457096,0,normal
26.9291570989695,1019.4660110051283,61.74125651779269,0,normal
25.514858838642443,1015.7919945985667,60.83419285166505,0,normal
27.285899146142672,1013.4833971238496,60.3737369120083,0,normal
23.10207547545673,1007.7443882327213,61.75705035862604,0,normal
27.33683239413196,1014.3256383774309,56.932215620800136,0,normal
24.358290322594478,1004.84836587502,68.87277398761138,0,normal
22.2688434262291,1009.7117964227934,65.31919122545243,0,normal
25.901922585779527,1005.6842355205234,59.383285161620016,0,normal
46.750238691431996,988.8228995915683,83.62693018084268,1,ddos
27.239120857709036,1010.9222099421282,64.09899512444534,0,normal
24.098852118819362,1012.9101156474063,61.07354522985379,0,normal
25.27184368073,1014.1193755576189,49.11460190433692,0,normal
26.65184079834139,1016.4642733192791,51.30839570291201,0,normal
28.157594387592006,1012.4877806715016,60.013861462408755,0,normal
25.346199397166604,1010.8169452716674,63.6661561703268,0,normal
24.28881635981095,1008.8454587579621,68.24332824604903,0,normal
25.43769562582637,1009.5034407517915,65.28022852853111,0,normal
24.172831210486425,1015.982831201651,63.03896047358606,0,normal
24.139036634958295,1017.4238016297292,68.80596784533014,0,normal
6.005575354079659,1028.857297810818,37.18658148649166,1,injection
24.766642794446028,1019.3465978391254,57.529497201495886,0,normal
33.68924375396807,999.9266270951263,78.8549081168455,1,backdoor
23.348830266852413,1013.5312407145034,64.51385260540177,0,normal
42.38921388817507,988.5006247047354,84.53878588328047,1,ddos
23.052214859813933,1013.434257973342,61.64229886047701,0,normal
24.00176257835632,1014.1920811381761,61.26879471105281,0,normal
24.825114130282348,1011.818843733881,63.000510941573346,0,normal
28.39964869763763,1008.4890333060597,60.69554879453262,0,normal
26.389306579821465,1008.6510606107223,58.11084096314859,0,normal
24.41486860161046,1013.0245449917518,50.85712077185225,0,normal
45.45292522383253,988.8423361906208,84.92056266461584,1,ddos
25.07165896224755,1007.1160966469603,63.22304038300819,0,normal
25.127474353832387,1016.6637008509836,56.22510129558225,0,normal
44.42693576751377,991.4841772400316,87.01688394527027,1,ddos
24.78296163993007,1011.5308986321096,60.596963453238885,0,normal
35.45273611105752,1004.5534359396685,79.1317888717968,1,backdoor
25.87996249442929,1015.0074456241778,58.77039501300309,0,normal
26.0367344129931,1008.1908407108655,60.47248633480838,0,normal
22.231893469397537,1015.9394018006764,60.118911072959165,0,normal
25.42653704459255,1003.4125420619887,60.053677760522554,0,normal
48.867592413304905,990.4864952646606,86.62199435584064,1,ddos
25.467287102763812,1015.2468707397741,58.77443678834422,0,normal
27.571495393046796,1020.5971578852553,62.41326932880538,0,normal
24.150525633148288,1011.013200250043,56.783701890209976,0,normal
21.50691216820276,1008.2568747431352,51.92192882728472,0,normal
24.288797683241725,1015.2088759078761,62.6292146469618,0,normal
26.99380228166729,1013.4961514203399,61.792515806230526,0,normal
45.5211821727423,989.3070794269089,83.91078497937325,1,ddos
25.115985372861278,1013.6894214928171,53.26922081854571,0,normal
22.93591679640476,1008.152109184145,66.32512225128876,0,normal
25.622924817523895,1015.9152077672503,65.93618758198963,0,normal
44.68764721991215,987.4497517952092,85.21386950609688,1,ddos
26.24688601596655,1014.425681507033,57.43255894356544,0,normal
22.12424988847233,1009.1078092356956,64.44013032746622,0,normal
27.602399706869203,996.61479064285,73.75816661114098,1,backdoor
24.091829601685674,1006.1527945256254,57.702063194731394,0,normal
26.456102297359426,1014.5365571743904,55.7650122398694,0,normal
23.993111737962092,1008.0358747417148,54.62410102466518,0,normal
45.59408198373356,987.152255306479,89.04970525952562,1,ddos
43.06704707275643,988.5931987896965,85.41762505592787,1,ddos
23.071430312016954,1009.4780122622678,55.351339864836476,0,normal
23.8422647331225,1012.1441147665602,63.10385210765706,0,normal
25.456616866540365,1012.8986302936033,63.71922227530337,0,normal
27.51657629327933,1008.3483661053995,60.32186549365424,0,normal
23.883303634322967,1023.3346934171055,60.547285942305614,0,normal
26.464248676530264,1011.6868592380138,62.830228952009065,0,normal
24.265725343426475,1003.7570699943614,56.30730575192473,0,normal
23.5612178214096,1018.1293187218865,53.33249008965032,0,normal
30.086931123855962,1016.2567666816476,55.602691792676566,0,normal
27.651551360110105,1012.9648988850329,60.94584195337142,0,normal
27.882043229932272,1009.504744344867,60.52504042398492,0,normal
24.09863210362487,1015.3387134554853,65.96622674556644,0,normal
24.36864835443084,1014.1048458567428,65.16769874844286,0,normal
45.457488550266625,992.5912138473692,84.66092373327992,1,ddos
27.20699885459111,1013.0909976252851,50.34078965883688,0,normal
23.702972362445262,1019.6418671199102,58.82008101208696,0,normal
27.12899415925875,1019.398288796666,59.280709125651356,0,normal
25.225299171198127,1008.4584869466961,59.96294692845311,0,normal
18.230660308417253,1023.9911889757459,38.770617477798034,1,injection
35.394928096485884,1011.7107499711404,77.7781147915227,1,backdoor
22.96384592711562,1013.6597407216025,59.23779382184856,0,normal
21.653134362702147,1022.3836933453969,59.71889173632795,0,normal
36.60781726351088,1000.1139985210441,73.63489539714682,1,backdoor
24.254826519422384,1016.9289230936082,50.30477713672936,0,normal
10.685014184806523,1029.1680477072841,39.09964506760595,1,injection
24.89069052588829,1011.353528957514,62.31487325054612,0,normal
23.299262471908555,1005.1543956658998,56.294711556320465,0,normal
27.163796460707694,1009.535576442923,62.27704760666715,0,normal
27.651204110967456,1017.5463046222209,58.50459537063013,0,normal
44.14614210595238,990.5166006439459,84.31988721267653,1,ddos
25.808247489568117,1005.1153380230669,55.03259372001062,0,normal
25.046351372758814,1014.4196703888229,58.760364805806034,0,normal
23.009345298333145,1011.2527695878821,63.04090077587638,0,normal
34.36354509821526,998.3829328385004,74.77043571377642,1,backdoor
25.384134493644208,1006.2934262417081,60.07492435118901,0,normal
25.049097107848056,1012.7361610352265,65.68048423819998,0,normal
29.25505991886442,1008.9840063092835,60.99376428704134,0,normal
28.039313143179807,1017.1500911222311,70.87726518965019,0,normal
23.869130541762832,1009.5482633167003,62.89622430993533,0,normal
22.333210372001354,1017.4341142475525,61.55054757908091,0,normal
12.233389563222829,1030.0626420239798,40.51305748607262,1,injection
24.32075779086692,1015.1868551618271,66.37362336015288,0,normal
49.0880043047892,988.8740438987143,83.9945871490302,1,ddos
35.39637352238369,999.4447888447822,75.6513091573399,1,backdoor
24.247727600995596,1018.5040046291614,64.22830448612119,0,normal
35.769946347085195,999.6429567525419,71.34212582293763,1,backdoor
26.46018637856841,1010.1830502059667,60.162594894100984,0,normal
24.604789104829987,1008.7281029838886,55.02129949447858,0,normal
31.994962735361888,1004.1966429447344,74.681585739034,1,backdoor
23.14962944570019,1009.030664831661,62.685828514133746,0,normal
21.428623475911046,1012.387236921728,60.9560760557614,0,normal
28.918481411162936,1020.5957626037791,65.46994765412106,0,normal
22.242629746889513,1012.6909152441629,59.11193039340691,0,normal
25.74819091942632,1022.5223582228887,62.2165756915596,0,normal
28.087828235340183,1015.1693807688673,69.39319529423543,0,normal
21.543842813204574,1015.4947332460387,63.629431443308576,0,normal
26.41621895807122,1011.5518388971678,63.99348379417626,0,normal
36.199795909130174,1004.5267336248854,78.89933146110766,1,backdoor
26.80663177198756,1010.2991161182505,61.32743475962822,0,normal
24.4028010866379,1012.6401623003535,57.5440354431163,0,normal
24.2041492885911,1008.1851690687439,63.805164662833434,0,normal
42.312011915511114,989.6072670682265,81.79840766180571,1,ddos
28.247661325921605,1014.3837397973048,57.4561303667428,0,normal
25.367934496710404,1012.5028745836332,59.835777806977525,0,normal
25.207377029224006,1013.7785976391974,59.825426034915196,0,normal
27.54905812998895,1007.4984490591995,57.69416442375039,0,normal
24.99685844922621,1010.8026044115961,62.276721426241856,0,normal
20.327112270168307,1008.7226123837955,61.00515813678312,0,normal
23.860651315187777,1007.5950261978022,65.62997177140272,0,normal
23.515374957210764,1013.7383291565459,66.07329971026898,0,normal
24.815922628310698,1005.5090557129723,53.23415607664195,0,normal
25.97661082156438,1009.953749047848,62.7779145178366,0,normal
26.241963158563625,1009.403074845406,57.346673600422726,0,normal
26.318711273282545,1007.8401390871027,64.5890826101098,0,normal
27.540740618220767,1010.7749784111672,66.41237103439907,0,normal
23.37169072452905,1010.0044000742367,50.69856584227642,0,normal
23.330994298085145,1016.3157438285917,66.29970583765379,0,normal
34.55737829406125,993.7014154563822,67.72069539943668,1,backdoor
25.069981767904903,1019.5873489677336,71.81209086227751,0,normal
26.262323691472456,1007.1308693644587,59.02619234650524,0,normal
27.252070437482523,1019.9235091560251,53.814255232421296,0,normal
25.385032228873765,1013.252448457172,61.86756470850436,0,normal
25.03071217879651,1011.1794277617016,67.30619407124392,0,normal
23.472604190385304,1019.044656390974,58.93285148131597,0,normal
25.665576032290197,1015.434481232068,59.61261314371316,0,normal
26.688139409719074,1012.1031949920913,56.94105118444121,0,normal
23.491151196197688,1010.7604522141345,59.05008127176986,0,normal
24.553951404365595,1016.2107103948379,49.24719280682144,0,normal
27.07529982033512,1016.0717142808116,60.68461244233537,0,normal
43.14333622915344,989.4562620714029,82.88521661231945,1,ddos
24.490694112390113,1009.1663065448656,57.563917785402516,0,normal
27.60815489826241,1009.2860594907693,57.250599629586816,0,normal
26.79959395745604,1022.9848441493579,61.09666119272991,0,normal
26.312552103057914,1013.1269172399875,60.91014102713523,0,normal
22.848933851693374,1007.1690885968213,65.81139142061875,0,normal
25.85984289415418,1011.8043346829239,58.10468772045913,0,normal
25.474940831443902,1012.2755910878234,65.5099860614443,0,normal
45.11786230760607,990.5275115529085,84.04165526877952,1,ddos
36.4382550034786,1001.5541151775963,75.89114782626844,1,backdoor
22.81847873866152,1008.2994953237024,59.34334114699283,0,normal
13.629463079047445,1032.2003857288666,39.76010651883774,1,injection
43.56143137291243,990.4560848855565,86.06737900733535,1,ddos
25.195447586229573,1005.074971470552,71.31182135681189,0,normal
40.36662604758851,991.4156890874883,88.73529452602952,1,ddos
23.67551940496723,1018.3059366616015,57.67649666944825,0,normal
25.488534052258878,1011.4492678707303,50.90688420136771,0,normal
24.202376319737116,1012.9636839163129,61.74037609530505,0,normal
25.21496752664542,1011.9967332098122,63.30614126385027,0,normal
25.06056267286137,1012.8135920365867,54.68036603942515,0,normal
23.29911106933315,1014.4153631970846,65.61245927238276,0,normal
25.74982063897907,1004.7109475440953,68.6679785860318,0,normal
32.793007380812746,1004.0581989851705,74.92594408592494,1,backdoor
48.99489023148106,993.2161537926901,82.89216428945232,1,ddos
20.764370250477146,1013.3438754539535,60.355094936455274,0,normal
25.89215549817875,1013.4190487174378,65.85053305837174,0,normal
30.163788020113355,999.551832162627,69.41344135388108,1,backdoor
24.3853938867971,1015.1541482223895,62.59980239296694,0,normal
24.616653857690313,1013.9574400833858,66.36478039008618,0,normal
23.469654613943103,1014.61240325135,59.157884436375475,0,normal
24.468974482289628,1018.4447586339666,58.94680434866113,0,normal
22.326968293910358,1012.928541351656,56.53777844386718,0,normal
26.61829502539997,1015.0594393156408,73.73849930472707,0,normal
25.850757355185433,1015.3001523615161,59.706565640728165,0,normal
28.6306531114381,1013.4596920431089,65.29991538082339,0,normal
24.798367718984352,1025.4326657104505,59.37972529321057,0,normal
24.285626113007226,1006.6815472203374,63.52470688752964,0,normal
23.657007913419086,1014.5201777263514,59.86173239552834,0,normal
23.353529069470177,1014.9605326741244,63.731578434492164,0,normal
24.80825857348226,1013.3865364770841,59.03626342859065,0,normal
28.394547125728675,1011.1428281206623,67.35427258571026,0,normal
25.098944304873875,1020.0430496151346,60.04676686054332,0,normal
23.22862502024636,1012.3731799375622,62.37420735750333,0,normal
29.352848022653284,1008.8997785307486,59.663200281412266,0,normal
23.494025089865303,1015.285451269641,69.23135615003733,0,normal
24.047123910414737,1009.5222302711235,62.11672532468708,0,normal
26.43380994352246,1003.5735876064062,49.125364421656556,0,normal
14.065081470748108,1026.3709099298196,51.85753412974871,1,injection
38.74125974876366,998.975080891368,68.14707048264663,1,backdoor
22.98003339227166,1016.4164634055521,58.27057901044954,0,normal
4.619744507907729,1019.5039401530466,35.58026061452252,1,injection
24.437955695187636,1010.648073481193,60.57749307837242,0,normal
27.35178867719062,1014.1562998428867,60.50430397190203,0,normal
21.08874945234523,1019.208425953952,61.847591064972,0,normal
26.21265798740216,1012.0692394545401,57.767373331987685,0,normal
27.488155261879253,1016.0863555606721,49.0664352284026,0,normal
33.8392013043199,997.6526433050609,77.51768739046281,1,backdoor
24.34662439645574,1017.1066051038457,53.038437910412064,0,normal
45.38542995478524,990.0782397486909,86.16805664818295,1,ddos
25.12312090614137,1008.1923424575591,58.07417769402017,0,normal
24.53324200164035,1008.024377868429,62.49561103577475,0,normal
23.45640425370666,1006.2543335107526,68.93104275544611,0,normal
26.26846790638482,1012.7891871184714,56.50909845194836,0,normal
34.91119416389145,991.7214871999852,69.7587430583003,1,backdoor
26.52711800923986,1013.0250023302194,53.7001207969048,0,normal
25.4720057851144,1017.7196734949921,55.890723497049606,0,normal
26.49971980713132,1014.575375528516,54.025986945758824,0,normal
40.99227202196826,991.2423048328124,85.81932090585434,1,ddos
24.925948807588714,1011.7696553351085,59.234299061037525,0,normal
25.32730891404024,1018.1082612813542,61.132326786480505,0,normal
22.77804603414065,1018.6084739792838,58.4756377434389,0,normal
24.537770250343,1007.7198579759479,62.56389587155789,0,normal
45.02627618720644,990.7135872621151,83.56515139851312,1,ddos
25.747458863869788,1012.6361376487239,61.395928708831015,0,normal
25.71949984586437,1007.3349137683788,55.51565624106943,0,normal
28.71400326807294,1014.6953198923027,60.40349312520476,0,normal
23.432045617309733,1012.2589419404712,59.863421215512275,0,normal
21.841439723259708,1018.9480200212095,63.125039122254655,0,normal
25.8341145259936,1014.2461430247943,67.86334562512059,0,normal
22.97036918450222,1015.8935438227828,58.88768050916477,0,normal
26.004211829553608,1011.8828410649076,49.77926007862134,0,normal
26.791946077938263,1014.3900431393737,57.408025957753395,0,normal
28.194504927553215,1011.9119896582764,62.55302727794483,0,normal
42.69899079237109,991.3227935665535,84.69905049815497,1,ddos
27.881954390111648,1022.2791873782759,62.1412564621231,0,normal
43.276136617543074,989.8445010143042,83.92173274509975,1,ddos
5.541580339140024,1036.7122885251244,46.39359854905031,1,injection
24.88533705836921,1014.3979460844344,54.09716163602752,0,normal
23.127359298984526,1007.5172694274238,54.8275231648143,0,normal
23.434328789190324,1002.6515982303242,61.18593965010355,0,normal
23.479471797396947,1017.6512970271195,51.67231919594977,0,normal
5.7040448621482795,1033.0603580990787,39.380722710392305,1,injection
22.66980776768753,1018.8022379959509,62.45201334649467,0,normal
22.548620792902536,1009.6691470480879,64.6708764036697,0,normal
25.162444945025243,1015.1841904927326,69.52666205323357,0,normal
4.7594306107762065,1030.4654732049364,46.97963032615253,1,injection
35.42791963922109,1004.6821578850956,73.88570017461602,1,backdoor
27.072247308631802,1022.8631509439635,60.29935575710066,0,normal
24.844839614287512,1023.8761133338043,57.97221563515403,0,normal
23.96310320428834,1012.8356464769729,63.53585015007096,0,normal
26.085969643447243,1012.8199885058345,58.39393463612584,0,normal
36.31801758854006,1001.1705552980792,80.42487784368213,1,backdoor
26.630555788784747,1003.8125474070731,70.89442780345328,0,normal
24.041234979949294,1017.9838356275368,60.684993127496305,0,normal
23.934886651516383,1015.1784618664434,58.1849127295591,0,normal
23.92031782136165,1014.7378773512748,56.598051639703314,0,normal
33.218753523901704,997.722024195944,77.26106155718827,1,backdoor
23.761823763721715,1014.8336562385175,64.13687702531237,0,normal
45.76172227430496,991.8889067876979,88.88084253913418,1,ddos
24.21387124528038,1006.4788362966285,66.1571182679966,0,normal
26.15870433575466,1029.2316920316036,60.42680920332362,0,normal
26.69528684986474,1014.4550346834576,55.14040213945173,0,normal
26.358253936301484,1004.1041737116068,64.56635910401023,0,normal
26.833482694383815,1011.8235458444127,63.74139356429222,0,normal
25.11983889598339,1015.0502926843649,64.62433632856494,0,normal
26.926207071426674,1019.3927578220374,59.698660179695715,0,normal
27.61999486397146,1019.3509462934074,54.55343480285026,0,normal
24.57826463587031,1017.8274388454188,60.349928707896076,0,normal
26.102896167904603,1013.9560187317272,67.40248403859016,0,normal
25.105916089267765,1012.5019700112427,58.68888421175842,0,normal
23.97809247167832,1013.4774328267197,65.86594433302224,0,normal
9.177299615351302,1029.1143741766741,39.32531153478969,1,injection
25.45496638217716,1013.2718641660484,49.804253444831524,0,normal
21.436479636195926,1006.7583763242617,59.81800577717055,0,normal
22.651035879043988,1013.7655246872716,56.14167071689374,0,normal
16.43828301516053,1030.9056017959394,46.98646569905794,1,injection
19.408371175149213,1043.8027574716566,32.76867578346085,1,injection
25.63602526801358,1001.9246796788589,56.19974950480195,0,normal
43.084461981056336,991.1076485202994,85.6288136315861,1,ddos
47.16945295237095,989.7883155783641,87.78504616279592,1,ddos
33.92232409555128,997.3049664601451,77.62584130060397,1,backdoor
28.02702586123615,1014.8178213900516,54.21726879379676,0,normal
26.66315557642128,1008.5475028275583,62.60854932711075,0,normal
23.530920338885444,1014.3207846300771,55.7399031753333,0,normal
24.578321031724553,1013.5657227197145,63.57071080259202,0,normal
26.24210462129502,1010.0565613225589,62.97933348986325,0,normal
25.512679157842104,1007.5953928232327,50.4675770598103,0,normal
25.770768565589762,1017.8204783191003,55.161225831603325,0,normal
24.675584357082514,1012.4405564806589,57.61064394302848,0,normal
24.330042802808023,1013.9093461680579,58.437517080762525,0,normal
28.375602039029644,1013.7647850544815,57.57964391193505,0,normal
24.051099273953753,1011.155265059686,54.406077279250226,0,normal
25.206748038609682,1013.9147839758808,55.341141174109886,0,normal
22.836021986910307,1017.1879621558217,59.976865826699665,0,normal
27.253331975533854,1016.3199778759052,58.90751925892082,0,normal
37.320325694709446,1002.1434743816714,74.51913306337019,1,backdoor
25.339441316815638,1014.7572409172411,53.048203200104744,0,normal
22.925459810845197,1014.6235239057163,62.537910425170296,0,normal
20.071724552293947,1013.0295734200396,71.65200110432215,0,normal
22.589303234419976,1011.2985270070707,56.71035362936728,0,normal
26.5403020364051,1014.2467451477972,56.29842506680898,0,normal
26.20152605831608,1003.291151512488,53.46212104624054,0,normal
45.01461588788692,990.0929355150234,80.63084142150461,1,ddos
27.902250509327086,1002.2483981564717,50.57521190732673,0,normal
25.670299025507468,1012.8653126234425,61.141969943797996,0,normal
36.9679190449438,1000.3509092422242,74.95222709489276,1,backdoor
36.018560036237574,997.3116749354576,76.45040302539128,1,backdoor
24.349920079274437,1008.6759665841774,62.19205839505574,0,normal
25.06942256895285,1011.4394738157772,62.58016528790468,0,normal
22.25683575830081,1018.7411009041749,66.86060455336374,0,normal
22.76173834006251,1007.3751295642354,62.293527627264766,0,normal
26.684361726842006,1016.9096211327047,66.23654069853274,0,normal
22.516820935316574,1000.1887639211818,56.12423620369682,0,normal
48.10627744559165,988.6076002307012,84.03569613446713,1,ddos
23.623911573957162,1007.9219179242633,56.28709591717644,0,normal
26.42586718318048,1005.9344837063143,63.1862926479823,0,normal
36.36452869220257,1000.7535330626145,74.68748285190173,1,backdoor
24.67163990542749,1008.837049903075,56.40457994466058,0,normal
25.757865542886314,1018.0445131714697,51.28044829253294,0,normal
26.411939108784942,1007.190813119204,58.0834782604174,0,normal
26.252938273158133,1003.1482951501018,56.77714945197511,0,normal
24.17372403230147,1007.5456939629121,55.939606698232076,0,normal
25.609636466850475,1012.9813745686887,53.44608927361995,0,normal
15.74445351550779,1025.4163440218485,36.254419525762565,1,injection
26.935255872314293,1013.5335325342021,68.18726184735645,0,normal
24.912188511754657,1015.6331011133412,62.82568446127263,0,normal
25.77958088392475,1019.2057088373796,50.594139985642535,0,normal
25.78308998422292,1009.4921464889221,64.16030380576072,0,normal
26.270167693433464,1016.3744811446202,63.279564851958746,0,normal
20.22732494360453,1008.6853466260596,61.706529056533036,0,normal
23.06756903089533,1013.0707762806948,60.21691461938331,0,normal
27.666738928861648,1015.223258355248,58.45206668624389,0,normal
24.242163809935988,1013.6677402424278,68.50065244366915,0,normal
17.132120917176792,1028.03077679404,43.51291991503758,1,injection
25.592969810831494,1012.2135187330279,62.22767842298258,0,normal
25.308451437383905,1012.166858995033,62.5143139368665,0,normal
25.08662783344076,1011.4621803904599,58.351892321200985,0,normal
25.168418759418888,1017.2332566285894,55.55591939045608,0,normal
24.63480705424533,1005.5582257906641,60.969365814221526,0,normal
27.686740245367428,1017.4126032070376,57.56924819266421,0,normal
8.788267616530312,1028.399171037322,31.88502998062838,1,injection
27.242740031047475,1021.6251725306553,62.14173310129942,0,normal
33.53587314111918,995.1472064058288,69.28691547498916,1,backdoor
25.44601449921898,1008.8309336028681,60.38463454773016,0,normal
26.726451413431526,1012.9235711513292,59.93503928469309,0,normal
7.568561001335718,1027.2555746526898,49.93047854734303,1,injection
29.317228349302017,1020.5159873882291,65.5028224565285,0,normal
28.148289407770932,1017.4446634721196,62.87180319857147,0,normal
5.937362015194936,1034.1951208158052,32.10599368154651,1,injection
25.80547974315055,1008.2776432202756,66.70136186778723,0,normal
27.1923085209822,1010.0085823914546,63.58386160973604,0,normal
25.537578673554407,1007.8753667721271,52.580056497266604,0,normal
26.540331737200272,1015.988337034348,52.15530581897478,0,normal
24.360883968150315,1018.4382098855158,55.19275710938453,0,normal
25.024328919782963,1014.4313589506949,61.81475839377268,0,normal
42.18999599685396,991.7842590903665,85.17812792854704,1,ddos
27.17646217878477,1013.9513332390532,50.48024971375963,0,normal
25.79459816831695,1014.2776443042296,60.105651053855986,0,normal
15.382124469393382,1028.1587240736994,41.25486086807228,1,injection
24.081004758353387,1017.037971522401,57.042311501133796,0,normal
24.371260118155032,1016.2467955633754,63.08796627930611,0,normal
24.41077577966549,1015.1139870936661,59.08794259102365,0,normal
21.782826937922827,1004.7081464466107,68.28330797543506,0,normal
27.036536100819447,1018.6839384525655,59.43718020772701,0,normal
23.93986397373473,1011.9881945158048,59.19614767190638,0,normal
28.79381458846181,1027.175785182236,63.69961587369734,0,normal
22.380453050352838,1010.968091763772,67.50836649082099,0,normal
25.500819635909778,1009.5442146606222,64.08272520016934,0,normal
43.370306684209915,990.105335806038,86.36842726358292,1,ddos
24.406624643809177,1015.5177299538907,56.20764173797346,0,normal
11.736194786640327,1038.3825899675223,33.79786704042951,1,injection
21.450796992503626,1010.7452568423328,63.93764977143757,0,normal
22.427693319196898,1027.687517996254,36.88657669250485,1,injection
12.131244830138977,1033.87498354276,33.03119932116882,1,injection
6.017395014892948,1027.41086340464,48.303952678677376,1,injection
24.234094718531328,1005.0011018983786,71.27298890553867,0,normal
23.76169620776874,1004.0584526024556,59.53387526302927,0,normal
24.818406715974465,1009.1660337197713,62.74553354781099,0,normal
25.193609761004062,1017.3900059155804,61.6127885411161,0,normal
-0.9774622624397811,1029.4773204928113,39.84013458426921,1,injection
26.713345844976544,1004.3601679957858,60.66710142641037,0,normal
36.06489563187969,1002.6733528718489,76.45964237398798,1,backdoor
24.93644131475584,1008.7885668114864,58.15080086558899,0,normal
27.02014547991097,1023.2286227851296,54.43926038323277,0,normal
23.44663390894842,1006.2801027736892,59.759808916320885,0,normal
23.420652302814158,1016.3387903813281,55.224621682266374,0,normal
23.544134518640504,1012.3682314094456,62.86617752743763,0,normal
46.68081231391032,992.8241132402853,83.19069058692332,1,ddos
22.046704947433817,1019.8316531285251,68.20360534160916,0,normal
26.97245989985073,1013.5359755353702,57.487317615888045,0,normal
29.436359817379145,1012.8111846405591,56.232352689738846,0,normal
27.159040881762962,1003.8542992820834,58.522693903975124,0,normal
27.575086010530672,1013.0574598311027,53.900660722203334,0,normal
23.55383152350808,1013.120699916763,54.79911160317104,0,normal
24.602208986682573,1015.7100912705027,64.23070191868887,0,normal
32.45088676233728,994.8389281191949,75.45814928720257,1,backdoor
26.04552694084213,1016.3096134443189,61.12523123219781,0,normal
26.59246188280625,1011.0322064744506,56.40786220805653,0,normal
12.601590540537016,1033.3787305972912,44.227762065182056,1,injection
10.909174081969914,1017.9739301552861,41.877573051271575,1,injection
27.58423100235032,1012.9639884761314,58.24774714673798,0,normal
27.564808601385682,1009.1321915992723,68.90027011217134,0,normal
23.729369051001377,1008.0123944555934,65.63997903225783,0,normal
46.132781116153396,990.6607002714251,84.8642835236044,1,ddos
24.268811504599526,1009.7941130218343,63.84260410406485,0,normal
23.78701520652585,1008.0296794252404,49.03020815523511,0,normal
25.350313259452033,1006.6827428014949,57.699630763474985,0,normal
23.33177877212951,1020.7796800525656,59.895417647177716,0,normal
23.877411774224576,1017.4813059115257,55.19501424310619,0,normal
31.732252875477958,1006.7990464334468,77.4215709014091,1,backdoor
28.071794424267704,1014.2248485881216,62.21106943661136,0,normal
47.952204123768446,989.660570154676,85.97633682951755,1,ddos
24.638494221724972,1010.3172512412696,55.26929761134869,0,normal
24.154770336728596,1014.1237592392223,59.19922750105404,0,normal
24.964137927042536,1010.902275324579,61.22827467020314,0,normal
9.611685868588612,1030.5287655186276,40.33380541808245,1,injection
27.769435875068723,1026.6248523766549,65.3405509389563,0,normal
24.4039359505798,1021.386272803417,72.28075570450184,0,normal
23.582461641551692,1017.7384018549142,62.484667383741844,0,normal
39.654934368439285,997.7052238609831,71.40685297657893,1,backdoor
24.930676027695,1014.0975147737418,63.73785401958764,0,normal
11.660536781171153,1024.8831529284305,38.602295732874495,1,injection
10.107302571299474,1024.9319648264498,44.685144286591886,1,injection
24.750216021344052,1010.5638208627671,67.25867227205627,0,normal
21.964100639799476,1009.5652021855495,52.1684120683632,0,normal
26.654284342342223,1019.7917099144705,61.65764313015234,0,normal
28.42568939232047,1001.4894509677088,56.07759105229977,0,normal
27.577828263757336,1013.9258774114137,66.53483042323096,0,normal
22.709011144659367,1010.8996510884925,58.88493598911784,0,normal
27.635240224997347,1007.58974211997,61.60883735182851,0,normal
26.030334923892255,1006.207272560293,59.72242157859686,0,normal
27.09064282325107,1002.0958291365913,50.18320389031393,0,normal
22.624411910842888,1012.469458086888,63.33093236037165,0,normal
27.520478920655815,1011.1651483799704,54.43954778738906,0,normal
27.27406626184667,1015.6694738432479,57.429115894954975,0,normal
24.371598898531037,1012.796137543637,51.68882667860939,0,normal
24.11099032809659,1018.5628006877681,55.99688663760485,0,normal
21.424497412562083,1014.5818894985803,62.103143411702405,0,normal
26.139633460250977,1004.8171652075938,64.46859771353326,0,normal
31.39608239157564,993.7370072806355,76.16390481770614,1,backdoor
26.22608830479866,1012.583273725596,54.09908368886718,0,normal
24.62810778947545,1022.3589125933156,68.52922322742427,0,normal
24.16772123935705,1016.0422459910105,58.299843441306386,0,normal
23.72454529443915,1013.6749305323766,60.077482969541855,0,normal
23.957315991585887,1008.5834782258655,63.91983836347198,0,normal
27.216541472894527,1005.4884650162252,62.18080051824946,0,normal
25.390548935872346,1016.2592203541802,60.40280954826401,0,normal
29.1514198017995,1011.4199119824488,64.73181070321532,0,normal
47.27493705792582,989.2146996222759,84.19634856914092,1,ddos
27.818492534202207,1009.8671252792964,71.41745285588316,0,normal
43.583288860982854,990.0043308725948,86.74879473939122,1,ddos
35.127578823922406,998.2825599315229,71.0378195533903,1,backdoor
27.65420170113617,1018.9831439571133,60.18844436688742,0,normal
30.677717924490914,1010.4640432176583,62.293923069111386,0,normal
29.22418954109488,1008.0797402735385,73.01744287621257,0,normal
25.329194366270674,1006.1446185519866,65.53474045430691,0,normal
19.382502293563842,1012.4400760067375,58.29109664790344,0,normal
26.09396129899841,1014.8006426864498,53.219180620840945,0,normal
24.94236894554774,1008.2808371322589,58.303401710858324,0,normal
26.26226781399926,1019.814357320367,62.835222793247745,0,normal
9.465804762308906,1030.8703849428905,41.44517606711442,1,injection
33.598524437512964,1001.9622695088608,74.51052075465066,1,backdoor
26.322791663623022,1015.9215697219848,56.29875290716249,0,normal
25.538959120095647,1016.3807247781286,66.81333938717064,0,normal
15.354551288626121,1023.2952744011667,39.5600164488312,1,injection
24.7165650880533,1009.4688061085183,67.30419132338969,0,normal
25.228561477006892,1008.5453120087864,58.12265155866067,0,normal
24.295215124116336,1010.6335435453581,52.61338692439332,0,normal
25.413793870723257,1015.0408639329142,64.84160075178431,0,normal
24.78322281420636,1004.1745639337482,55.61353913455292,0,normal
23.76943687885739,1013.0652272910376,59.507504616660256,0,normal
45.10005124049089,991.9451932379687,85.54566918641798,1,ddos
25.674616061806887,1013.8606338894853,67.91796134383294,0,normal
21.51608993464696,1007.9927995342587,59.180921750781096,0,normal
25.45532376189861,1013.3315574044656,62.44184629059443,0,normal
18.46257728345808,1022.712612930384,40.23292818209531,1,injection
22.223819847253395,1014.6856943308364,58.50854390763989,0,normal
26.49401342856582,1016.8523489607845,57.847943073471676,0,normal
25.536205696729933,1015.4045808584734,63.32655264969597,0,normal
20.936918613121755,1009.8997389447098,55.24471203880788,0,normal
2.658544587583016,1030.5908696877584,43.62253773907133,1,injection
25.046016105212743,1011.8604672408302,56.314937471777604,0,normal
44.76621023089743,990.396964139994,88.86528783346479,1,ddos
7.618718399060263,1022.4790279264114,43.847866563477346,1,injection
23.58614555829001,1013.3970183516675,58.15163223879878,0,normal
27.79064224226072,1015.5729621650097,63.41501556662138,0,normal
27.48816868658316,1014.5536095021378,63.43778762291823,0,normal
31.73361315851775,1000.0393382155204,75.16957109863404,1,backdoor
27.075741204443535,1017.338388042505,56.8646037682148,0,normal
25.326101822342963,1004.4501294569163,57.553397940918586,0,normal
24.47762567742779,1014.8991735545501,60.393520840376794,0,normal
21.884594988389807,1012.0778528411644,70.97994138594414,0,normal
26.27014553737085,1006.1014237922086,50.11122750843126,0,normal
27.111400464806522,1016.5215188004005,64.17734811764662,0,normal
16.860489421782994,1027.0360933799411,41.46555687556495,1,injection
3.5822720191991024,1034.060102540061,41.39480229845861,1,injection
25.061761106508865,1008.8769468760893,60.39334103097315,0,normal
25.173097289763707,1022.9999549564086,54.99833055896362,0,normal
24.662110582933334,1017.7606395806557,59.150209038057575,0,normal
21.81885789978785,1008.6110549087206,56.09066920375897,0,normal
27.184353230710894,1019.3482913642865,52.58268545851547,0,normal
25.116153113755676,1006.2612911921052,55.09167731656598,0,normal
23.990988872303234,1005.6216619381106,64.23272469027373,0,normal
22.869048437936936,1015.1482085551509,60.504299806268506,0,normal
24.033777417012825,1013.58356017398,56.758849729576745,0,normal
27.138131046692685,1013.503801881561,61.085472370256234,0,normal
43.53143778363434,988.4580332783556,84.34861852051608,1,ddos
27.21946070079987,1007.7832110061569,65.35785718616077,0,normal
26.435955305889372,1005.5886086338209,50.22748674650143,0,normal
25.436730387536638,1007.6248991670343,62.73677489429977,0,normal
38.47978885660365,996.6862048687191,76.05957829788987,1,backdoor
22.67512685503103,1010.9615768854165,54.60597620154714,0,normal
25.081367426149345,1008.1620576532722,64.88867599899896,0,normal
24.921418049270404,1018.5800248972512,58.80766186697787,0,normal
26.8429366466976,1012.301365449749,65.81344062118661,0,normal
24.54678290572976,1005.0042315712731,60.102202485116656,0,normal
44.995058403052255,989.8172922582509,87.32141848569051,1,ddos
27.974382874575028,1006.2512346269862,52.507091850768546,0,normal
42.261334236620755,989.9031534852129,82.63460346621031,1,ddos
25.65962617136318,1015.3064044224299,59.886845655845,0,normal
24.572253870662923,1011.2368712861712,50.82181548447949,0,normal
23.872317810821166,1011.5605064431651,63.28118210568168,0,normal
25.445593957124167,1012.1288734039975,61.67030365827512,0,normal
23.54112398666784,1016.5966634601731,61.64974591483743,0,normal
28.196317490256817,1011.9755017815463,64.17820481682246,0,normal
23.83430389997042,1013.6018627972006,54.62420845029653,0,normal
26.011995414796193,1011.9252456736763,53.2397364204143,0,normal
22.073749960031982,1004.5692720297342,56.00304710600663,0,normal
23.288895435621058,1017.11649280583,65.94255446065281,0,normal
44.636834899440586,991.9499740314949,86.52267641659276,1,ddos
24.898512019463936,1003.6288756781312,56.91675962710484,0,normal
9.206814707039923,1031.10365079095,44.29744462908923,1,injection
25.886550051378965,1012.9889640688184,61.03984088303227,0,normal
27.65137584235705,1013.9895419220484,59.54467037767775,0,normal
22.92318927163643,1014.6842922933437,51.85998930583119,0,normal
25.686497587670313,1015.122467910688,58.81530523646185,0,normal
42.11175824124097,990.0792757561793,85.67486212766983,1,ddos
42.8405095308739,991.5259781437051,85.78697800876672,1,ddos
27.065628336780726,1018.1512429266966,58.98413194270141,0,normal
24.29266774701486,1004.4418615738405,53.61240411602152,0,normal
27.32082010183652,1005.9447006455317,58.003540626736246,0,normal
25.967902414043852,1011.6936381488225,58.54731843480186,0,normal
25.886971123180427,1016.1574796796284,67.23043021875273,0,normal
24.267591784673414,1008.3842935802026,53.63526783374101,0,normal
22.66585450144474,1005.744699526538,49.53238980323262,0,normal
26.683893179587063,1017.062963318736,56.61470023347246,0,normal
21.9193522645367,1013.3092363944675,63.13027364595593,0,normal
25.466602304701482,1007.8176305509043,57.6508715718267,0,normal
9.352987979654193,1028.1089415192635,37.72613017563792,1,injection
23.703395647864447,1020.290757686,54.90705816618857,0,normal
8.820157925750213,1028.0302474104658,39.694839396663404,1,injection
26.947980357863976,1004.7891759665316,62.12042138792598,0,normal
23.75819914335427,1009.22712902304,60.402630921475314,0,normal
24.563732079697303,1015.332725418503,58.35656759397896,0,normal
24.394250198491356,1008.4216365463901,60.72479332666424,0,normal
27.121707911405228,1003.2986387891052,51.67767441012624,0,normal
21.573998282982213,1014.0998366811617,63.82370942340194,0,normal
47.282956321827356,989.9133615821625,85.91016989716657,1,ddos
24.711482114626943,1012.2757993639079,54.58552354037326,0,normal
8.519918121813124,1029.183526906807,47.19010944328953,1,injection
23.865473360386098,1007.5196758306989,62.4020171188856,0,normal
22.77279928945507,1013.1169607690575,61.541301615659364,0,normal
33.24562717240702,994.2141235599233,78.3865081982651,1,backdoor
26.09753945860758,1015.4323091531406,54.331230033250876,0,normal
2.871198685205229,1018.3040577426145,46.43666810461407,1,injection
20.663279035813172,1009.1251779624505,52.56703950056404,0,normal
23.635227762656513,1007.0876736364391,58.7911953008051,0,normal
26.72570826418405,1001.2295232107015,62.033862476736175,0,normal
28.37120558863001,1020.0001854826579,54.96316016285887,0,normal
27.03549821240358,1009.9111356864776,61.14820062322807,0,normal
23.110049726932573,1020.6727528082572,55.398989662465276,0,normal
26.169736575803583,1019.5296463179963,59.61626328402235,0,normal
27.978446364746226,1011.4489308514071,56.08440785881841,0,normal
25.735912841995457,999.9464685304795,56.60165790536079,0,normal
23.250699080250442,1023.7882051400443,62.13864532693487,0,normal
24.977716968080447,1010.3920169019593,52.69030157421964,0,normal
36.33416974108425,1003.7907234594917,77.44912917239283,1,backdoor
26.638019898122447,1011.1097449508422,70.06597739674382,0,normal
22.57836914527592,1009.8622377135714,62.285912842169985,0,normal
26.281901538612,1019.1459832825863,64.19016704492903,0,normal
28.100677300855477,1012.4716394925543,69.91983934716778,0,normal
20.58072950889771,1014.3050322743802,58.78924299463616,0,normal
27.626999100386133,1011.916533104647,64.40747413439976,0,normal
20.577007424153997,1021.4926403602078,59.250734401718134,0,normal
24.092353918166943,1010.530433433686,62.377623081729446,0,normal
25.298281788045113,1012.8449430355242,53.81453822476651,0,normal
24.237187219821788,1013.3460289326958,56.261204470435544,0,normal
24.413125043767128,1016.1064276896882,60.62312905202924,0,normal
26.479555004500337,1014.7803665622151,68.78294232974291,0,normal
27.339899133462502,1009.5869071887206,60.11335378251912,0,normal
23.967531056321974,1017.9030252108366,64.58530060840201,0,normal
25.403639807388064,1017.7241614013963,45.57623318084656,0,normal
23.663818410013953,1014.3024257289109,56.85947224336785,0,normal
23.506201805225896,1014.65850229868,64.44386353248042,0,normal
19.42022865940203,1009.5219043942271,55.92341093812268,0,normal
26.993338048614635,1019.7725434284876,58.55344753581261,0,normal
26.439754926590126,1016.2778014357458,53.341643117812026,0,normal
42.65175916229634,986.4445534963818,85.59125109642345,1,ddos
26.827452836902463,1012.6315485186243,66.53502623292664,0,normal
27.245388987417446,1012.4297517128273,67.19318572194712,0,normal
27.291526704147554,1011.1705455749326,56.86898728343421,0,normal
27.255065772696,1018.3066169132619,51.93525213867882,0,normal
28.020462001319157,1022.5227145698894,51.96703394905013,0,normal
25.633034936755088,1011.4061502877423,51.878421637193746,0,normal
25.88856247955566,1011.2026974279484,59.230055601322675,0,normal
27.52508753797116,1013.0135283200298,51.11403004313854,0,normal
24.93775950343068,1016.2680065162502,59.41914043349258,0,normal
24.859897539484244,1012.5191281159609,56.8670909531085,0,normal
24.514486685912836,1009.8522513511144,66.14165435543083,0,normal
6.63662884241789,1040.095736529247,37.0347978421037,1,injection
31.629161730745903,995.6958713821793,85.17174090009354,1,backdoor
22.60198234179706,1014.5026574226091,65.59082464743989,0,normal
43.949722893944056,991.3614734128322,86.7674506464215,1,ddos
24.991654938685684,1014.4169251106093,58.92369697207,0,normal
25.859651037124237,1012.379582688019,69.8299063249401,0,normal
25.784716629151678,1011.2194767822226,58.88481865127591,0,normal
26.120120667848674,1008.7351664358748,60.660275556824224,0,normal
22.071966706688134,1011.8363843025442,56.34576946273372,0,normal
26.56654433038366,1016.1201006504915,60.29421491247864,0,normal
25.62481026704052,1017.6409049674911,59.047937242434905,0,normal
24.316220662464527,1018.8265993289439,63.46596781621481,0,normal
26.452334351663147,1014.4951632670204,49.663169341312745,0,normal
43.48077267309248,990.6595240013265,83.8747902477456,1,ddos
24.088013861994934,1011.4673361456786,63.87008127932858,0,normal
25.85375726422175,1014.651313255347,60.01315935184092,0,normal
25.17747423651981,1017.8543711529975,62.50725303044979,0,normal
24.063634450335893,1003.8993099486034,68.59794241336863,0,normal
