temperature,pressure,humidity,fuzz,interval,detected
24.110692889696253,1015.3265841670838,70.04011484574843,0,1000,0
25.7473495789362,1011.7027784116084,60.49913489285148,0,1000,0
24.60250162867286,1008.7470893877776,61.37472218202704,0,1000,0
25.396458697186613,1011.4147795219726,53.46182178613487,0,1000,0
29.969054469357605,1016.1052724059952,63.02713099681473,0,1000,0
24.55549851125477,1018.5367261891436,60.88129488553543,0,1000,0
23.018577251563404,1016.9818065392168,68.8065939502437,0,1000,0
25.02462928474619,1008.0273787610968,60.665377478809184,0,1000,0
24.786943525148565,1014.9158185831864,64.6827482926841,0,1000,0
27.864126067656454,1009.3696679762978,57.87668820414408,0,1000,0
23.92319701698365,1008.0679319446904,55.30641536277784,0,1000,0
29.721228411537524,1010.5463388891658,72.51319617166307,0,1000,0
23.763420120681182,1022.702826146758,52.23434299043311,0,1000,0
29.60408027195001,1015.809872853158,53.59073536701061,0,1000,0
26.45932059132319,1007.0299112699662,65.12597245459108,0,1000,0
27.58430729530423,1012.7648165802652,54.78800580218185,0,1000,0
26.70725379519929,1013.3607829113864,55.98403425372976,0,1000,0
22.12462317769104,1011.3631572402846,60.0292444531954,0,1000,0
25.90917538099485,1011.5992328964436,54.99658929877749,0,1000,0
24.73302145945972,1011.1027855203454,57.95440097357404,0,1000,0
22.886213977570662,1003.4524902823562,71.75436967317097,0,1000,0
24.56683361373092,1011.7159244156762,59.85990084240613,0,1000,0
25.859820913373845,1010.5179456989024,64.6592166584579,0,1000,0
28.40369503196442,1015.6322165014764,63.53434706069589,0,1000,0
24.30743891221084,1016.2285895289848,54.941654611779455,0,1000,0
26.55043548143125,1021.2913827304252,64.4964715996768,0,1000,0
24.25404655653036,1012.5837628945347,58.245869611190656,0,1000,0
21.816106998922823,1013.1998546166152,62.170127771254805,0,1000,0
27.88594153822403,1006.4746937479262,51.25134119705602,0,1000,0
26.532192961887585,1012.509806443344,60.116444154490615,0,1000,0
23.28279235503171,1021.8428321297072,68.63376894916907,0,1000,0
25.338180478478947,1010.9962718649424,66.41731010459351,0,1000,0
25.56810482160211,1010.5428253568635,56.222743358009694,0,1000,0
28.74873737335499,1010.4611612832364,59.2892699229845,0,1000,0
26.69640831563004,1012.320826932458,59.25324394375816,0,1000,0
25.553518064851268,1007.5024184886398,55.78190480865386,0,1000,0
26.386556930157308,1010.1397962673732,63.94681019039184,0,1000,0
26.443381860305923,1005.3101704545786,62.95527028802388,0,1000,0
25.90689396879152,1001.735345510924,58.76832170963699,0,1000,0
22.99093686642493,1011.8322483813596,55.00441170119872,0,1000,0
25.46033434280917,1011.6654496766224,64.92527117450938,0,1000,0
27.822022685609213,1007.9693066501098,59.003998497139385,0,1000,0
27.28389079463816,1011.08907323627,60.72464334957594,0,1000,0
22.5615402369896,1010.7881839642693,71.5085459322798,0,1000,0
26.997505306109044,1009.622687283024,63.023251662637605,0,1000,0
23.170794994964684,1011.3327263609092,63.88705449113655,0,1000,0
22.67370403750837,1010.6410180767532,45.23050219100449,0,1000,0
27.529113454738813,1007.0640609596564,56.8852673126151,0,1000,0
26.02365116654224,1018.5174399285504,65.30562220216068,0,1000,0
26.927063508383345,1014.704474274437,60.55249332758756,0,1000,0
25.05319246572419,1024.041769043027,57.49260667950258,0,1000,0
19.53730447870769,1015.0642101356098,53.97543937263819,0,1000,0
26.861738384752044,997.0820820324078,61.058038371725566,0,1000,0
26.947709400597564,1013.0087282953808,68.69045944751898,0,1000,0
21.612105321782856,1021.0813931991088,67.67953744377763,0,1000,0
25.966652963517536,1007.1573131496752,56.99038789515901,0,1000,0
24.143967778019448,1015.5304553613656,50.22728658746202,0,1000,0
24.37277067613159,1011.7277755221552,65.60244114315682,0,1000,0
26.3554240783224,1017.390482809916,66.93961522669996,0,1000,0
27.176166151380084,1009.5496649763646,62.98119300657035,0,1000,0
27.637559071979943,1004.277287716659,62.17548378040895,0,1000,0
23.317199478273107,1009.1679721553649,59.00058958515883,0,1000,0
27.325531096664196,1017.4564443136036,55.10316407089095,0,1000,0
25.59984659795836,1007.3741246952936,56.67617731209505,0,1000,0
28.279380002564785,1016.7673637231028,61.59616113561817,0,1000,0
28.65070486675692,1012.1364367862932,68.41230940926398,0,1000,0
24.78399656958776,1012.9940129094452,62.61299149933778,0,1000,0
28.257050227143623,1028.0594197974954,55.69452939319855,0,1000,0
21.30268276045266,1012.769602381568,64.68567651659012,0,1000,0
28.863975119045477,1022.1946531657828,63.928649002746894,0,1000,0
22.42694552773056,1016.6425446605898,62.99983959226378,0,1000,0
25.7043769166502,1010.1343280435116,56.644430510325456,0,1000,0
23.686126546098677,1011.3077613037976,60.98832947512032,0,1000,0
25.886947023001163,1008.1146373642424,63.75187150943326,0,1000,0
24.155501410439125,1008.8263488340252,56.9472870504928,0,1000,0
25.57890615008566,1016.9278977644292,67.94670990118654,0,1000,0
22.0534109960279,1011.7848380949544,50.124491960265125,0,1000,0
20.453691284296383,1024.1516193899824,56.14226775246329,0,1000,0
23.872253401384658,1007.0989753810436,61.5106254514738,0,1000,0
25.008091974303785,1015.0352445814116,60.458827779483606,0,1000,0
25.99290447990461,1009.5910910553916,54.95006303368034,0,1000,0
24.16940723083203,1016.6282710142394,59.991837379052,0,1000,0
22.906281198192744,1010.2234029688912,58.26138664482632,0,1000,0
27.261265478159142,1012.2050892370854,63.23177636878632,0,1000,0
23.88128722726745,1015.494231181381,61.90840137641842,0,1000,0
29.606245465098983,1008.1411663370912,73.14790367458883,0,1000,0
23.476065581475183,1008.4365339578314,56.17502687986421,0,1000,0
25.74168688089713,1012.059418081918,63.99502791784077,0,1000,0
22.15824686720133,1017.269136837828,61.04695040589374,0,1000,0
24.61484397931744,1002.8719811730492,61.731998997519945,0,1000,0
21.62149507985026,1019.4286641139817,62.98225740067126,0,1000,0
22.60625634241515,1014.3660440727676,56.242118056518144,0,1000,0
23.1528191626665,1005.0926767863684,70.82318402358483,0,1000,0
28.03193758324851,1013.1985885825994,59.57593179342324,0,1000,0
23.21266514123572,1012.2651462656949,61.94938354998929,0,1000,0
23.453922481866893,1014.1309815595836,60.47271675854924,0,1000,0
24.084412049942586,1012.6454471926528,52.47822786664475,0,1000,0
26.54149968280535,1014.1812785376256,60.581013420262245,0,1000,0
21.85521038269595,1009.02258991293,60.16669852870817,0,1000,0
27.096532838245924,1019.7611003976532,62.86038667780055,0,1000,0
26.852124168717232,1012.3932868587732,59.10667515956824,0,1000,0
24.03237292176584,1013.6037666642026,50.98464185321868,0,1000,0
26.70329695971904,1015.833949684067,68.17064015989699,0,1000,0
24.105210160859567,1017.6066365671978,61.65696197464252,0,1000,0
26.930644555014105,1017.1216132249696,63.637499471623016,0,1000,0
25.08173600826836,1009.9181703247692,66.6564766516395,0,1000,0
22.08711728038197,1016.3688291630056,55.7847917249197,0,1000,0
25.100827061004995,1017.7586205778885,63.78663301311674,0,1000,0
25.12457632456317,1015.8599964959782,65.88023112928963,0,1000,0
26.06422017551404,1002.8263566066228,59.35498088626448,0,1000,0
23.75494089321313,1009.1923673066708,58.70208423664592,0,1000,0
27.96879530581254,1007.639484215804,64.63085458506627,0,1000,0
27.22675582658765,1015.367390187012,66.41741705730368,0,1000,0
25.215710048767143,1010.4765427328894,53.94754022615097,0,1000,0
25.785956636981908,1006.0445688923696,50.2128658234749,0,1000,0
23.701873600551323,1011.7662340281134,58.97097991326167,0,1000,0
25.022401681014717,1016.4546705235958,48.595153291,0,1000,0
22.292370237910063,1021.3137894461336,61.07936353832568,0,1000,0
26.3143454857609,1013.2723556453624,64.65747322000766,0,1000,0
21.735325039928156,1008.1712821468036,55.64504686790912,0,1000,0
23.29839245479413,1018.3195622623732,59.25240919635223,0,1000,0
21.650405113180334,1006.3779522999156,54.81425199376991,0,1000,0
23.30035525126468,1008.1203525233204,66.42830458974261,0,1000,0
26.381722777759396,1008.6865969776132,60.96851309679389,0,1000,0
24.74853935816165,1007.876001052723,66.04709875796095,0,1000,0
27.268614703484968,1020.7164416435523,71.2821829153734,0,1000,0
27.029552431149806,1010.6676586430136,65.06778528350834,0,1000,0
24.132950873234883,1011.0870595842572,56.77596674881293,0,1000,0
26.56676787236233,1003.5971572368684,59.64137193137601,0,1000,0
27.234123668710723,1007.0663467598456,59.23657248584394,0,1000,0
26.64320767326761,1014.5270225661834,59.64350590747212,0,1000,0
26.30387994429976,1011.934415304869,62.40224663986423,0,1000,0
23.981105591677405,1011.7138361814584,62.59345698620624,0,1000,0
28.08189917372216,1009.2144220847174,50.98846818121933,0,1000,0
25.120750595467197,1010.7428407690428,59.115712753111794,0,1000,0
23.84910277450606,1017.84717713394,62.60281614988301,0,1000,0
25.199558344736243,1008.2373868911726,52.68792619751586,0,1000,0
28.000919661512068,1018.1429421917672,52.30631156900482,0,1000,0
20.28906383332368,1014.1765355894923,66.1830144419119,0,1000,0
25.200523927770515,1005.9603146672852,56.54506333125968,0,1000,0
27.166329069257955,1009.144777764004,50.95626228345717,0,1000,0
23.01380078028634,1022.6243529455722,56.111350985689306,0,1000,0
25.65532164583537,1017.573436214984,64.16125579791927,0,1000,0
23.58926280474186,1013.0190140784453,55.45959244484555,0,1000,0
27.26250999537444,1005.104378081522,63.57491395124135,0,1000,0
25.24033421509583,1014.585722403014,67.57732233833693,0,1000,0
22.324577717270643,1007.9604675369868,55.8263600110501,0,1000,0
22.781167264260883,1011.3886359687414,63.031487953179386,0,1000,0
23.684957949689483,1008.0552576132308,53.446728068292366,0,1000,0
26.822262064394373,1017.0580439045552,55.405565902262566,0,1000,0
27.49854710002075,1021.561030978863,61.845896681829785,0,1000,0
22.934679131617816,1011.141950595491,63.39148760571013,0,1000,0
23.909114929323422,1003.6811879420934,61.55845950471269,0,1000,0
24.928133262386456,1006.9522966498675,67.39745003363717,0,1000,0
25.72710019748007,1020.4361166908544,57.90625182533554,0,1000,0
23.112082115304307,1007.8202547987156,65.48021452627162,0,1000,0
26.21821825772262,1012.987687344897,60.57001983198681,0,1000,0
22.806492528651965,1024.9867869539617,54.361982664626446,0,1000,0
25.313044969532147,1015.1318146621896,54.72536319687164,0,1000,0
25.091563654772823,1009.213746666927,58.04651830003917,0,1000,0
22.04484760271957,1015.7536547243312,55.03873799755221,0,1000,0
23.58071731990628,1008.6254325324104,58.207056617961534,0,1000,0
23.635437764968398,1017.0920207458224,58.187990052219575,0,1000,0
23.72793779925812,1018.4164703233904,67.28037082813488,0,1000,0
23.921733152602467,1012.2777923130936,62.94398916739312,0,1000,0
20.512464333863484,1017.4383172379032,57.25902555021676,0,1000,0
25.53628792025797,1011.6968710641156,48.832125320285584,0,1000,0
26.18384960793234,1015.532744698524,63.21296368338805,0,1000,0
25.632172192956517,1010.308400080001,55.50567234629512,0,1000,0
21.99094098593716,1013.074411859599,61.6113764564925,0,1000,0
24.72007389992024,1017.3707798048944,56.02089205878664,0,1000,0
25.69932527525011,1013.776845974203,60.60808448134996,0,1000,0
24.39318599830852,1003.2133927062772,63.24581337487223,0,1000,0
27.97913054020644,1017.8483717562236,55.26761980320073,0,1000,0
26.047501998475617,1007.56136296872,60.49703566308217,0,1000,0
25.662059736753324,1015.6495143084218,65.14105496805774,0,1000,0
23.840489749331415,1018.6906594766576,66.16858608098256,0,1000,0
24.77907012746044,1007.6003535511664,55.577181920677006,0,1000,0
24.755973246470223,1018.7334001784786,66.01716681150792,0,1000,0
23.98898767734896,1007.4345630609896,63.91057990080107,0,1000,0
25.62559672951216,1015.2703335097304,62.7925595185736,0,1000,0
23.28416833192145,1007.7261612937368,67.94724854476146,0,1000,0
24.516587004927604,1014.3232818465024,55.54225177964759,0,1000,0
24.573806850245703,1010.2307370243192,64.78279531777262,0,1000,0
23.68242755733205,1010.9193767669204,57.09810558445055,0,1000,0
25.452324201524057,1015.8180130851196,54.05595981375578,0,1000,0
26.14311641552886,1006.7830565283416,57.440651690360426,0,1000,0
24.862293918531343,1015.8129747103644,58.91156628193456,0,1000,0
25.189742595966845,1007.5908008016972,63.45462711055413,0,1000,0
26.34933864692277,1015.714777962854,63.42515380310925,0,1000,0
26.47787762780127,1013.5283482126551,61.06937402668972,0,1000,0
24.570317148705605,1018.9500288489404,59.446388085954965,0,1000,0
24.4572916175064,1005.5332531542824,65.53984924581533,0,1000,0
22.427711097049308,1017.3020784161348,56.75602474728349,0,1000,0
26.355670260557844,1016.39862754991,59.42163839150807,0,1000,0
23.937608859624405,1012.1062125759966,62.63352750785173,0,1000,0
26.717373028212958,1013.6382889119428,57.26570773603552,0,1000,0
26.2344632925859,1016.4923441832872,63.37887901911349,0,1000,0
26.784526457984867,1010.6202042497898,60.80504754473552,0,1000,0
29.333718450531723,1015.4739657710618,55.51696978724957,0,1000,0
21.927763938364475,1019.6198794986492,59.64744584437376,0,1000,0
25.5305670175823,1013.7115078034018,67.5715325310592,0,1000,0
25.955599931975836,1014.5825856867546,56.14977880891901,0,1000,0
22.557878756835656,1008.7438359843334,66.2563978184874,0,1000,0
27.874904178142938,1013.775097515846,67.01397387348123,0,1000,0
28.06306516634737,1004.767200814511,59.20113320497144,0,1000,0
26.47427592431693,1012.1995518854328,68.00379025650007,0,1000,0
23.243248690572283,1011.0810796729472,51.13350145638179,0,1000,0
21.627698484164377,1016.9199191355584,56.655741952412654,0,1000,0
27.29607434407227,1012.3931480704068,66.43088406271872,0,1000,0
27.438756158429417,1019.320524570114,61.81646813673873,0,1000,0
22.100241716462893,1016.5939600173128,60.73985170897621,0,1000,0
25.356200978393243,1015.7421134180272,60.402644682641885,0,1000,0
21.567094539082152,1019.0652635775534,56.55102762305405,0,1000,0
29.27437753503308,1012.3380011142452,60.03020601532078,0,1000,0
21.20459962909575,1012.0552699848804,64.94471949817905,0,1000,0
26.661487610422345,1015.1744961315176,59.349570990095856,0,1000,0
29.53313263151337,1005.2045615308126,56.66686669413329,0,1000,0
23.18971686604081,1007.964736764942,56.78848976062292,0,1000,0
26.23057948545373,1018.6613686837624,59.90166817039497,0,1000,0
26.494753683260715,1009.553477288719,60.7591936801306,0,1000,0
28.20257833618795,1012.8949138983514,60.04868269965634,0,1000,0
25.61178513398048,1020.9551517255308,60.64334413742399,0,1000,0
21.40376040394228,1016.0459075123468,64.33805300524648,0,1000,0
25.809490534789763,1018.3003910490452,49.77725767093841,0,1000,0
25.68951595642337,1007.9439392774572,62.16191592119191,0,1000,0
22.80382226570932,1014.9578833050967,55.823213162979,0,1000,0
24.30979219745881,1015.8882392789486,58.23204073091008,0,1000,0
21.1403556597632,1018.4332794351208,76.84492290803021,0,1000,0
25.085635066670804,1011.3669266157372,59.45556027127367,0,1000,0
27.260427179880544,1015.6448237063212,52.15886919040384,0,1000,0
26.270257173817917,1008.8518225231296,61.40163948233452,0,1000,0
26.76016838384845,1015.5015914242084,63.82804264549209,0,1000,0
22.90455125529124,1019.2459197918084,62.25742283579897,0,1000,0
28.977979243668884,1008.7394359449949,59.90505505369046,0,1000,0
21.45801750494432,1020.5904670072808,53.84012200519397,0,1000,0
27.68808537786311,1006.4853944218798,58.72140503547024,0,1000,0
25.605661958408987,1011.4192830321592,58.66557439813612,0,1000,0
27.95863998590765,1019.6082790073932,47.34004561678292,0,1000,0
22.52619100030757,1011.9867938690096,52.78883579682788,0,1000,0
25.15790587794224,1016.4678936355022,64.38928419778713,0,1000,0
25.95221253521433,1012.5910444191788,49.28230655387841,0,1000,0
23.48339039953561,1007.8234063005387,59.94516927603798,0,1000,0
23.445535143445888,1011.3712928052572,58.345309538718574,0,1000,0
24.401743294087773,1019.800924555796,50.5090963062343,0,1000,0
27.220150393568836,1012.9741604670608,61.500419166495846,0,1000,0
21.87542927679858,1015.2780679478548,64.63193985307043,0,1000,0
25.66204078508241,1011.6285830004522,56.66272666614908,0,1000,0
27.5547252862732,1010.5218551658318,58.69926916925284,0,1000,0
24.3670192674524,1016.4448487462475,56.28549529831195,0,1000,0
23.58070826675304,1008.3030904692872,63.40562121299601,0,1000,0
25.58928751525608,1011.293183699702,59.91556905017611,0,1000,0
24.88806807495504,1011.2978170144372,59.911071444113816,0,1000,0
21.791016852367136,1016.7171903359108,57.50241858723049,0,1000,0
24.341710196748927,1009.6235718908104,64.79034715264814,0,1000,0
25.69733301686403,1011.2107606207446,61.48783359977889,0,1000,0
27.461926201619004,1018.8902158631138,50.23333102202732,0,1000,0
27.55981201395381,1010.4775878442478,62.675263048374745,0,1000,0
23.77680090492698,1018.4123430234744,49.36393147477734,0,1000,0
22.88459261343728,1021.0643391259662,56.49664068024756,0,1000,0
25.70653699869008,1018.2174339977436,54.07189376299027,0,1000,0
25.419800512952087,1016.284788922882,63.420303262577896,0,1000,0
24.058080320565825,1018.0249722772644,54.206155915235286,0,1000,0
22.455404667029672,1007.7910581170714,56.322423342621335,0,1000,0
25.84019679811288,1016.5342799486474,62.8524226036973,0,1000,0
24.48630608999423,1018.7136728434134,65.43701474802879,0,1000,0
28.178714562454683,1014.2582651817476,61.02894414443334,0,1000,0
25.346620073503544,1014.2793119006844,63.55773716658357,0,1000,0
25.568891798040852,1009.7670468067682,58.34020959893939,0,1000,0
21.652503539283376,1010.53896028605,61.81837992501122,0,1000,0
24.52565234584229,1024.6541704915655,59.50745080624812,0,1000,0
20.78946408799237,1024.53523476001,62.97941560225104,0,1000,0
24.13852426307637,1010.0519543909792,56.73277983465741,0,1000,0
21.85966782782505,1020.2367426493606,58.80522797809864,0,1000,0
22.187837333943243,1012.7710076549056,65.01995282432424,0,1000,0
23.90340891537037,1009.4942501347376,55.822637621858206,0,1000,0
23.008047691442314,1019.591572594398,63.65469305204696,0,1000,0
22.972626695000024,1009.8052671109252,67.11693477892324,0,1000,0
25.95992284435337,1015.122175661718,63.20526116294911,0,1000,0
27.14368390081066,1011.3041398682165,63.48526782711157,0,1000,0
24.781640699968037,1019.1500963829712,57.84085657651988,0,1000,0
25.309272593559427,1003.5520457870206,60.95482935446806,0,1000,0
25.81500241943811,1018.9350478457334,66.29804356885037,0,1000,0
23.0648471673348,1008.784551628878,65.99881592826824,0,1000,0
23.24204702617641,1022.8004300713206,61.49103970542457,0,1000,0
24.635279723715595,1012.880774100407,59.142375803243205,0,1000,0
28.077543634098877,1023.9479515390914,62.71471820883377,0,1000,0
20.881234246895083,1010.8574545596562,52.38224583889887,0,1000,0
23.51528567374301,1015.8903756190068,69.97233793836838,0,1000,0
24.053652832636654,1010.554692924352,59.9397740013258,0,1000,0
24.974572122395934,1022.1849119040832,59.34771060412069,0,1000,0
24.05413236654317,1005.2544028597788,60.59507953208292,0,1000,0
22.809943857176822,1014.8518705803932,55.23991352926472,0,1000,0
23.64683916723213,1012.4077055816508,59.23692416244258,0,1000,0
23.568584042285146,1022.2552174532284,58.09256742132419,0,1000,0
26.663666278672643,1016.863852650778,56.86097481111906,0,1000,0
23.713213831529966,1016.2714733370506,60.10242613660985,0,1000,0
27.746595150314665,1009.3661586700856,66.06059330892744,0,1000,0
25.979844132571085,1009.88140662313,53.132265437791766,0,1000,0
25.298865915088903,1020.3103731512858,60.20083410803341,0,1000,0
26.342274942344613,1008.026800501859,54.09278700382106,0,1000,0
25.36860203034981,1008.3193400250424,52.36535879777717,0,1000,0
25.008097501275923,1012.9979449397704,69.0525950868932,0,1000,0
25.026259814942005,1015.09772554367,59.20238145388474,0,1000,0
24.672083255615448,1011.2417710923792,62.06494047338413,0,1000,0
24.225471904924216,1013.7451946758632,59.63488250216414,0,1000,0
26.53834706316557,1007.5617398636304,61.06733535828975,0,1000,0
22.340034532996963,1017.000959574399,56.03525996500205,0,1000,0
24.380953386483917,1014.5161357071064,65.03531288919542,0,1000,0
24.049342604445524,1013.3265787721529,58.765726111236425,0,1000,0
22.75044180954108,1006.5937811937898,60.219996400348215,0,1000,0
25.60215552627566,1018.0039015659016,56.1752528646819,0,1000,0
25.96276413365033,1016.6683781116088,57.10939227897876,0,1000,0
23.51320591475276,1016.3051309202403,57.27215670661714,0,1000,0
27.710256426596427,1007.978155184304,51.59543189806831,0,1000,0
24.96750722823773,1015.6876520708216,58.63070112783582,0,1000,0
24.16632641467813,1008.2187235209452,66.23010644401431,0,1000,0
25.12214435899001,1017.4132769223966,61.82737535262194,0,1000,0
24.806789998687545,1018.0422267982068,67.51003057464173,0,1000,0
26.14541559466173,1018.6627417934332,61.3922307654058,0,1000,0
25.88415343223821,1017.5033757744674,61.38144223365444,0,1000,0
24.71815563051214,1018.1028407633496,59.74042217620227,0,1000,0
29.94212981753099,1020.5027098308276,65.43466315464507,0,1000,0
24.51148218186621,1008.3585739184556,56.34317738636005,0,1000,0
23.55783512589992,1014.2868554380703,57.91391553642288,0,1000,0
27.17078387506786,1012.4626605930245,62.15821515960687,0,1000,0
25.73075699614519,1007.9043475986704,61.90978447137865,0,1000,0
26.931604097459427,1016.2662967563735,58.88276984499873,0,1000,0
26.10553734301352,1015.8261009350592,61.34115417497598,0,1000,0
24.74327340761167,1015.3136834590896,63.67257858651031,0,1000,0
29.235529699962477,1015.5537182625488,63.49440155208062,0,1000,0
25.18502168045242,1006.4525042510388,55.00598906874166,0,1000,0
28.28420002671272,1015.4224828630756,58.07553753554434,0,1000,0
27.39223971321957,1016.233648795072,64.20267107611963,0,1000,0
27.51250708638408,1014.9798560945028,71.92220820902685,0,1000,0
29.738093432013045,1016.6544587278936,67.56006358083152,0,1000,0
25.36493865477679,1007.805051133054,55.100746675733504,0,1000,0
23.5328275550374,1010.6081721468084,53.51822845897379,0,1000,0
25.07577936555799,1018.1322216798392,59.433880785954166,0,1000,0
23.61810077726611,1021.4531083222164,59.412254458077726,0,1000,0
24.79226736758923,1002.8537017646886,54.4058610733905,0,1000,0
26.367225410212047,1019.7880558029168,57.0265072186648,0,1000,0
24.817351005140036,1014.0033273493912,64.26656285195043,0,1000,0
23.389728190729866,1018.1037236370134,56.35543228987331,0,1000,0
25.944886280395743,1014.5588698902368,49.73048503443142,0,1000,0
24.30071512522655,1016.3519461286864,56.44242912313258,0,1000,0
26.637132203020105,1011.8538176028752,62.32250938183149,0,1000,0
27.453422045031363,1023.5430924683542,66.7109233324054,0,1000,0
25.41348328991148,1007.5950339344478,59.12089189082647,0,1000,0
26.50636323151812,1014.0154234640236,56.96712184475365,0,1000,0
25.015546872495133,1013.6986620820524,63.52513677990969,0,1000,0
24.876796582933384,1018.1728812473935,52.66651587943705,0,1000,0
25.167254071042542,1010.9749916925545,53.95565783324075,0,1000,0
23.02533892903842,1005.7145297960114,54.316966255110565,0,1000,0
21.8797990533594,1022.3869078484138,59.97298709845748,0,1000,0
25.31814948471998,1010.5066865565688,62.675080532134295,0,1000,0
24.143791331180243,1015.839185080196,70.91749055724867,0,1000,0
23.750459693824705,1022.3480983851508,56.66935536752899,0,1000,0
28.49159577430079,1014.529958561869,59.35510939997031,0,1000,0
26.518175399765862,1013.7759647357672,56.89496836533316,0,1000,0
21.92863157539652,1011.4716074863284,71.56077864423821,0,1000,0
20.914751668947392,1000.6764797164318,53.05036255690376,0,1000,0
24.79262134612793,1013.4744087245912,57.54843096667506,0,1000,0
25.23593612800777,1021.0098416011676,70.1476424016683,0,1000,0
25.65293105995083,1017.9784774779296,50.41101827957513,0,1000,0
25.436426246629875,1018.036774431783,58.44212361695654,0,1000,0
22.537001573665044,1019.4007061848116,62.8051552096717,0,1000,0
25.35895579291384,1019.5535374768704,65.12865191443906,0,1000,0
24.35208783255481,1013.238629910206,62.64842929003685,0,1000,0
23.00359986997355,1007.0807368359802,63.702552691465314,0,1000,0
23.54441139327026,1019.3867167970026,64.28034599517706,0,1000,0
24.1667294013646,1008.5531801507316,68.8735584049798,0,1000,0
23.94701731405829,1017.1931597184068,56.231800454262746,0,1000,0
24.14180853544869,1015.6603968341916,69.28417730814309,0,1000,0
28.41398054736416,1009.8243971261178,59.821315043451456,0,1000,0
27.11066666986697,1022.6558537503084,57.67115414252315,0,1000,0
23.575827382862297,1021.025400879064,58.9408391534524,0,1000,0
25.5920775629016,1012.065191644901,60.84242396554697,0,1000,0
25.25187429275487,1024.1639246100287,62.19600854188408,0,1000,0
26.55674891389577,1010.062416800713,67.31403428954584,0,1000,0
26.2945921982254,1014.66501254601,54.89978494865817,0,1000,0
26.88849861475685,1005.6953911753848,67.26904497642263,0,1000,0
26.349748220437423,1010.4878039831364,47.76413138266256,0,1000,0
26.540821649883,1009.9666463366548,61.749227661369815,0,1000,0
24.250737287409464,1011.5972710111196,61.26269896419596,0,1000,0
27.101285235031245,1015.4600982822134,61.37854752148355,0,1000,0
25.4823845966854,1014.5430882045544,61.4415334777931,0,1000,0
24.796972254211987,1019.1439213732376,64.68053439457265,0,1000,0
24.231429972389385,1007.192278735477,60.07240167923642,0,1000,0
24.196956161353462,1006.4713924219265,54.39290337656827,0,1000,0
26.06248186278241,1018.4109375395906,54.49562328113896,0,1000,0
26.348295459567996,1016.72775248325,63.073941324338,0,1000,0
22.5824183827384,1006.618524079665,54.51492825101395,0,1000,0
22.45193853241264,1003.246960002256,72.27906940241826,0,1000,0
23.343348250189337,1013.203721342095,60.44205275157392,0,1000,0
24.54539568253509,1017.8367821167186,66.05635219320034,0,1000,0
25.019444604977192,1010.7560011225312,59.21207236066477,0,1000,0
23.93685549580721,1014.3216248418382,54.92882431068505,0,1000,0
24.01038096965247,1010.138357551619,68.88667597553831,0,1000,0
23.90666474512509,1017.6642235682418,59.5436816030004,0,1000,0
23.71917701098464,1013.5574141847922,54.26632055689335,0,1000,0
25.94873115175257,1019.9876976304616,58.36627328597715,0,1000,0
24.311395315265425,1011.8913837113108,64.37805038862548,0,1000,0
23.130209944103,1017.0752794381572,58.569909211904815,0,1000,0
23.029755036366392,1004.1038374589164,55.797752424697855,0,1000,0
23.0435470946681,1017.0961465014848,66.58883981221845,0,1000,0
24.07360880715415,1009.793348964868,52.84848106023977,0,1000,0
24.145186165295108,1014.2451337074876,55.65527191704092,0,1000,0
23.930034907507142,1018.2302351999008,54.81758431155897,0,1000,0
26.8075940359874,1023.8761728951824,55.205087410078406,0,1000,0
26.812094555682528,1015.369420631602,70.79059996961227,0,1000,0
23.456974780059934,1017.7524302627128,65.31321643190975,0,1000,0
26.05559293702556,1016.9976541403074,57.91337114185002,0,1000,0
27.134331817483776,1014.3120427468854,57.63910893023957,0,1000,0
25.3140951080061,1013.3077714333108,62.48033379147698,0,1000,0
25.73448348932528,1017.4270302422472,64.36400829815271,0,1000,0
24.372706139534447,1015.3583659365272,56.64926194951682,0,1000,0
30.042341045937327,1013.041343655426,64.92102325949587,0,1000,0
28.05917868874343,1014.912665741008,57.74051424182083,0,1000,0
22.94053371716599,1015.9840863079552,75.81434388033456,0,1000,0
22.329691585932324,1015.3070538025077,52.51786089552756,0,1000,0
25.27528581242716,1023.3604650723282,55.387636976960735,0,1000,0
21.51155168611039,1012.4397955332038,54.05742455301602,0,1000,0
26.495273149526984,1017.7923027798254,57.6152015091476,0,1000,0
26.148464466372783,1010.5052825935768,59.78044629032624,0,1000,0
26.38976825723129,1016.1503036099858,64.76672651844616,0,1000,0
25.81735386091708,1007.9483601107042,57.560984040892976,0,1000,0
28.33060377486161,1015.9641993093636,66.14549536602401,0,1000,0
26.255349821953715,1016.9273205982738,63.51521971147631,0,1000,0
24.40191021450966,1002.9029790389332,61.26518737468367,0,1000,0
31.50168440914693,1009.042245518914,58.134302185198976,0,1000,0
27.712248711818177,1009.4373045082953,49.447758316937545,0,1000,0
25.21310524814013,1012.1341076929888,58.25181907009274,0,1000,0
24.042507956598357,1016.1419872878314,53.48733539242985,0,1000,0
28.932635928755037,1000.5882115284566,62.180178442521886,0,1000,0
22.67344599145209,1020.1499849537188,60.22355835575158,0,1000,0
25.16504403978929,1012.5247224758195,55.7257855806297,0,1000,0
25.586346812526664,1001.4383109982366,57.83855900550351,0,1000,0
24.56489564866564,1023.8474353218336,58.64761973544387,0,1000,0
24.649631795876648,1010.2235920082488,58.29881913769175,0,1000,0
24.97785424851506,1015.9352024532858,62.75751355864617,0,1000,0
23.42934878480008,1010.4540963345844,63.26960772033214,0,1000,0
25.01171760205459,1011.0677688239311,65.64513852277241,0,1000,0
22.38119317989159,1016.6222359166072,55.63616562905737,0,1000,0
25.562729974947278,1013.8814811114536,59.77402553235505,0,1000,0
21.50576214659862,1013.2627087330732,64.36244856281154,0,1000,0
20.56606785350108,1009.0101205362956,57.02951406481584,0,1000,0
24.63181183392053,1010.3707671389334,55.96328742490353,0,1000,0
26.807235227866016,1019.2545863038164,62.65455768275498,0,1000,0
24.431885633566505,1011.0419866702312,56.12554020350373,0,1000,0
23.538242617356325,1005.6245036231496,60.47326719561838,0,1000,0
25.235495942634284,1012.8753935258678,60.644858936962784,0,1000,0
23.650403750126824,1016.1330460023844,45.95826439939051,0,1000,0
30.68812064876782,1007.6387029027084,61.32261823386289,0,1000,0
21.45193952311999,1017.6948857661496,55.093073466683904,0,1000,0
25.62450996587481,1010.5534297482624,59.770291964166,0,1000,0
27.141721398331946,1011.0099222297174,69.64453283881133,0,1000,0
26.236297876503368,1014.4904917508736,59.62211347323853,0,1000,0
21.549483586100862,1011.8670939075166,53.57432693911582,0,1000,0
24.14477509123035,1009.7954225279232,67.17874333117855,0,1000,0
26.562895547890665,1005.7202608809567,51.7285187703522,0,1000,0
24.41331522104526,1011.6642483585172,58.70982401304212,0,1000,0
23.960676867049447,1017.5180862121912,61.21348954283597,0,1000,0
27.73279220128829,1007.5583091226353,56.15241075597324,0,1000,0
28.5619656911957,1010.810434401042,55.08284167000244,0,1000,0
25.837642764114,1010.0283097010752,68.94882138156825,0,1000,0
27.23606587999031,1005.3488963185716,64.9330052316093,0,1000,0
24.51730554229293,1021.0831563077636,64.11653346207734,0,1000,0
27.46984697989837,1022.2458062557096,63.49388261349379,0,1000,0
24.339273232233456,1013.90631480774,65.42207139082853,0,1000,0
26.50890568683516,1016.7564703709322,58.04668916383627,0,1000,0
20.63106441865957,1009.8461451460396,62.63982057201798,0,1000,0
26.66758804207484,1012.3911528614868,63.84329506771949,0,1000,0
24.99081775376721,1011.7343239616936,60.76357461876881,0,1000,0
26.467741602790618,1008.6753401850176,54.06533483972599,0,1000,0
24.66054876580513,1014.1226199594768,66.8072306894915,0,1000,0
22.26128715425128,1010.3863087077935,68.40399577939488,0,1000,0
23.121620255705885,1005.7224791095972,64.36520918900152,0,1000,0
21.992870387479545,1011.7082316205732,58.907000066749575,0,1000,0
24.95897196072787,1014.6407988871669,62.82565287360756,0,1000,0
24.416874956026017,1018.2091846478324,61.50322577673721,0,1000,0
24.529850690388905,1010.3099930676974,65.3808901264506,0,1000,0
26.31289552957177,1011.9727171103852,60.16905705636832,0,1000,0
23.59011437233461,1010.1793204726974,55.645133576287776,0,1000,0
27.988020264622783,1011.2491189853482,65.15263392712986,0,1000,0
26.179179009743223,1014.183161981011,55.66853602546967,0,1000,0
25.309658429978164,1015.1777694797725,63.98732173053571,0,1000,0
23.174782347463903,1013.1878400393304,60.95282417002943,0,1000,0
25.43389525200374,1009.3010980700544,59.18420535145621,0,1000,0
25.26828945662472,1012.8410212301026,63.80949434739048,0,1000,0
23.40467638606585,1021.0982689195312,60.95554074873486,0,1000,0
24.34716689819434,1009.256781422036,56.07998191475232,0,1000,0
21.402934424455108,1015.055964655443,59.23375867937349,0,1000,0
24.434292512650764,1014.8906366618304,62.839829920879886,0,1000,0
26.8270708011674,1011.8607647986078,56.17220248034655,0,1000,0
25.014131839951386,1010.0688277155532,48.75912087898483,0,1000,0
24.12649371155369,1008.6168216159894,59.2629829781902,0,1000,0
24.224780762139197,1013.0936020220818,62.81156733020115,0,1000,0
27.639015119119325,1013.2468564874048,55.32776575520193,0,1000,0
27.63755012481469,1021.7705935538412,61.51657064565766,0,1000,0
21.20903341638395,1017.8741478918042,50.41929559348591,0,1000,0
27.89629119159086,1022.5263574418536,63.07975468091272,0,1000,0
22.22047346579448,1017.1901166709478,58.77992420738195,0,1000,0
23.325894944604624,1012.0741767885528,62.16025466633808,0,1000,0
25.06356942698521,1005.9246285703626,59.08854103920415,0,1000,0
23.39357654506296,1008.8815726948518,71.02962719034117,0,1000,0
23.124460486743292,1016.2374659218208,54.40310049435078,0,1000,0
22.675053624819192,1011.3080250025912,61.8741209804079,0,1000,0
26.85125452916172,1021.1328259769872,59.973820495557135,0,1000,0
24.31746104892821,1011.1996191629366,62.76496022230072,0,1000,0
28.369371328721137,1010.6189944885804,57.07685392663986,0,1000,0
25.58356164497093,1005.8614510008582,63.11460175834322,0,1000,0
22.069254281080227,1014.0824637457388,65.02268714328413,0,1000,0
23.17474804286636,1014.761508540862,53.04801334955245,0,1000,0
23.94779735784273,1009.2251248079704,67.23970402790357,0,1000,0
29.56001296621178,1018.9047375205084,63.30917265112747,0,1000,0
25.106251171261345,1006.534167895736,53.34460563513066,0,1000,0
25.52141151350613,1019.2611840251868,63.61334932460094,0,1000,0
30.14197674652503,1019.958279521195,58.409336235517,0,1000,0
25.56439254236925,1014.906460579666,53.41004280609919,0,1000,0
22.973182140524568,1008.7058590795644,53.02155855778289,0,1000,0
26.642028167182044,1012.9649537965248,65.67071155844492,0,1000,0
26.366855635944223,1008.605494350634,61.85834327862207,0,1000,0
26.689738357653734,1013.9962635738752,61.98084216698139,0,1000,0
25.60054726496199,1014.442308331818,64.48333449030865,0,1000,0
25.772829965564224,1017.388638657656,66.0897414056077,0,1000,0
23.907816226941893,1004.562601689628,75.21176605613222,0,1000,0
26.11646840597974,1014.2779409728053,62.80709731783788,0,1000,0
24.756975089276576,1010.470057778971,65.71897531982471,0,1000,0
23.08764266441637,1014.0194629515076,59.98283442331914,0,1000,0
25.233299923213323,1017.072567547234,63.41664880067527,0,1000,0
28.80484315792233,1016.6912450132296,62.532515668906,0,1000,0
25.056016344512155,1018.3124367229616,57.78351363208679,0,1000,0
28.23433903220628,1007.5596476324606,66.5001513924135,0,1000,0
22.538592217598808,1014.5657609478412,59.96560681042427,0,1000,0
22.2125971291212,1014.0617313971352,59.32945342465152,0,1000,0
27.91924514599999,1009.4401802757358,59.35514559527925,0,1000,0
27.6404133808014,1016.2042840935064,58.790184279901865,0,1000,0
24.327543532412133,1015.6063963351552,65.26841911053211,0,1000,0
29.21783730025714,1017.7304794151396,52.398864852240365,0,1000,0
23.90992888187349,1014.647440709267,63.666577337323794,0,1000,0
24.87367986417649,1020.0336023388584,60.01871831497032,0,1000,0
22.806662506185518,1012.7502272079118,60.15259002906866,0,1000,0
24.810288534929867,1016.4850362084024,62.6939898919664,0,1000,0
24.38434619404546,1006.8047550487836,59.66984354522935,0,1000,0
25.686539709462117,1001.95790191526,51.76221397449457,0,1000,0
23.212009131235813,1010.5043594899876,59.233809217343655,0,1000,0
23.76278657153223,1018.425916178736,58.25534040278019,0,1000,0
24.138934857318496,1014.3087211627096,62.84157022548949,0,1000,0
27.58654154092524,1015.5681136702326,62.66068657875237,0,1000,0
22.026446289620058,1012.5824385338595,64.2468365336281,0,1000,0
24.802559465028864,1016.989845451531,53.87482654714171,0,1000,0
24.549562091381244,1007.2846573481896,67.87488501980397,0,1000,0
24.551048327735085,1009.0197926718874,65.48134088234461,0,1000,0
25.05473966142587,1012.7738809139348,54.4132394591088,0,1000,0
22.977369439463505,1009.8061157312954,68.1199452115325,0,1000,0
26.824389770706382,1016.2756209449308,59.7786663203136,0,1000,0
22.891918897286715,1008.870716459275,65.57806438234144,0,1000,0
25.357319177910554,1006.925008488212,50.65033253442388,0,1000,0
26.93959409020339,1024.2909495101155,56.28042238751321,0,1000,0
21.716405311284504,1013.6122274622076,53.06690914907973,0,1000,0
26.02879517729346,1011.811632096434,60.637325383473566,0,1000,0
26.43628855737573,1012.795967589972,70.09490744855171,0,1000,0
27.90939987343987,1011.6804897254644,59.648404461840286,0,1000,0
23.291302037355468,1019.12037896676,63.05744433604071,0,1000,0
25.50317755639357,1018.983947498767,62.72921348711066,0,1000,0
25.50160600449373,1014.7257191980232,62.72286312087639,0,1000,0
24.25880317711958,1016.4907453052972,45.40839479470369,0,1000,0
20.11122380763482,1006.6668837973492,62.481767422462646,0,1000,0
25.36111503274605,1003.767554091884,57.9177313549187,0,1000,0
24.38781830808064,1017.1045114007896,55.75533309880308,0,1000,0
26.80623404587872,1014.0713355090012,55.930310507456,0,1000,0
21.849906041658365,1021.9563446303936,62.30360136898729,0,1000,0
22.82299669209217,1006.6273093976396,64.79227093824923,0,1000,0
26.669256643741672,1012.2963248290788,56.330621471794245,0,1000,0
25.19678597606136,1014.7253324833316,61.95213438589868,0,1000,0
24.23242064282768,1005.0088921125828,63.31231957495388,0,1000,0
26.037389530877224,1008.0176103555416,55.6401701962651,0,1000,0
24.21244583144277,1013.5817990070144,55.70423282757397,0,1000,0
23.667476877153,1012.6116356759616,63.00296994139567,0,1000,0
24.651626938383373,1007.5948439385904,66.43718451561168,0,1000,0
26.226627508030525,1007.6323094027543,56.611666642142936,0,1000,0
26.92896422085069,1021.7943199999614,68.90593771663107,0,1000,0
24.230701939418523,1015.1711510094142,56.8974629792944,0,1000,0
21.287037589254084,1010.0670155772908,64.83225629880587,0,1000,0
25.77099582182807,1019.0174553642004,59.59872841471695,0,1000,0
27.80498049468063,1007.8536602933387,56.9658936868078,0,1000,0
22.580907073333265,1009.7225843614,60.74488795859002,0,1000,0
22.76128788784161,1015.6637721917784,62.300099296909934,0,1000,0
23.71515329429714,1014.4513343879946,58.24589364253585,0,1000,0
25.432428153507384,1019.8543677041296,58.11624756218978,0,1000,0
24.12577328646557,1011.0489140884564,65.41965819141586,0,1000,0
24.77820979274722,1024.2082851054652,58.08993304507293,0,1000,0
23.387195893689608,1009.639757485237,61.873738895123125,0,1000,0
26.08796512349095,1012.9652198811405,62.42450837402116,0,1000,0
28.073925116039312,1005.1352636115446,61.73952850592609,0,1000,0
29.158704796466345,1011.3904821956464,59.291890940665375,0,1000,0
27.59562675366889,1020.1314946871612,62.872628146060194,0,1000,0
29.153162502910355,1016.760844680179,57.614925101113016,0,1000,0
22.74131409048998,1008.1006823455688,66.07308410352186,0,1000,0
27.02217900453679,1009.8533438908918,62.54165302809412,0,1000,0
23.765364030803543,1017.6792445845914,58.90074212873572,0,1000,0
25.806733561237834,1009.0829868766403,61.57865283185281,0,1000,0
24.314716382783217,1013.4501622210372,57.31019129492316,0,1000,0
22.40095905499355,1008.9997384027896,63.649690331183145,0,1000,0
23.31467555468045,1013.8143155274148,59.2779101685036,0,1000,0
27.5086811936311,1005.3654678361156,54.81948124488528,0,1000,0
25.24554771812351,1012.94789932615,55.96053528906266,0,1000,0
25.293293635218888,1004.1563490651556,62.17128061251811,0,1000,0
31.069865551714955,1016.696245496563,55.86699527731712,0,1000,0
27.31695901776117,1016.8212800991196,72.87338081487538,0,1000,0
24.22471387368297,1014.2932910796554,65.17838586143465,0,1000,0
27.3601207517664,1011.4343354513888,62.142836224775046,0,1000,0
25.64626861446516,1017.6375707077038,64.91395374059906,0,1000,0
25.54626450984948,1011.6699645468155,62.03225888901204,0,1000,0
26.67058777440156,1017.2791378346518,60.75889735104493,0,1000,0
29.091724457619243,1010.9371075725752,56.39478312514603,0,1000,0
25.813216872305688,1000.2451133979888,62.168183246333406,0,1000,0
24.52936876018871,1010.9121426886512,62.69163595650613,0,1000,0
21.359296641801684,1022.754086935352,69.9645477990085,0,1000,0
25.0483413222304,1021.3231428714377,55.36263540147444,0,1000,0
26.163082357081933,1006.2511038922386,56.89553245829778,0,1000,0
23.068917828201027,1012.2446235674056,60.33071104861569,0,1000,0
22.049215261303956,1013.4528618378264,53.97907347573067,0,1000,0
24.64938345424856,1018.5372752465636,56.8234034996879,0,1000,0
22.983622768595865,1019.6878916130302,56.09916742882093,0,1000,0
22.011638434077422,1017.5518078370302,57.96475153278213,0,1000,0
24.720488379806486,1013.946242201339,50.58116551659725,0,1000,0
22.456691807105717,1016.59551038887,51.99673546461544,0,1000,0
24.071852965501705,1014.8275362047252,57.774990708486506,0,1000,0
25.769072921130046,1003.4834057054776,61.33848314917604,0,1000,0
25.70484405804058,1007.548949298758,63.536546875704495,0,1000,0
23.80100011748932,1014.665887321246,55.53744369071946,0,1000,0
26.309108719084964,1013.6535944158092,54.28939819861335,0,1000,0
23.39884489598492,1008.7576457114682,65.28938927821348,0,1000,0
21.84339251400984,1008.3941956909534,57.76647573080501,0,1000,0
26.484868418553685,1008.8461522122232,61.43004287219355,0,1000,0
23.591471079654443,1012.4505855774904,62.378626406043416,0,1000,0
28.306517608890644,1008.4484834637282,62.94049822367194,0,1000,0
26.526522049003557,1018.528482707384,56.2672769789029,0,1000,0
24.817441659836767,1016.4092903843494,59.32585165372114,0,1000,0
25.16693675377659,1023.9501067305162,70.35172095666657,0,1000,0
26.57362450286127,1005.6936744213432,58.053023785108856,0,1000,0
23.919322627419525,1010.5277042025754,59.657698926019705,0,1000,0
22.039271333437107,1008.064671945552,61.23927751763504,0,1000,0
25.573262109680083,1020.4955081944388,66.55843166320746,0,1000,0
25.046014642695415,1026.7804794658016,59.845611997621546,0,1000,0
27.710021449498157,1019.0302530551852,59.77681295854327,0,1000,0
28.522783202532835,1010.2408358798004,58.53227841097681,0,1000,0
25.64761671167481,1005.1322637800948,72.96517998993068,0,1000,0
22.64809497672232,1008.3043036634292,61.59829201359605,0,1000,0
24.48970780836605,1022.136767873862,62.04254360024524,0,1000,0
26.551019958426537,1008.6421691415896,70.4565580982403,0,1000,0
26.28550073963799,1004.6676154762174,64.65448024401027,0,1000,0
20.10705721762025,1012.6968601035944,51.20046607094649,0,1000,0
29.40912574817511,1012.0181823706604,57.41666836885501,0,1000,0
28.30454417635942,1023.0369165710632,66.9098270825975,0,1000,0
26.50814090997429,1001.9910649682348,53.20209960557381,0,1000,0
25.51302174898931,1020.7979909058092,61.47738011237151,0,1000,0
25.98838439398103,1015.024731468456,69.69582505776836,0,1000,0
19.278679078714493,1013.8271218179766,56.09712433298156,0,1000,0
25.038920129739765,1006.6858615933749,58.68107331142066,0,1000,0
21.48364400975422,1012.1751576336768,56.63863937656768,0,1000,0
22.69373741482397,1011.7127271143116,57.403834598199104,0,1000,0
25.766171505262243,1018.5839076421928,64.33043124615561,0,1000,0
26.988758071726988,1007.1157102064326,57.11024373060516,0,1000,0
24.296573804414685,1017.0733427437104,64.11986326991864,0,1000,0
25.928698241213425,1012.46000404376,58.27777541324349,0,1000,0
23.641576007882456,1008.083785114769,58.18027669655349,0,1000,0
26.88095101079681,1018.7405608690837,59.18116314846408,0,1000,0
23.43486307991608,1010.5800752619112,58.167816696211865,0,1000,0
24.995889354247694,1014.6436271598736,71.659955640328,0,1000,0
25.280805814373096,1015.8071844422792,54.83451350019168,0,1000,0
25.105023682534423,1001.7276487611616,61.19940189879724,0,1000,0
24.165971506983897,1008.6629121840948,64.38680278183335,0,1000,0
21.300240976778436,1014.9857069786606,63.12177009518688,0,1000,0
25.66686764233892,1015.278362382317,49.79306971607073,0,1000,0
25.6508653220324,1013.4078064447326,66.09593799001846,0,1000,0
28.268912195203917,1016.4303260992792,62.36198704528122,0,1000,0
27.110669901042463,1013.1094263388508,64.08193580833408,0,1000,0
27.44456481839085,1012.6281467978372,65.85742556171874,0,1000,0
26.17694966222197,1013.6920920068776,50.81244424995255,0,1000,0
24.38726934674287,1007.230931561139,55.54892463056237,0,1000,0
26.51047740732565,1008.623338735046,64.17077808157562,0,1000,0
24.69390455432372,1012.6423911748624,64.28132115936825,0,1000,0
25.148556448091707,1015.820258622687,58.39113158327078,0,1000,0
29.381037057344304,1009.5667198476232,52.91268736997005,0,1000,0
23.26347364942283,1015.0109898194248,58.2202915038254,0,1000,0
23.110928370447336,1008.1880617458086,58.40204079900273,0,1000,0
25.71426199812178,1016.4306412107042,54.2733898891525,0,1000,0
24.56629516912822,1007.9108118697776,55.84543637263669,0,1000,0
27.30568611183404,1017.1777785372666,62.3181538139004,0,1000,0
24.679986475474404,1019.6211753629508,59.360797212924986,0,1000,0
22.6261478349336,1017.4867610236048,57.027642237818384,0,1000,0
22.538056074707608,1012.2325959928728,56.95137672786498,0,1000,0
22.90466346769261,1012.0144153985852,62.533723442553736,0,1000,0
26.18187474978177,1013.227134322416,61.40390487623997,0,1000,0
22.517083334093886,1010.4785675049604,62.347065086448254,0,1000,0
24.076810084024704,1011.0887206039622,60.91513182984063,0,1000,0
25.316821050612127,1014.7183808146934,64.34823319543256,0,1000,0
26.41626517677054,1011.409090083932,59.53413946014292,0,1000,0
24.615868900717672,1016.3704525411518,62.23088252941172,0,1000,0
24.72147960988236,1021.1287619471595,58.15890348372365,0,1000,0
25.49639151232441,1018.3325679871148,71.57084715658966,0,1000,0
26.2953340815606,1010.6041062963584,63.93616210064484,0,1000,0
25.41929312766599,1017.1749691930252,59.04753392481287,0,1000,0
26.337761107533723,1008.6879296238412,56.2460438801581,0,1000,0
22.92461336912608,1008.648221618668,70.65587213762656,0,1000,0
24.14101700492641,1011.5813638739512,53.288619029647606,0,1000,0
29.10657475936249,1011.4602094054598,45.05595824949164,0,1000,0
24.3185677196044,1017.5521445266604,57.72318945080413,0,1000,0
25.34596688076204,1010.3109143896296,61.666689735298,0,1000,0
24.7763558507298,1025.5132229294677,57.49287696338847,0,1000,0
24.062322439956947,1006.067539770345,68.74425720608124,0,1000,0
25.939454256856862,1010.5266516067194,58.38442927433658,0,1000,0
29.128902958232484,1024.4019375444898,64.94237344719237,0,1000,0
26.75174482418885,1002.2953829423147,59.02410997728232,0,1000,0
23.83734797551708,1010.641253572156,52.448429805457,0,1000,0
27.132727822316227,1014.632951819561,61.76624688137876,0,1000,0
25.28845328795092,1013.1616617050825,52.977009668220944,0,1000,0
22.5097490477114,1005.7714763488954,52.80151317368289,0,1000,0
26.063305023460444,1008.9634587351858,58.96737246078847,0,1000,0
24.89175193697008,1013.3488433643334,59.20508560574525,0,1000,0
26.896319403697145,1012.7685172830396,63.373911948179206,0,1000,0
24.13553212966971,1007.6476662147088,57.96340831723552,0,1000,0
24.67968570058597,1015.9147346315474,61.343185605765925,0,1000,0
24.703538476190445,1017.181613471804,70.68253367192952,0,1000,0
24.66146828942949,1017.2570768908832,66.82306524101472,0,1000,0
27.507995198485624,1020.5211713590472,63.641745172857455,0,1000,0
23.40988920861698,1019.0451042032452,60.573987263998944,0,1000,0
21.901989485431592,1009.7779047936248,59.65428475430603,0,1000,0
26.333136941890565,1012.9725617496524,67.65681302187717,0,1000,0
24.85835363122116,1006.1720021702548,61.04772075257178,0,1000,0
25.734767311926223,1008.6425753535184,60.42021732153956,0,1000,0
22.54921840075439,1009.9663628357184,56.49828230998982,0,1000,0
24.94676245016666,1019.8167440774788,64.95426994484072,0,1000,0
28.29388263901449,1012.1919166519452,61.10302713891425,0,1000,0
25.15592214423442,1016.7648833644008,61.80371553163201,0,1000,0
26.062712876327478,1014.2168413625458,58.621645615845175,0,1000,0
24.146231221967973,1014.8734169158564,69.32316333801744,0,1000,0
20.808616589331155,1011.0612457102106,53.55276072904191,0,1000,0
21.45576829384007,1018.653843874953,61.2314543519857,0,1000,0
24.158266186025376,1014.9264036242398,63.6698571002822,0,1000,0
22.05409229863904,1009.05221708393,62.19409603679432,0,1000,0
24.283497173625253,1005.753833350881,65.59869023407279,0,1000,0
23.607406212457143,1015.5964693304016,68.82166669502924,0,1000,0
23.144537354059253,1016.4963457989506,60.5598965321273,0,1000,0
27.853787516886257,1007.6772297563178,47.86052359218573,0,1000,0
21.704651428536675,1007.4584106222828,66.43382259843594,0,1000,0
23.90205143373866,1003.1082905165164,59.07308808865909,0,1000,0
25.915072683042226,1010.196028382668,58.29688056416127,0,1000,0
24.648196320052183,1014.4931022087112,55.420621508449535,0,1000,0
26.45858414549109,1005.2299211371866,52.79819493954752,0,1000,0
21.917717537306725,1016.5081090312432,63.53945692926884,0,1000,0
26.9134570615958,1016.4110390061865,57.807120711310496,0,1000,0
25.82574014129012,1012.1318791057844,56.294560341910085,0,1000,0
26.47750835152149,1023.2182665499618,59.94165027240663,0,1000,0
25.26708870213753,1012.2851122102758,63.9337152826991,0,1000,0
22.59887834695564,1020.4862458091654,57.49307528469559,0,1000,0
27.989482756158186,1011.8398957664918,55.25620577405307,0,1000,0
27.379141723192625,1013.3035662886188,49.895482673597925,0,1000,0
24.783125234983505,1014.6264217016916,72.0368429383784,0,1000,0
26.779910732421392,1014.995050975975,60.16453912099894,0,1000,0
26.888142600667173,1007.8470926593932,54.620470491468566,0,1000,0
23.806224604340347,1002.0034358048324,62.79376260666079,0,1000,0
21.96530808851109,1013.7020834569564,65.84706632644455,0,1000,0
24.26614663088418,1005.6327811601636,57.26687272615625,0,1000,0
24.69674231320606,1018.2080308736956,55.91089991648153,0,1000,0
22.71148542680752,1007.7135159554344,69.70543148219815,0,1000,0
28.37359958026217,1015.1610656350088,65.41862367113535,0,1000,0
27.31917028401404,1016.3328373107288,64.27693381624768,0,1000,0
27.07704791254959,1015.305747235418,62.23267397702627,0,1000,0
21.383521887941708,1013.6744430036706,48.3192688515954,0,1000,0
24.77307933810909,1009.9679482170792,68.01029977546906,0,1000,0
26.55284084151633,1011.384203559027,55.30069931714794,0,1000,0
23.73855508179381,1016.7560474979878,65.29655493383036,0,1000,0
25.96476937553997,1012.622713124516,61.01106515851415,0,1000,0
22.028666216386497,1017.869646716332,61.00211641911678,0,1000,0
27.47601948514731,1012.5645615173844,65.8123197121429,0,1000,0
25.75162155294324,1001.8281742092702,59.240890235783134,0,1000,0
27.433332202391647,1010.4904699259788,52.1739279400872,0,1000,0
28.67274335385591,1015.1338485552468,61.53057074275579,0,1000,0
26.007932327763225,1008.3086395861344,59.22703093475273,0,1000,0
27.49520503675502,1015.2467508583128,59.32844190862584,0,1000,0
25.526596042328336,1017.1803839278268,61.87728423529482,0,1000,0
26.50853001585012,1018.2918597876568,59.19959437059895,0,1000,0
23.132780554354152,1011.207961151728,56.2235822818191,0,1000,0
25.623861218684134,1009.2852224794638,54.54769580399953,0,1000,0
23.65960705691347,1020.177887264373,58.30559256931811,0,1000,0
25.54841069284208,1013.9843660962248,60.72794904790785,0,1000,0
26.93442746671624,1020.3495318569744,65.0269755168872,0,1000,0
22.75816790169702,1012.2391276610588,67.50674527578627,0,1000,0
24.593233744014697,1018.600540307529,62.45455545254456,0,1000,0
24.855259238597288,1006.5872033714812,67.93146193182992,0,1000,0
28.2910547522422,1011.0647759511384,68.50472939782553,0,1000,0
27.96024025500674,1013.9567307311842,59.62978548626486,0,1000,0
26.4378208668318,1008.5667020173212,55.75134984928058,0,1000,0
26.47921387763543,1012.6408808049324,59.083215348550674,0,1000,0
24.257632670429054,1008.5458042512212,54.508689379271374,0,1000,0
23.14311001492094,1016.103753266264,59.27441817634309,0,1000,0
25.0646806947694,1010.3241609881128,71.08722309012242,0,1000,0
26.691585824946078,1020.3939951880448,59.56948764034884,0,1000,0
28.053968118474373,1009.6111550756808,57.70348652917895,0,1000,0
28.158817770812767,1011.2280819155268,63.82930132808606,0,1000,0
25.232983719159616,1015.9266842179604,65.87290748927454,0,1000,0
24.74648281609949,1001.9068948012376,62.497592894325,0,1000,0
25.99345165182187,1007.8970474483036,56.97797207569909,0,1000,0
28.51261158531842,1007.9382073972342,64.42523361648263,0,1000,0
24.615962628631134,1014.0001693653512,59.7981695005079,0,1000,0
27.529947737079688,1010.472541987808,63.52282533836779,0,1000,0
22.329504084870308,1006.7705762541756,65.12027506734434,0,1000,0
20.29213486886152,1011.9066808885086,73.37768001972951,0,1000,0
24.812321268732774,1016.4762423821022,59.75119553514826,0,1000,0
27.91757823506233,1012.7843036461776,58.810971596740885,0,1000,0
23.821213459090696,1010.405798984326,57.16651195981207,0,1000,0
26.070469529000395,1013.6168203327012,71.89452714765892,0,1000,0
25.41376436270339,1017.0630439788666,61.3775542461771,0,1000,0
22.034579613974145,1004.0714180898408,50.82934772345188,0,1000,0
26.216282696315197,1003.382416138463,49.9347520811296,0,1000,0
26.62739639088857,1012.449025536387,62.28063642196152,0,1000,0
30.581495697602914,1007.7266504978816,60.34379553277959,0,1000,0
22.836470659021245,1013.400878109371,49.73014314811687,0,1000,0
24.746792378304377,1008.9095116758186,56.62923070199498,0,1000,0
27.51594390645559,1014.5100086890116,57.32908880201856,0,1000,0
25.23915558893254,1018.6083329626164,56.91519022180714,0,1000,0
26.12540538848607,1009.888686356736,54.35977774341109,0,1000,0
24.75319230788268,1014.2980023423104,62.68186555103803,0,1000,0
23.31019926731008,1010.8222297143308,61.87083704987023,0,1000,0
26.27749674345175,1005.1419958872074,54.34823841318267,0,1000,0
22.376770662869323,1016.4621913478428,59.320321613254286,0,1000,0
25.6272494190599,1015.2563428643664,55.63358625587589,0,1000,0
26.133793886820563,1006.4546097890772,66.87024578114946,0,1000,0
24.447886265757017,1016.2928741725252,63.51927084086465,0,1000,0
25.940402175038,1015.7914657090382,62.03076813239517,0,1000,0
22.970604197047905,1011.0734539571524,59.60303466631658,0,1000,0
23.294718165052284,1008.785763917656,53.28113747513576,0,1000,0
26.929128619663505,1001.0250136293,54.633886970096576,0,1000,0
27.362390405855308,1002.8093612676488,59.41156553590504,0,1000,0
25.60050967473813,1012.3527322038052,62.023878853963616,0,1000,0
24.40159809123349,1005.7398833888788,72.80926645099464,0,1000,0
26.08268425407747,1022.5703678159337,63.69327871701063,0,1000,0
22.31280836291577,1018.3662306508468,55.11815869973016,0,1000,0
24.8689702566644,1014.9947762585484,62.44385348559581,0,1000,0
25.937133631521988,1019.3255446979676,59.93810671159147,0,1000,0
25.753648393303852,1010.3405064749142,62.17122699235901,0,1000,0
25.624006321088597,1008.1915521729466,59.146900610452114,0,1000,0
27.20698197909571,1012.0562919305924,65.52912431854809,0,1000,0
25.42312999695174,1012.170655483466,58.41986066298031,0,1000,0
29.050942163584477,1017.6987139493524,59.46809509036822,0,1000,0
25.411269799774143,1014.467600885127,69.054803040843,0,1000,0
23.256649051161084,1010.5631548504738,53.14554914837301,0,1000,0
23.446439083901662,1017.8542343627864,63.0768691277946,0,1000,0
22.31342111487066,1007.6201849288854,60.54216963604475,0,1000,0
20.152540151981675,1009.0836677806362,59.58998641514791,0,1000,0
23.751459165153797,1004.3198530319646,66.43739552612465,0,1000,0
23.17158255748041,1012.0857231679216,50.6333693579153,0,1000,0
26.94436830589061,1009.877659238736,51.138983827073154,0,1000,0
26.030788220065222,1003.3903624562485,61.390001818847225,0,1000,0
25.249896968710736,1009.9936569762392,51.33079279210902,0,1000,0
24.82507192579225,1012.247816682287,49.41225661175025,0,1000,0
24.138217476197745,1020.028268725702,63.54180845654088,0,1000,0
23.232302269174586,1017.9559270394034,55.91402952229272,0,1000,0
23.795499186644765,1016.1256161547266,62.900906944202106,0,1000,0
23.51850839647324,1013.8554633865272,67.59981064646195,0,1000,0
23.91742399048846,1012.296451620198,59.814909096698095,0,1000,0
25.416725810563257,1006.417314275032,60.722315706142666,0,1000,0
24.948761932381053,1014.5131677001558,65.96014484203761,0,1000,0
22.87121778175934,1013.9208320201484,60.433550022636375,0,1000,0
25.40893411542895,1019.5228406989436,54.21282927308338,0,1000,0
22.633994170186757,1014.6179174354452,53.668644232936174,0,1000,0
25.709451066031782,1007.094183541956,66.86259766408307,0,1000,0
23.9375355254698,1011.1996648688964,53.0521082900213,0,1000,0
27.974819455312936,1017.028267211898,63.697439672821,0,1000,0
23.426520983603645,1010.1815644844384,59.96857478963192,0,1000,0
26.56132061658872,1004.0678654271736,57.27642561754891,0,1000,0
23.259378645120314,1021.6126635645468,66.52793036887255,0,1000,0
22.503457774707638,1010.2882424401952,48.37839578296434,0,1000,0
26.820081855472612,1010.6653415835144,53.578982010006456,0,1000,0
22.80980186848513,1011.5362644765034,64.01177941075855,0,1000,0
24.11248624735284,1008.6847899585648,53.22257158408097,0,1000,0
25.841337466219205,1013.2312064650775,58.576839139780525,0,1000,0
27.353477346562265,1001.9589302909084,67.14463644163182,0,1000,0
27.17009689289979,1024.9754153233175,55.69633215906459,0,1000,0
23.91776702899492,1023.548166313744,59.798089067295095,0,1000,0
21.719825639450555,1016.6235876477662,60.818697703964375,0,1000,0
24.901596177103897,1024.568790213064,64.22020384671184,0,1000,0
25.921881105507588,1017.2827327899308,65.65546488979504,0,1000,0
24.50352493071304,1007.3248585023416,55.879200599201695,0,1000,0
23.74984918872492,1010.3565976657304,55.2473593571022,0,1000,0
25.42435634727635,1015.5530730489546,62.01147368020813,0,1000,0
27.102760122641687,1021.4016272978472,61.47766688053655,0,1000,0
21.46402533539231,1016.672869295532,61.24442404427319,0,1000,0
27.19404833138683,1002.9401352583052,66.10805189533858,0,1000,0
24.80373540011517,1005.1833657429064,62.26310277864536,0,1000,0
20.01674577589449,1004.7946405257684,62.15615555314717,0,1000,0
24.485062368248425,1000.7219919269254,56.496412496393184,0,1000,0
24.57310440598843,1018.5968335982068,56.32079002436488,0,1000,0
23.365145688511888,1010.8439513598578,66.09308354284471,0,1000,0
26.574619407352067,1010.6134019813152,64.97743476768744,0,1000,0
25.142652377109183,1020.3327718671168,52.57902367059794,0,1000,0
27.234832383639368,1013.0184370055708,72.71349307310119,0,1000,0
23.50558041972003,1010.4538818226836,66.63211242470719,0,1000,0
26.15064155704513,1011.413699920588,56.63678750014339,0,1000,0
25.89850389663221,1009.90008373241,60.66090871061204,0,1000,0
25.22262522639679,1010.3455920916504,62.49702590550698,0,1000,0
23.46319073223256,1010.5598663425718,63.10201413274455,0,1000,0
25.127372368919104,1021.5993833351554,58.31297227099967,0,1000,0
23.68392480185986,1012.2096949916184,55.72720751999197,0,1000,0
22.64664914063336,1004.9297132318236,67.41107610778985,0,1000,0
25.209526942570346,1012.8793008489675,64.86978969793051,0,1000,0
24.582149308481547,1019.6099432700375,60.8363319485326,0,1000,0
27.503831139197278,1013.7447314069444,61.48949463544283,0,1000,0
25.788956890930603,1008.552644350424,59.828655538551786,0,1000,0
28.544493383762443,1007.71767053994,54.29316875822768,0,1000,0
28.01420324532269,1016.3477647673942,61.6172104855992,0,1000,0
27.678191686958165,1013.9099768038926,60.71219478091712,0,1000,0
25.40328785882409,1019.5754173397236,57.87076568344688,0,1000,0
24.12241298412781,1009.9694788265408,54.2884305486537,0,1000,0
28.63542146661954,1011.7869199312212,65.2162888553008,0,1000,0
25.07210552070948,1012.1835118643736,62.47004887119563,0,1000,0
23.581851961346526,1013.0316462839723,65.3125034063214,0,1000,0
27.179107980692333,1009.4660292095322,60.367083090540646,0,1000,0
22.46652557353157,1018.0530599509686,54.49205996317912,0,1000,0
28.444792475592223,1019.5053622694276,56.92285674821696,0,1000,0
23.164787630634013,1014.1931271310568,50.77414110236238,0,1000,0
25.809371230709377,1009.608758012974,50.04162574187971,0,1000,0
25.499599810133912,1015.2106647401664,53.73736240877033,0,1000,0
19.37612741181107,1004.3486423967432,57.35453810637035,0,1000,0
26.02966417612063,1020.897917041692,59.57260626367324,0,1000,0
24.10502006984837,1016.2859639181348,47.655804112103816,0,1000,0
26.514101748668185,1011.9797666081428,53.68506782156766,0,1000,0
23.965583625633027,1013.2793924448912,60.90631334765732,0,1000,0
22.69397133283845,1007.8146614059414,62.34875193450676,0,1000,0
24.386051100085997,1009.4049807540124,52.001486155261446,0,1000,0
26.51323062354627,1019.0452839173264,61.8741729076172,0,1000,0
27.29350888123164,1015.7963907092736,57.02731542180105,0,1000,0
21.82417009951144,1017.5614721882469,64.11373010467567,0,1000,0
24.790109011382945,1017.2915888888856,56.00323481212524,0,1000,0
26.314457043378084,1018.3713907755618,56.17269805731003,0,1000,0
25.94642576202868,1015.7137857560908,58.07456580525748,0,1000,0
26.50821937981695,1016.0932392688608,69.28859276638839,0,1000,0
26.47226280612229,1019.318835196814,51.68944081900668,0,1000,0
26.75968043377975,1014.7319032389,60.30548032838137,0,1000,0
24.031006661935077,1014.9579794820556,63.04501167985446,0,1000,0
25.83123113000942,1002.7961489123678,68.21062085039556,0,1000,0
23.339829066622315,1015.4931369229158,48.57948004647756,0,1000,0
27.128878185175484,1015.8808343254572,66.35018006710798,0,1000,0
27.990119610679237,1019.5677561215356,63.57652704595407,0,1000,0
24.880521617689947,1010.7218227301288,59.16302665024213,0,1000,0
24.348339259293084,1013.109905360032,56.92752401126513,0,1000,0
26.63936430161479,1015.0197525192792,59.89870796899462,0,1000,0
29.6352111908312,1018.7908343433768,48.85703298164598,0,1000,0
23.97944554842861,1015.7810229392204,55.31999007732479,0,1000,0
24.69245969508197,1016.2552260473552,62.82574039057644,0,1000,0
24.501983523053543,1019.8978729184904,60.03094561769565,0,1000,0
24.81721587554981,1010.8992296681008,62.23103111094807,0,1000,0
23.444137092525946,1011.6472305909352,55.04407224627714,0,1000,0
26.017180570848517,1028.1150891027137,58.96192078346933,0,1000,0
27.58719241264883,1016.5313390711908,65.57019217772785,0,1000,0
27.45121800023357,1014.728957993848,66.73630705850444,0,1000,0
26.16804032123277,1014.2885516993576,57.54895781513768,0,1000,0
25.445446660666164,1008.9321703553776,56.433200826820375,0,1000,0
25.43550073411392,1016.0833539073072,62.66117399421516,0,1000,0
26.152276951701896,1006.7980519870734,57.32990576994883,0,1000,0
19.53353336395421,1021.1014019156688,59.48024304005303,0,1000,0
24.696567905521203,1007.4443957043236,48.26184060516726,0,1000,0
25.39409186754597,1005.3275651709896,59.91057808136336,0,1000,0
23.447471429779345,1014.489021990492,62.58993691202484,0,1000,0
24.96994627233678,1015.0108400235332,60.97142000194086,0,1000,0
23.934003308434537,1011.1269504562604,55.53266802707846,0,1000,0
25.330017944543524,1013.0647880470826,52.7859131908346,0,1000,0
21.77230699232093,1011.3384657910024,63.05217436117447,0,1000,0
22.43190736055004,1023.7554437997688,59.176870915068974,0,1000,0
24.14945520705494,1018.4222076331808,66.3246477253514,0,1000,0
27.17612447188918,1009.883568715451,62.43248239002262,0,1000,0
25.387322636618983,1005.0653474848816,59.66468699288441,0,1000,0
22.86471219448453,1010.7050015696668,63.0072229766294,0,1000,0
27.181552114718112,1010.867082951411,59.710982793928665,0,1000,0
25.05290914135674,1018.3588735829876,57.62845226112408,0,1000,0
22.56775471835328,1012.2370162015444,62.15824848209438,0,1000,0
26.39860686963311,1017.860830790588,67.1483295935897,0,1000,0
27.073093677476813,1008.780422497748,70.00261570365049,0,1000,0
21.66239557136279,1011.5907985838292,54.77800614117572,0,1000,0
28.02353829939715,1014.4649605904256,62.780063439400735,0,1000,0
28.301790776911783,1015.6043110427942,58.3439906515132,0,1000,0
22.13525817244783,1002.891895925822,59.608588293431126,0,1000,0
26.47348455885415,1019.0209853972584,68.30161783182767,0,1000,0
26.800019603169723,1012.6213838978904,57.18287952474216,0,1000,0
25.842986102871755,1024.4324388835423,58.0629722211185,0,1000,0
27.583365567593816,1010.3751339873536,59.64095733097338,0,1000,0
24.843186196595536,1016.042780911255,57.681413539480815,0,1000,0
22.766310477260298,1005.4066049284864,67.71224753829196,0,1000,0
25.493919046237774,1009.9251581261208,54.722797605136975,0,1000,0
27.5728212172302,1012.6794576404336,64.87676614698576,0,1000,0
24.425946238262323,1016.2816173961112,49.83875917813548,0,1000,0
21.542851329687903,1012.6946124879768,57.85798533267427,0,1000,0
21.6798844163787,1020.7967275879396,58.89505457100265,0,1000,0
29.61786167359993,1016.7148371796542,63.98266237504546,0,1000,0
27.025261771469005,1013.4789518325288,64.24529669145544,0,1000,0
27.24018219048249,1015.801162668021,60.933681228257626,0,1000,0
25.47291194882079,1010.4144478695686,61.66759359103045,0,1000,0
25.322280739993936,1009.3334782414078,61.11746851896653,0,1000,0
25.195066703206493,1022.8833161977336,61.46592203898821,0,1000,0
23.859707305647746,1021.5138514478016,57.287612704391954,0,1000,0
24.822416709428406,1010.0275399533044,58.02336996785044,0,1000,0
22.440706962884438,1004.583102155719,59.80020751672334,0,1000,0
26.25017658741542,1011.8471743807296,58.39505779070399,0,1000,0
26.27928107937515,1015.8589305326364,55.72359594764448,0,1000,0
26.259035576664388,1017.8174526931808,54.35324394666511,0,1000,0
21.47882699539823,1019.3533391919016,55.1317623326127,0,1000,0
27.031261692283117,1010.8997866485678,55.43649757621196,0,1000,0
23.23354025192013,1015.141852724109,59.38432799489913,0,1000,0
21.59604610360996,1015.6049606339362,62.70189403916669,0,1000,0
25.59193724412345,1015.448977841902,61.16238660413399,0,1000,0
28.346511095674504,1012.4179173157538,60.66374840611511,0,1000,0
21.447481836796705,1013.9329555183912,60.05447979437951,0,1000,0
24.854236472875314,1015.1691721252366,55.12710945151488,0,1000,0
21.98823377698484,1019.6039251801672,68.34950646458094,0,1000,0
24.83144506224072,1017.0985586750008,63.05617066359943,0,1000,0
21.690493874197365,1013.405551811778,60.33546296763981,0,1000,0
23.614726274718887,1010.650478374138,57.92792547307708,0,1000,0
22.22649369311352,1007.9848161015358,70.05866386488483,0,1000,0
26.865905854477862,1006.9301810062964,58.63798314498385,0,1000,0
25.27773983063956,1014.0556989757472,64.22212411939971,0,1000,0
25.245714259019643,1013.0459736398764,58.8559152828368,0,1000,0
24.66252130477473,1016.0818406388752,55.90684561669603,0,1000,0
25.58645392916388,1011.5037875653684,57.08350179801138,0,1000,0
24.59047185334914,1008.5160507010472,69.0830507874742,0,1000,0
25.8801400265986,1021.7295458441988,60.98493102825629,0,1000,0
20.828236007955176,1004.7650010477744,61.24110930215399,0,1000,0
26.582949459820263,1016.551600979742,59.71590056802339,0,1000,0
26.7189179069847,1000.5663518628828,63.08842658108621,0,1000,0
25.818507284125992,1007.9764751495942,53.90234895638256,0,1000,0
24.387767643769987,1012.3308472809848,58.41357069845255,0,1000,0
22.673243928817477,1013.379244704871,66.10182309842,0,1000,0
27.217066234964577,1017.5461359256764,56.28567703135724,0,1000,0
24.340219436014173,1022.4335691098256,68.12316929953914,0,1000,0
26.782472849788437,1014.274309061742,55.95555584618093,0,1000,0
25.39279150640468,1021.5615125855712,67.53700121437758,0,1000,0
21.60692967733541,1005.7408717177148,46.95321730143516,0,1000,0
25.936227949611112,1021.8016327508768,56.915609725588,0,1000,0
23.88003996450941,1009.5320238176826,60.63945627868507,0,1000,0
23.319702637859937,1000.474689312278,62.82636888033918,0,1000,0
23.60514897770484,1017.5056826709329,61.763658804064654,0,1000,0
25.470282470192807,1016.6500692183891,60.11421298791429,0,1000,0
26.21130264611467,1012.6335557244656,68.58300562187323,0,1000,0
26.390111339406506,1008.2464348826436,57.05726258969939,0,1000,0
25.70726833433065,1009.8552115757636,56.61820281251113,0,1000,0
26.177463184179707,1005.1549782051616,67.52307806669984,0,1000,0
26.90020067899484,1015.4354140398124,61.022413536396414,0,1000,0
21.98447231057451,1014.8931037441988,53.19446752527815,0,1000,0
23.356825682457977,1017.1654568818658,57.129260676898056,0,1000,0
26.1184387474243,1015.7118404573308,58.29992545874968,0,1000,0
23.87606348971561,1009.80224520089,67.02224836263457,0,1000,0
25.9288395087743,1007.440873763889,62.45508791356373,0,1000,0
23.73543219539114,1020.419809321546,63.23417528856604,0,1000,0
25.17751237970022,1016.672300429098,63.1551374870545,0,1000,0
27.67628429118979,1012.9400857073152,60.58987556208916,0,1000,0
23.8641949377762,1020.4873849599724,55.1671555666575,0,1000,0
28.285528767287317,1010.5869299058684,63.76753858550578,0,1000,0
26.8406890920511,1015.6516432456842,57.81097096191187,0,1000,0
26.771051071200592,1009.8627558829476,75.32104623577479,0,1000,0
22.367136972485724,1016.3063533035364,61.62653788874632,0,1000,0
28.950797312178924,1013.765655193816,66.68864233274284,0,1000,0
24.25686551020892,1013.0503548789304,69.55427941157642,0,1000,0
19.7577756239432,1019.5670820422188,65.43487957239793,0,1000,0
26.627978997648533,1013.0253427158748,63.95968020843701,0,1000,0
23.12630056912234,1005.4186269903578,63.75317002366537,0,1000,0
22.716707977366635,1013.8602107928745,62.99188315782608,0,1000,0
24.87042048745455,1015.60773297973,61.56679788342324,0,1000,0
24.6234647238281,1022.171031848639,58.73405821610938,0,1000,0
26.167442315958397,1010.6266879109238,51.99796123446333,0,1000,0
27.351675652233084,1016.4368707646116,60.56689524828197,0,1000,0
26.159913183013995,1016.393425783142,64.88364440903617,0,1000,0
25.588375602382456,1015.482532192173,65.14098580446702,0,1000,0
29.05707959114575,1008.2952782541475,59.97488864141996,0,1000,0
23.41603988472846,1013.1378899603404,60.30394941364592,0,1000,0
27.115680393099684,1019.1767144955836,64.54916878310101,0,1000,0
24.67802935464785,1009.7702250027564,58.61674312928501,0,1000,0
27.81280822641116,1016.219573482719,67.62173543056986,0,1000,0
22.70914756168265,1020.8789446469946,60.10621290004509,0,1000,0
28.570798423895564,1004.8070885654092,62.26855381149085,0,1000,0
24.154294225210613,1022.2629748506132,66.61027876757709,0,1000,0
25.00286323768752,1013.6244071235836,61.825638484441896,0,1000,0
27.0883499155793,1014.3252633829396,54.26874281066381,0,1000,0
26.230014038947235,1012.7309305201918,66.26921675190886,0,1000,0
28.41256341887452,1011.1649906358748,66.17144285133188,0,1000,0
21.858191770645817,1018.191649668173,57.26925717172048,0,1000,0
26.326752314797886,1021.8837880646222,53.6546256139557,0,1000,0
21.551742640516995,1013.1040417528634,56.50145980649469,0,1000,0
24.18169082339637,1010.1265326446252,57.353683718027824,0,1000,0
26.8985862152069,1013.3701147715988,51.395309951383496,0,1000,0
22.00065668556432,1019.5972421495884,62.603454169052334,0,1000,0
26.85418720289865,1020.0853472634492,56.30381434550833,0,1000,0
26.12577232617557,1011.600887195733,65.15854845615192,0,1000,0
24.200951841089143,1023.9296187247386,57.832712404906445,0,1000,0
26.684033545854973,1022.7397868722392,64.50938502674076,0,1000,0
19.06796494059378,1019.9698394830436,66.64260453951064,0,1000,0
26.752160744269943,1005.5165176749872,71.10825625094223,0,1000,0
25.916443450810814,999.270888670773,57.837155668474,0,1000,0
22.66361938046576,1005.884578517547,55.87925013706687,0,1000,0
27.542865550255307,1015.2118405318718,59.30647126791034,0,1000,0
27.209357930950627,1011.4025602620673,61.93110560029453,0,1000,0
24.98626648316693,1012.8766644194676,65.66291316102414,0,1000,0
26.95864611502396,1023.1378798691248,70.01206513138207,0,1000,0
18.7659209970526,1016.8650338570046,56.85853401457763,0,1000,0
25.51456898138281,1019.1263718211962,63.59508878590651,0,1000,0
24.897473481051836,1013.5642419199032,57.44913155123783,0,1000,0
23.87717425661113,1020.5594687995244,68.25020859587292,0,1000,0
23.35469904544999,1014.4097691795118,64.11442916976559,0,1000,0
25.224451442204927,1022.2887036017388,56.9024010142579,0,1000,0
23.24194951321819,1007.2012284631836,62.571085072373286,0,1000,0
26.648180707779016,1015.751652519862,57.59879312660543,0,1000,0
23.783168031628875,1006.7963222316166,63.849826319790616,0,1000,0
24.54745337648583,1013.4964551104129,55.590555983697406,0,1000,0
28.3148073912208,1006.6208402043824,66.51826710641545,0,1000,0
21.44747348175966,1025.1921763264645,57.16729348449674,0,1000,0
23.751216455050088,1010.7452734086004,60.14134015447965,0,1000,0
24.714052358405382,1003.6380718308606,65.47012551826504,0,1000,0
24.525982234315137,1011.7212266973186,65.99727286396389,0,1000,0
24.8393949536924,1009.7888523360824,63.20481940402188,0,1000,0
22.13632821918108,1003.2706777375782,48.95421647082291,0,1000,0
24.27784877267473,1012.2530774030158,57.21026709681188,0,1000,0
21.336902047517835,1021.0928379476296,63.13051141336069,0,1000,0
25.78631241196915,1010.7526594899856,55.20717904510534,0,1000,0
25.29241577728253,1010.8499641609106,65.3164596099642,0,1000,0
21.624508614537493,1010.5626714548312,74.45682309086394,0,1000,0
25.09893301356415,1020.33361121776,57.71707618122024,0,1000,0
23.41070933536839,1016.5037542264251,57.51602001821697,0,1000,0
25.496349118953063,1005.307913726436,58.320718239279074,0,1000,0
26.694080854831917,1010.5004130363054,54.84506994334453,0,1000,0
28.25676486883979,1017.5135061279336,63.34675505776601,0,1000,0
25.447025800737563,1011.9414962305,64.59923013047637,0,1000,0
24.330133390949715,1015.331097260045,57.85617832143145,0,1000,0
22.156510166298524,1010.591528585593,51.83339129726087,0,1000,0
23.88730200775588,1014.2775730711176,54.21489965405239,0,1000,0
26.102826775074718,1016.7360681419988,67.44648329737673,0,1000,0
26.511741498062896,1005.8623025283404,62.29144456040712,0,1000,0
28.43170258784841,1019.1126897673888,53.98633447166765,0,1000,0
26.81186452741512,1012.644826919428,57.07829625987204,0,1000,0
26.30237291068904,1013.5494900282506,63.23238272716596,0,1000,0
29.52253075344456,1017.7033108923706,58.66397728099299,0,1000,0
25.79010909354397,1011.4451211323358,65.22582172052162,0,1000,0
26.536952149085806,1022.4651750732036,62.99742954934545,0,1000,0
25.05349611182652,1010.0893342735376,62.51490454591218,0,1000,0
25.48468960236731,1021.4608762206406,58.69681485541442,0,1000,0
25.43507353826941,1013.9777927574498,68.49707979327297,0,1000,0
26.63652024254064,1007.880464082094,57.67385742640027,0,1000,0
25.031667917032188,1014.6347369873872,65.73610983972733,0,1000,0
24.459132802264147,1012.5549508328404,57.51661702189467,0,1000,0
26.245217332017987,1013.0125999885074,58.19800436916653,0,1000,0
25.169829514064592,1006.4588376016912,59.829263999786654,0,1000,0
26.647943420531625,1016.8025564379376,72.78455690752914,0,1000,0
25.04593252916376,1019.8042924452998,63.25070443451193,0,1000,0
23.21133673384073,1018.435298061953,54.923070958174165,0,1000,0
20.85031724259488,1019.4452921913972,67.10842930265949,0,1000,0
24.922920768207995,1013.53193350658,53.08285068119188,0,1000,0
24.319897719770445,1011.2173750206946,63.825871609899984,0,1000,0
26.218301453077643,1009.352206474694,52.27364658749142,0,1000,0
27.905145059458107,1010.3109417409668,56.51551688787423,0,1000,0
24.964602947839268,1014.82391408743,63.17625464642962,0,1000,0
28.325300492132968,1006.0642566045202,55.68051479358989,0,1000,0
24.4286881430145,1011.944155037196,67.83999923148473,0,1000,0
26.7143777262702,1008.76915190562,54.92753203528726,0,1000,0
23.63709617477121,1014.9289874249952,63.50869657194659,0,1000,0
25.808851847402543,1009.7324239079948,59.29912661343624,0,1000,0
25.55834361048357,1016.4331232910968,56.706423277976015,0,1000,0
25.78447075155669,1009.4425367111096,55.89488979783816,0,1000,0
26.68936243850733,1013.2317242173712,59.44156906325901,0,1000,0
25.261762626468897,1020.1981205706492,62.13830053842232,0,1000,0
26.64522547338548,1006.483721103875,59.34904611307022,0,1000,0
25.34554085667286,1014.4382316201804,60.60544173891092,0,1000,0
25.2106788523827,1010.1495581994036,61.81248615912632,0,1000,0
21.44985157811172,1016.2131096076644,55.04030956504968,0,1000,0
18.9188673430594,1015.2922911641058,65.17588722937597,0,1000,0
24.00837393679869,1014.4564217305352,62.48123723823883,0,1000,0
23.07908937411893,1012.6064861426968,63.04466938568014,0,1000,0
23.841839535911767,1009.2627967239058,69.4431045303913,0,1000,0
25.201035670956696,1004.7993647813504,63.8281611695496,0,1000,0
22.444979610586945,1011.5077931786392,58.74746675201903,0,1000,0
24.039911241088223,1013.7285690325582,62.05467209106615,0,1000,0
22.5801853624491,1018.5924062484894,57.0443571145766,0,1000,0
22.189204566518825,1012.5397042525728,56.72381248037982,0,1000,0
26.62392704452784,1014.443922962662,53.24540017846384,0,1000,0
24.207567865378746,1011.7119966518712,72.33172044544894,0,1000,0
22.18980823022476,1011.4178257419348,63.21282637145114,0,1000,0
26.631078629034903,1009.211164106462,56.08884649150002,0,1000,0
25.03366877372973,1008.529099363858,54.21336071114207,0,1000,0
24.928894039025707,1018.4716998937286,66.25912647289238,0,1000,0
25.94897121320383,1011.4034131382814,61.81709577772851,0,1000,0
25.85781530142233,1006.2613712987747,60.0610961304128,0,1000,0
25.79275870286947,1015.7257140385556,53.6717111514088,0,1000,0
27.84643134948396,1015.4755930528016,63.080053875591126,0,1000,0
23.608367363299028,1004.1969338551036,54.137243586912,0,1000,0
26.127885962217533,1019.6089710292098,61.09450131818483,0,1000,0
26.27712540096309,1014.5239491025192,60.07922446846232,0,1000,0
24.505286473212998,1009.1165974388904,60.07786180585572,0,1000,0
24.594484985551052,1004.8396521866276,56.99573159854812,0,1000,0
20.901313591270217,1017.3745413327196,52.570966397021486,0,1000,0
23.30519863956897,1012.1903416734292,57.426728041151485,0,1000,0
25.166908742811465,1010.717875715155,57.96938893464974,0,1000,0
26.32175080964671,1009.4117746980088,60.43425702274807,0,1000,0
25.681550965260318,1012.0868670308762,63.14101039513742,0,1000,0
24.659245534059323,1003.8488812080788,59.29791335150245,0,1000,0
25.8339815072312,1011.3359330226164,58.81896416319934,0,1000,0
25.820223982563665,1015.0104329913834,63.90096687418503,0,1000,0
24.323940922110648,1016.3074156436168,56.7491740352336,0,1000,0
28.098479769594377,1007.9756252329108,55.71406242338234,0,1000,0
25.171220338367757,1006.2818065668282,64.7319755165646,0,1000,0
23.312809466966154,1010.2705264959322,60.123268614818535,0,1000,0
22.65913818258176,1013.0014857369194,55.65395725602068,0,1000,0
28.150836159431027,1008.8795183517092,55.921931443876645,0,1000,0
23.344618671730807,1004.9545531568622,58.32371569924896,0,1000,0
25.339289702040933,1019.5186868768484,61.11051358204343,0,1000,0
24.888887719181053,1012.6784502072272,53.97145570571078,0,1000,0
24.13560996686173,1021.4505537256316,66.75910883500264,0,1000,0
26.126904074715,1011.5504232774618,61.91833701091314,0,1000,0
25.089898185967645,1019.7078776706492,61.360892187512384,0,1000,0
27.15943419571998,1015.9437572991912,64.26776158656335,0,1000,0
22.779980098747014,1020.2901252835884,57.94789888786299,0,1000,0
24.38940836479249,1011.9542127451534,59.27869686272712,0,1000,0
25.36807471465031,1013.7726403816916,54.992096327871536,0,1000,0
27.028608990997164,1013.6210301770196,66.2456359273073,0,1000,0
26.73877245898089,1014.990629272365,59.00783347318588,0,1000,0
23.501951104020296,1016.1261737848214,58.81013835164188,0,1000,0
27.335021416980563,1013.449019845985,52.152272803814405,0,1000,0
24.49698001820846,1009.276460377852,59.819165171705926,0,1000,0
25.77997955575924,1009.1538755872572,62.64646467097107,0,1000,0
24.403731507141917,1009.055507236351,59.85183607751969,0,1000,0
26.720908288836583,1007.2069989464566,54.86864944497084,0,1000,0
24.80481949557518,1022.1572452496218,64.97532748061667,0,1000,0
24.684406055711666,1013.8848116299828,69.6029246360184,0,1000,0
25.48967035427428,1006.5373483865023,56.3256085801187,0,1000,0
28.931279830653597,1013.9864502983652,66.43771169501412,0,1000,0
27.22938543116256,1014.8763744023898,63.66343997343496,0,1000,0
21.97448171159243,1012.4778018201266,60.45986469534069,0,1000,0
27.17535536215057,1016.6337834330852,52.63200976382618,0,1000,0
25.726075754605777,1019.936925953579,58.35636843440162,0,1000,0
25.56098025033928,1015.2453629307848,61.57817543370267,0,1000,0
24.618099286808963,1009.8954855493172,61.067636396292734,0,1000,0
23.83316650542819,1011.7259447444144,64.16535244857641,0,1000,0
26.092823044933,1014.1400305277616,56.21477218701647,0,1000,0
26.3943114260722,1010.8516112642964,68.1294970097603,0,1000,0
25.870276836780278,1014.101805910046,52.85279448184917,0,1000,0
26.295598141912038,1015.7672149229614,60.04957429309738,0,1000,0
22.030655814201467,1012.14902317832,54.1251858802754,0,1000,0
21.927414255182637,1004.9467623951772,52.27042525218552,0,1000,0
26.1477082293913,1018.7750643947252,63.434391754856094,0,1000,0
23.75503541732725,1014.6220960058848,62.16296762107683,0,1000,0
26.39007837122877,1017.8433348194018,64.15231084033816,0,1000,0
22.972496434937877,1019.094817029296,55.76140469492146,0,1000,0
26.677915423639107,1012.8872889783931,59.2367263089477,0,1000,0
26.71623109480105,1016.4730023232268,59.314354227304776,0,1000,0
26.78746169939862,1016.0851495546128,67.8931555296414,0,1000,0
21.96036515396612,1010.8687724753854,57.253792558385854,0,1000,0
28.122885471980045,1012.4901814195016,57.40649089810898,0,1000,0
24.934176816924182,1003.9060543023596,61.48878251594821,0,1000,0
22.51710537889441,1012.9960474657393,65.05147924385003,0,1000,0
24.686141150704536,1016.739043641737,65.29056353752566,0,1000,0
24.7934009462135,1011.035740599994,56.613883144275285,0,1000,0
23.69059308158304,1005.9669129479912,53.31394168732131,0,1000,0
26.389390975233717,1022.1922432609044,54.57015903194286,0,1000,0
22.525338544835904,1018.4474396307696,57.28592971639753,0,1000,0
21.20247072076313,1014.8928760705676,61.84170243843647,0,1000,0
26.689178735939333,1015.1426902746078,62.28522138583284,0,1000,0
25.47950274343241,1015.7532828272344,58.67574993864678,0,1000,0
25.11550676414017,1018.8165770357944,65.56520372112136,0,1000,0
24.96139838266965,1011.5500512876032,61.93271040304011,0,1000,0
26.436306244770915,1017.9695136883474,52.78170733543809,0,1000,0
24.42795672477508,1011.6304900805336,56.23331367682115,0,1000,0
26.032578564196328,1010.1176010939104,66.26919424672278,0,1000,0
23.46171336909263,1015.8815090059118,53.8132806856514,0,1000,0
23.23642087224794,1009.1302524200732,54.23757696334449,0,1000,0
21.603922339812705,1004.8651579084344,54.1384600602074,0,1000,0
24.49727029244326,1017.4446768895704,62.35135457149262,0,1000,0
27.667749674256847,1007.45357951121,57.763576954752665,0,1000,0
23.705990706645263,1006.80402275365,58.12283692071926,0,1000,0
29.06490918890262,1012.9004940171884,61.095630384531255,0,1000,0
26.375869945516342,1017.0801563432686,59.97566114977562,0,1000,0
27.403427731709822,1008.6636006584056,61.826269765930405,0,1000,0
23.826655024305463,1007.7696885370108,56.85421404117893,0,1000,0
26.67143329207011,1011.8714780241992,54.26184465179707,0,1000,0
22.60089264145588,1012.8089017520718,62.10802534303954,0,1000,0
26.85535371290604,1009.9643404513744,60.01249980038431,0,1000,0
23.734728334861263,1022.6976865080932,58.50273943335832,0,1000,0
25.982668675459347,1010.9218254484122,52.06737812528099,0,1000,0
24.7690193894261,1011.9090958559362,59.48056099763038,0,1000,0
27.923318366573,1025.8304112333162,61.20697538579511,0,1000,0
22.22001018238046,1017.948076530374,57.31778408125517,0,1000,0
26.8298225453632,1016.471443825112,59.78971236531135,0,1000,0
23.89304675794571,1016.1805065539356,59.841987144506064,0,1000,0
24.06042756287109,1010.931352556649,55.557069995864,0,1000,0
23.695850720893795,1012.7791922797928,66.95250930595095,0,1000,0
26.786836165771145,1012.6807731066792,57.30418790016389,0,1000,0
24.58374014447115,1009.5664822294927,62.43478033455328,0,1000,0
23.929116081519236,1011.559413282788,74.53683408102754,0,1000,0
25.421924104909543,1013.909998729761,53.60183779832926,0,1000,0
24.435109356010503,1015.0909960973976,58.81180950574278,0,1000,0
25.58620276812639,1009.0809616201684,60.12766684862181,0,1000,0
24.495736207192767,1011.0551999608872,59.06635843843095,0,1000,0
21.80819812827397,1017.7070280959462,65.1790826896413,0,1000,0
25.07960511639786,1020.5783497634854,66.42236128766287,0,1000,0
22.547345397381296,1015.20573457552,61.8987055234938,0,1000,0
25.42679979389497,1017.9272581410404,56.32453883453928,0,1000,0
23.22775054724722,1019.6948871193248,57.31300732852291,0,1000,0
25.846009616452267,1013.5804166353142,64.75737661507664,0,1000,0
26.71558067978203,1013.286753236772,59.91381994871556,0,1000,0
26.21166351490732,1010.3733108171244,61.76270785663191,0,1000,0
26.65164430163673,1014.4106670039272,57.53733214686965,0,1000,0
26.699411799345683,1020.054314645278,68.09363375733803,0,1000,0
26.75039289934261,1014.9825741461816,59.059316041152826,0,1000,0
27.941601340794215,1011.3598326327976,56.53535676549823,0,1000,0
24.895020252006272,1012.9402585465548,53.15935026219477,0,1000,0
25.85824870822286,1018.5572750810549,58.913488968525854,0,1000,0
23.37458940795616,1013.3944173454069,63.139359634993085,0,1000,0
28.02464176781853,1011.1269035363335,58.924468553666834,0,1000,0
23.058232919824643,1022.3838208293346,52.45658062057586,0,1000,0
27.027979563693098,1015.6852905637847,61.43416588349537,0,1000,0
23.906191914141612,1014.1460503476858,57.92221454266959,0,1000,0
23.26759505135985,1010.7560215410518,64.5835532165312,0,1000,0
25.909875912386344,1002.97523623036,58.12580440359596,0,1000,0
29.346586908333755,1012.4618475582693,61.40075615797179,0,1000,0
27.06096669365353,1008.555871624384,55.68022150035523,0,1000,0
28.153744424809723,1007.1114372663044,60.546794797806925,0,1000,0
26.20043516993389,1016.5886882604702,64.05822459489053,0,1000,0
26.2450118144772,1019.4044866953624,63.312197780381695,0,1000,0
25.248502349877217,1007.8881018064856,65.13064846189927,0,1000,0
23.227192469718855,1019.2626579787096,62.53331555499433,0,1000,0
27.997396452940244,1011.9122210681936,72.39380441172926,0,1000,0
25.88742913915039,1004.121567051532,59.57431410303037,0,1000,0
23.44666391581385,1012.7776798874752,64.07703028252656,0,1000,0
23.90696577817487,1011.5525631452634,63.33034584784489,0,1000,0
21.732202730258624,1013.2208447874028,54.02742096683475,0,1000,0
27.38249521919424,1022.0148503135796,59.08239960010816,0,1000,0
28.18480770984782,1013.3373027050918,65.9005823728165,0,1000,0
29.308295516408485,1025.586447894346,60.84869009377098,0,1000,0
25.074397436500348,1014.3316013724794,62.90914939855077,0,1000,0
24.66990019590377,1013.8402480495788,65.17055745346225,0,1000,0
29.96660819027546,1012.0094569758425,65.24449258702452,0,1000,0
26.926927291466264,1015.4847521802426,63.05308294995666,0,1000,0
26.47180928535996,1011.5691041467912,58.35642274736217,0,1000,0
23.86518708108752,1011.9457442087656,57.30643498836947,0,1000,0
22.58179017411099,1013.9199735276152,63.84255926446587,0,1000,0
26.1040768428692,1020.1088477458766,68.5314984452845,0,1000,0
23.98723577195137,1017.5058223923614,63.07799332186835,0,1000,0
27.66212880978389,1018.0366482812904,58.43253655042991,0,1000,0
24.6591666972186,1009.8130700582714,60.98058533869019,0,1000,0
25.95426309527926,1013.0101839401516,64.25126947478151,0,1000,0
26.17832950231682,1016.4925994565268,57.84721206837523,0,1000,0
27.300447896504032,1018.5226096474926,59.01795950349891,0,1000,0
25.7378781650562,1006.353944535886,64.03483111314233,0,1000,0
21.600812975634884,1018.1014913958014,65.41793453201666,0,1000,0
24.105235306143378,1008.9591176068192,65.0324033326827,0,1000,0
25.56109702368381,1016.142362514776,54.31559799169168,0,1000,0
22.21097781943492,1009.6845133773478,61.606421451342825,0,1000,0
24.54530415466829,1015.5995737574384,55.50491489479917,0,1000,0
23.418861345530136,1009.6485870224296,62.23794637789722,0,1000,0
25.54549793454333,1010.2433715575332,57.51938331754816,0,1000,0
25.591909582351043,1013.663116000434,59.62541650010956,0,1000,0
25.89624422692407,1010.401834114204,53.573883014758096,0,1000,0
27.909943773772163,1017.4203327232528,52.90258065249329,0,1000,0
22.514465568872826,1011.504871469914,60.62889410054754,0,1000,0
24.336982648988663,1019.8644300289474,68.09185463875387,0,1000,0
23.976929527558276,1011.504596165992,62.05985048039063,0,1000,0
26.51080651398872,1018.149722266024,59.22425377296336,0,1000,0
25.41339383339077,1009.9347150303008,58.29470142426153,0,1000,0
22.860704286008158,1007.5110321492316,61.893749888949785,0,1000,0
23.730846196463364,1024.030139979554,66.41937697937071,0,1000,0
29.616885480249294,1006.1844971495624,55.05500076503894,0,1000,0
29.559818627069223,1012.0783382230142,57.29968455627043,0,1000,0
21.419024631564305,1017.8734169433424,53.02353469338118,0,1000,0
22.49816798066522,1010.8883392217564,58.377977137697954,0,1000,0
26.059488305253403,1019.466307965631,58.32849795608254,0,1000,0
24.241765181974756,1011.7909418306554,57.99090547550547,0,1000,0
25.256231536415854,1014.1167617849052,60.25699914066398,0,1000,0
24.537144776738188,1012.8710347619888,55.7216722401309,0,1000,0
25.230642896916383,1012.239699422573,58.21385991616274,0,1000,0
23.310628210673045,1023.4435337074516,64.51002328092063,0,1000,0
23.710565763698696,1020.5967898686376,54.3670432779227,0,1000,0
24.34647513757692,1014.2292276801952,61.00189251996358,0,1000,0
24.662257005569096,1018.4495494787128,65.55349373574235,0,1000,0
20.46742008315628,1010.38473498006,59.689179184691966,0,1000,0
27.357110220037864,1012.9861133979956,63.83200667211932,0,1000,0
25.796007403421036,1016.0785323828394,58.752715770216085,0,1000,0
27.30445453538479,1014.0268620055136,52.36300384274424,0,1000,0
23.996235551059787,1013.4563042765344,48.92797103774865,0,1000,0
26.55538397621112,1008.2591335719025,59.7610589018442,0,1000,0
22.089245356545888,1019.6135510651018,50.82089925327007,0,1000,0
24.5629551370729,1009.6416969309208,58.72913020940854,0,1000,0
20.644016242693443,1013.9251786753152,62.85427190554898,0,1000,0
23.788092932725952,1007.942510246436,55.73082490271711,0,1000,0
26.642590314455003,1019.6103078387116,56.7384848521952,0,1000,0
27.080068663566426,1005.461296056576,63.338880609061945,0,1000,0
25.276560848915324,1017.34327617059,55.360259308441314,0,1000,0
24.85589578846002,1012.1031746692336,63.27056412993362,0,1000,0
24.802036439467887,1013.3963825391436,60.90432235967392,0,1000,0
23.58677225456209,1012.7402215305904,52.16799231810442,0,1000,0
26.057764486476746,1021.7855479247036,71.57043961739951,0,1000,0
22.634000592643076,1019.8285901598016,64.54319011290583,0,1000,0
25.64034350608589,1016.1335697453444,64.48827911833757,0,1000,0
29.814542610379643,1017.8066837504584,66.78188020859743,0,1000,0
26.29234508719754,1016.544115569257,59.112533807658224,0,1000,0
26.341801773978645,1004.2927508303776,60.87234901978205,0,1000,0
23.071590255147637,1016.8293706118365,63.571125569245794,0,1000,0
25.13235900326209,1016.7157334633424,54.13501785385856,0,1000,0
22.340422794079075,1015.7986304553818,53.32321307527472,0,1000,0
22.55917680006125,1005.7659292010704,62.42447310433755,0,1000,0
21.59893097806493,1020.8002079918584,58.46074680754108,0,1000,0
25.109215590138916,1017.9058897232602,61.04346968722388,0,1000,0
26.81198157757384,1008.1958948120345,65.02908463222855,0,1000,0
27.092594640545634,1020.8479661112618,63.5460200635936,0,1000,0
24.72342168469646,1015.6279492886551,61.903368631315765,0,1000,0
25.19854449285737,1018.4857433685733,64.47384478798665,0,1000,0
24.22128800887955,1016.067730137078,65.16908527547054,0,1000,0
20.32645941359231,1010.1831978823508,57.86631806840296,0,1000,0
25.90130710649549,1014.4656185188992,72.25482716967295,0,1000,0
27.48825250396236,1015.5613306516404,60.28593148639727,0,1000,0
20.237660921386187,1003.249101729711,59.83010365080114,0,1000,0
24.323027611412847,1011.5856756792136,62.46833546299971,0,1000,0
28.710426396756077,1005.8801770846208,50.95738004040749,0,1000,0
28.3136713798155,1017.377337898044,59.427596609538114,0,1000,0
24.75149366401973,1017.2604622849144,62.018228873377446,0,1000,0
25.935011691244103,1013.3959577511836,64.06332498055056,0,1000,0
22.414167649300808,1014.4589030173964,57.09489747473408,0,1000,0
25.01947229782613,1009.329052049055,56.11479532207476,0,1000,0
29.17301043844034,1015.3283922803986,57.08330282949092,0,1000,0
26.359971585965088,1015.5840812292566,59.19563687399105,0,1000,0
26.01873075699973,1011.1958033278422,56.782128383022005,0,1000,0
23.00509684667642,1019.2891840118097,62.73042676181223,0,1000,0
25.926605592850585,1007.3475305979556,68.92980023331496,0,1000,0
25.81054929662421,1015.8471450213776,54.543201786933096,0,1000,0
22.20158168313464,1015.4826754123916,63.75116208653274,0,1000,0
24.767548961512333,1012.9442969510352,67.60670211428334,0,1000,0
24.992403369819357,1013.5623922489152,63.16274114972532,0,1000,0
23.56963102193108,1013.567962065218,63.417915204602366,0,1000,0
22.49234767077688,1011.002166156814,57.6481049251105,0,1000,0
25.118901167028504,1007.2119127483472,60.76449642249744,0,1000,0
24.473078400914343,1009.9606357428067,71.10848650499118,0,1000,0
24.73734440422699,1014.2972522525796,58.19485804021163,0,1000,0
25.559213935349547,1008.912712087816,54.596866662955286,0,1000,0
26.03607908723192,1022.9859022751496,58.3575174647784,0,1000,0
22.03081037665132,1012.8225424980628,53.62688805313007,0,1000,0
26.742068859548837,1016.64142016279,60.27228462174276,0,1000,0
25.022191079598308,1014.2856644207172,63.26797797334967,0,1000,0
24.96742277182833,1020.676757356121,63.23545912142878,0,1000,0
24.527996581611536,1011.2207828951592,63.67304362968102,0,1000,0
24.79744244994785,1020.1222660885156,59.66454706990113,0,1000,0
28.677217231184628,1013.263787575778,63.994804920397776,0,1000,0
28.68765772063857,1012.0176361767744,67.40008414393924,0,1000,0
26.06961820560897,1017.1103851530632,63.5338262180244,0,1000,0
24.992568353395026,1023.1784663847594,55.88029828029617,0,1000,0
24.187823011290348,1012.3632480264514,64.3063702116836,0,1000,0
24.96881867124312,1019.8499119820776,61.97882732434474,0,1000,0
23.948804532120377,1019.5948662513032,58.11161986427656,0,1000,0
24.4936488974888,1009.3069235904557,64.37890746031984,0,1000,0
20.93396902100004,1002.6667505643512,55.40787227082894,0,1000,0
25.986574932420712,1017.775092494386,51.925457272736736,0,1000,0
25.645812853008277,1015.626737920982,50.93904096788299,0,1000,0
24.80926722073399,1023.8696178574592,61.41367848227593,0,1000,0
25.018245167426947,1013.4914386661784,59.73917203371475,0,1000,0
25.33633279214388,1014.741401974791,66.21235481663572,0,1000,0
25.092109025027572,1008.195298054286,59.02295725841507,0,1000,0
24.454252957194385,1013.8281962890132,69.023238335504,0,1000,0
30.54539275327256,1015.9043266237528,59.98268348079445,0,1000,0
26.26333426752081,1012.7911682178188,64.55261465723646,0,1000,0
26.077226635903838,1008.825102900493,60.00077982358419,0,1000,0
26.13284601691079,1007.9219241968406,57.44936455220137,0,1000,0
24.02234294378553,1014.6607523977872,64.66849700512319,0,1000,0
24.477315770101644,1005.3250912014915,66.79488458514278,0,1000,0
27.015218072305743,1016.0320344353584,61.30291317677151,0,1000,0
27.30088537785416,1013.460171830439,60.70822710546371,0,1000,0
26.026230681488624,1013.073420062354,69.48460979500426,0,1000,0
22.650441235065937,1018.0065086669086,59.97898954119273,0,1000,0
26.792248864415058,1014.377351286744,58.29998532624143,0,1000,0
23.17693008101799,1002.9067132666196,53.88422490763387,0,1000,0
23.075130186152045,1016.9284598828262,58.48315664065012,0,1000,0
26.432006217443483,1014.3086627451931,65.20724150984248,0,1000,0
23.81621483185233,1018.4813110596024,56.69436928093192,0,1000,0
25.92992654984257,1015.9657131556644,63.32969374921577,0,1000,0
25.111674046762037,1024.7302715901928,62.23388282860439,0,1000,0
25.97241965242577,1017.6081500487808,66.33454242221339,0,1000,0
26.233880294236734,1011.1157462329026,56.35386717090815,0,1000,0
26.124876997434527,1009.4086161064108,53.1022230680984,0,1000,0
25.781255248694787,1019.4648671218416,51.52106310892153,0,1000,0
24.081094893767087,1017.1338294180885,67.2031548377896,0,1000,0
24.41289376826208,1023.2219509906516,58.54214826966116,0,1000,0
27.35698228012612,1002.5114849974937,56.16358547629586,0,1000,0
28.254274077930628,1009.289336086618,60.2753964844032,0,1000,0
22.82276521624396,1010.202777956471,62.16305471176765,0,1000,0
22.35344288006077,1030.8165860260474,67.44457111578149,0,1000,0
26.906259185777525,1017.6910104010304,62.03872418528037,0,1000,0
25.402423603323435,1007.1532158980666,62.74012796982291,0,1000,0
24.745085119411343,1014.4439638078882,60.96991798484387,0,1000,0
24.274299132786744,1008.7602263232336,51.58576024232063,0,1000,0
30.09614487856287,1022.31056985328,58.78806322593349,0,1000,0
24.17035568662408,1006.1090516777762,57.45249773092768,0,1000,0
21.536576251306183,1015.3521629368006,56.91334454751929,0,1000,0
25.746558105670747,1007.1028425575324,57.17427697132729,0,1000,0
25.49167105246036,1018.1619493586218,66.86534258584693,0,1000,0
28.123164548882485,1020.3257778571178,56.02371858502504,0,1000,0
28.910430786817745,1013.0324875340816,65.91858082587402,0,1000,0
23.87795538833678,1011.5143788990983,68.88475191193255,0,1000,0
23.481847699455205,1015.6617567820092,54.97767674368904,0,1000,0
24.85169458225992,1014.0030370585064,71.96847133247269,0,1000,0
24.76633486891635,1014.5042171745588,60.41920119391606,0,1000,0
23.630452121514317,1011.3299058648616,58.639491781868,0,1000,0
25.546114462690166,1012.8404360903836,54.37531342296033,0,1000,0
24.87051724588456,1011.6797914380336,73.68248889538037,0,1000,0
27.748607904623697,1013.7864945495484,65.30766642816225,0,1000,0
25.918080706414997,1011.364569873904,59.16467500796693,0,1000,0
27.21290153560795,1017.247161162609,67.0758643990079,0,1000,0
25.164592441099117,1012.6215320619496,58.9714756646099,0,1000,0
27.113596055444248,1009.951015822747,63.81359825484658,0,1000,0
26.64057164028507,1014.867775819872,60.47614661142797,0,1000,0
25.053654992686944,1007.217308277722,60.02317431591814,0,1000,0
25.09708399955201,1017.54479486461,60.06697573610464,0,1000,0
23.712249098370943,1015.4401240933972,56.00102431375952,0,1000,0
26.383871995919225,1016.3508494122578,59.1452183673714,0,1000,0
25.035200300069743,1005.6175359769668,55.37923665726738,0,1000,0
25.07962534695916,1011.9774304638752,67.28733601876401,0,1000,0
22.67488799704382,1015.5942643164758,52.05975327639856,0,1000,0
24.114271221779337,1018.6914664083412,63.85150194468521,0,1000,0
30.21080033601327,1006.2973993597868,57.30407983734388,0,1000,0
22.12923783052479,1022.8611258595272,67.43130071008108,0,1000,0
25.74401993065149,1014.3323817867328,64.4087487313948,0,1000,0
25.271673074950115,1012.2753450855124,50.61004966564248,0,1000,0
27.100314344058788,1012.0032843091088,60.14848049033488,0,1000,0
24.291376766305216,1016.4828784725752,57.03895335906613,0,1000,0
27.33553343243989,1012.9812920242118,63.36044454823384,0,1000,0
22.10701288185953,1005.1698524307868,58.630070302481215,0,1000,0
26.37760764450032,1012.2278738408728,43.48985156229681,0,1000,0
24.327723141662077,1018.0160514480106,64.45956671378917,0,1000,0
25.54890338859475,1011.8304250284174,65.22694177055276,0,1000,0
21.367882095052664,1011.9004585368984,57.24300169789026,0,1000,0
22.408887090528943,1011.2585807698264,58.04789163085746,0,1000,0
24.051325109210552,1015.4880031500672,62.94108894005932,0,1000,0
25.435836073040605,1011.4221961538392,64.91878759073786,0,1000,0
26.646100603495125,1024.2983972168083,57.97298517387278,0,1000,0
25.01894577837858,1021.700215003814,61.73979015975552,0,1000,0
23.73835054822224,1009.7707535677426,67.9296675434048,0,1000,0
25.59740283808801,1010.1794705351012,66.05200748853383,0,1000,0
24.56802044477245,1016.11283347621,59.13279720479315,0,1000,0
24.645006253787543,1019.8731719065952,50.68966898750226,0,1000,0
25.059743992109667,1012.5652270923658,59.42735198192379,0,1000,0
27.837761855043148,1016.7588939868612,65.11190044185611,0,1000,0
23.04148712712892,1017.8861737321351,59.902642105159465,0,1000,0
26.247263049302678,1007.6051195179376,58.0639230205582,0,1000,0
27.43718443949938,1016.1524274683732,53.29607051296682,0,1000,0
23.525582340510887,1004.991687750576,63.41622376915145,0,1000,0
25.35279729139749,1017.5147110200226,61.01233604845407,0,1000,0
23.77105882344335,1020.2122231576196,56.53859070117555,0,1000,0
24.753584268274853,1012.9842003426256,61.20108452049826,0,1000,0
25.97065863099484,1012.2665503194382,59.23266778491551,0,1000,0
24.463060980593077,1017.3490863566108,57.6265706500966,0,1000,0
23.97055190799453,1028.6371891388703,57.89585852629056,0,1000,0
21.478068684192035,1017.501180811026,55.22390777115757,0,1000,0
27.229839441289776,1007.6384835181852,44.75291056799997,0,1000,0
26.71911445808351,1009.2094092848636,59.23160735489863,0,1000,0
25.82094894844024,1010.5105074471752,50.77801239417989,0,1000,0
25.041993581572424,1018.7326692005807,61.27167154998123,0,1000,0
26.2515753212564,1011.8267856555514,55.89552912446264,0,1000,0
25.926452717010843,1014.730181146963,57.15541129145766,0,1000,0
26.556632833093783,1013.1940295081524,55.67554730215174,0,1000,0
22.34721278653869,1017.3242257133314,63.68710428038722,0,1000,0
22.449479726825192,1015.2973763825756,60.36927541058073,0,1000,0
25.497882273412166,1018.876531245454,48.73377994037596,0,1000,0
23.27142672366524,1013.1118706159034,67.20602701508302,0,1000,0
27.31249603525625,1011.864341085276,61.332426043916506,0,1000,0
25.342540603857124,1020.3274262714074,64.69786959409473,0,1000,0
29.151865344165422,1009.0968900973515,49.866408330571645,0,1000,0
24.454143951839576,1022.7642091373664,61.66799122898399,0,1000,0
26.1087846973948,1019.985088002634,65.40963360327174,0,1000,0
26.350710647866464,1016.3447612582584,57.2992665700231,0,1000,0
23.846158820544343,1008.8596042993604,63.14359863912343,0,1000,0
26.70397929227066,1004.0203761161875,55.1387148306782,0,1000,0
24.51663302954688,1019.5217274685532,52.57084504863998,0,1000,0
25.295996735658328,1008.2837091677198,67.60220479824639,0,1000,0
23.669320701746894,1005.8224100178944,55.93640574875807,0,1000,0
25.368570720088123,1015.7826251880372,63.3563477633818,0,1000,0
23.785190176249653,1009.4508281325122,51.678598435977705,0,1000,0
21.82347604705247,1015.4119180087476,60.61265983694013,0,1000,0
21.184198701046935,1013.1129927311677,63.76880630283219,0,1000,0
22.970248809487792,1016.1774529350968,67.37380113603629,0,1000,0
25.49232845157453,1009.8719458716612,69.01839664673832,0,1000,0
24.92435987065968,1012.1166231343974,69.20360755560522,0,1000,0
25.34440552630329,1013.3744925443932,51.10167942385143,0,1000,0
26.390949064697438,1007.8460873445885,69.95535405815323,0,1000,0
23.67223613664716,1022.2125639048136,60.70069373875527,0,1000,0
27.880351382218624,1019.4972496749522,62.71756542484921,0,1000,0
23.433845652206777,1006.6189455351438,60.50475644643662,0,1000,0
24.01758512375902,1002.7506956187912,51.72815628458358,0,1000,0
25.1830107992102,1018.124487356672,67.3540056461164,0,1000,0
26.81931970351544,1017.7009079694112,73.1406741073931,0,1000,0
24.156383153398288,1019.4802925249168,60.871851057113936,0,1000,0
24.240444542293584,1007.0242284949758,60.36764959039204,0,1000,0
24.13383842675916,1007.7302450367104,48.97760449102422,0,1000,0
26.65324437434045,1014.545419226814,52.389896695544095,0,1000,0
21.842106633601052,1006.6828634241336,47.87369704793495,0,1000,0
26.27282933941826,1010.785860833079,51.98025358082353,0,1000,0
25.47203492412499,1014.2398536386518,50.80634099470794,0,1000,0
25.02642500269585,1016.3496781803324,67.96930991060844,0,1000,0
25.393970262202096,1017.6047849309286,58.10479222330953,0,1000,0
24.900783032888015,1009.7892619966652,49.97099354303184,0,1000,0
24.845998870156954,1016.0247355878618,62.56081425602724,0,1000,0
21.966402612623057,1024.479995571999,63.105828826819646,0,1000,0
23.552642871212992,1020.6680804535816,63.48200596073658,0,1000,0
25.782139276120315,1008.7778184429152,63.39489248698527,0,1000,0
25.63897653197687,1015.2079518460222,66.29909505414452,0,1000,0
25.118927967446982,1008.5624102635284,47.79196861586025,0,1000,0
21.653446640059897,1002.509441395542,58.42727845988567,0,1000,0
24.94205437859976,1007.4782944446328,57.216664492211486,0,1000,0
22.449887736987204,1007.7626731786831,68.59964028036839,0,1000,0
23.31809463982206,1009.837221200927,65.69195964842237,0,1000,0
20.302160029979166,1022.220625525714,61.86739957442175,0,1000,0
26.83173238518189,1013.9227326874884,52.19601654864169,0,1000,0
22.332213289673756,1011.7090480787252,61.80180404172601,0,1000,0
24.98255039352693,1011.347042036824,56.21923095792444,0,1000,0
26.44831666341335,1015.7120062444726,58.29618709516616,0,1000,0
24.546697239346603,1013.7807280560947,68.74879695475599,0,1000,0
27.452802774001498,1011.6825372838172,61.03381458340339,0,1000,0
22.79177962166888,1017.0292302969108,57.94034917765825,0,1000,0
24.081212412017464,1009.6082629318048,69.37138588904355,0,1000,0
26.522064455879363,1012.1360625424804,64.58006807279416,0,1000,0
21.25660516701521,1011.749838947935,60.99833273217649,0,1000,0
28.292268206864705,1013.5478866355242,60.9231316725159,0,1000,0
23.90073582317661,1011.9575904956772,63.67027897869368,0,1000,0
25.960923517692606,1012.6771117499492,59.81770071561319,0,1000,0
26.801898361214374,1019.3015003716685,58.69379018170401,0,1000,0
24.143284806357837,1012.088909654016,71.33001839230185,0,1000,0
25.899696390360543,1003.8594740100118,60.97045143031553,0,1000,0
21.5091567849738,1017.366176057274,53.67129177590272,0,1000,0
28.395808562873,1008.0646486692156,55.69304312019007,0,1000,0
26.59849089104421,1018.11462512477,61.87239017071347,0,1000,0
23.850587870356488,1009.2398969277062,61.709924628928654,0,1000,0
23.5491322721937,1005.3313099692696,64.74004771940923,0,1000,0
25.696426422381776,1020.169529737444,56.941985413975125,0,1000,0
25.277550229446707,998.0926262533668,58.61853849271064,0,1000,0
21.54499171825688,1013.6641768933654,69.97152652068132,0,1000,0
25.891112006456517,1015.4217742099448,50.93689304269826,0,1000,0
21.838620672645984,1012.4495464373854,59.34591846078598,0,1000,0
24.375473068141428,1022.5462215941864,62.839181993738464,0,1000,0
25.318447246318545,1020.8791852009764,69.0228917660925,0,1000,0
22.967024420332034,1015.387605513409,64.33854228917733,0,1000,0
24.194454315728965,1008.3976058186428,57.06514448228011,0,1000,0
24.66929019219719,1009.6756268605078,60.42292138400781,0,1000,0
29.13164706014861,1015.5460148921304,58.97611400295223,0,1000,0
25.169850361559263,1017.5308174438136,54.26678165096539,0,1000,0
24.010501867457343,1010.4641705154164,66.88288723389293,0,1000,0
23.693900392413745,1018.324136625566,58.235036622881054,0,1000,0
23.3535174902946,1020.2709089700744,63.3425640959912,0,1000,0
25.481448002797624,1005.9151851599968,56.43065733672675,0,1000,0
24.779731109967397,1004.5498747398276,54.589305592206415,0,1000,0
26.229544052155404,1007.0474236934188,57.65618392182471,0,1000,0
25.788475065363667,1005.0248944455868,59.81298082633695,0,1000,0
25.68352684806387,1010.2675935355828,54.70775371612089,0,1000,0
27.33179231657285,1014.6407231775391,64.31663906909883,0,1000,0
22.320873965973387,1008.8919008625128,63.835033759817534,0,1000,0
24.723370986424356,1011.5360079886292,66.48146951010061,0,1000,0
24.756093082781867,1017.4975362641866,62.69287558703728,0,1000,0
24.860154793772693,1019.0335796631448,64.8128986865852,0,1000,0
25.421169890947187,1008.5599785930376,66.30684415640636,0,1000,0
26.02781681475566,1006.9569800021908,57.63785058392961,0,1000,0
26.46170254408945,1015.3279476147555,55.72823512935496,0,1000,0
25.395581696564097,1015.931832111814,59.50357891768186,0,1000,0
27.009427778175443,1014.9574405241008,63.256089645398944,0,1000,0
26.51942308146613,1014.5510594838456,60.7041453119045,0,1000,0
25.69229835227651,1016.1142055020968,62.34461153112419,0,1000,0
24.406107650837136,1012.646357828971,65.85119449194453,0,1000,0
27.26572078037901,1015.3706266276744,64.89224676716567,0,1000,0
19.79159353045306,1018.969777229895,61.495290514384834,0,1000,0
27.77310676895605,1017.0355773848974,53.58997180620656,0,1000,0
23.747760950615817,1012.188765194885,64.00090815137132,0,1000,0
26.683936734734395,1017.257716319064,55.638407839620825,0,1000,0
24.018868672244515,1007.955044960518,65.63818873466813,0,1000,0
28.550177541410388,1011.3334311825924,67.63086883647306,0,1000,0
26.07587317538841,1011.6685482328232,50.985681681998415,0,1000,0
26.329786306892736,1015.7416245402748,59.271157501281074,0,1000,0
20.643187916648657,1018.6833403389654,67.73377790607407,0,1000,0
23.22827024292997,1017.3272525790402,61.762570848853805,0,1000,0
22.17323851307736,1011.8874256012964,63.92140755337501,0,1000,0
20.87465570102714,1023.6566906558504,58.97989292683982,0,1000,0
23.95831809002052,1011.7925977940488,59.63587115708157,0,1000,0
27.822083051976904,1009.3430551753784,61.3519913748117,0,1000,0
29.38229552466637,1007.8900480038265,57.988158335668174,0,1000,0
26.477734540033005,1012.584873203417,63.34130621954274,0,1000,0
26.783935232186224,1009.1577038018598,56.88999956091051,0,1000,0
27.14451292155912,1003.603043362488,62.51261608937543,0,1000,0
23.787242029378056,1012.1528630497536,60.82994345244897,0,1000,0
25.84567005625908,1014.7321951258876,58.12746782814539,0,1000,0
23.03084950603754,1014.9924762509978,68.92260559957796,0,1000,0
26.937505869478372,1009.9813251215586,60.52432402769493,0,1000,0
23.149399082580253,1027.7913193407812,61.5476454181928,0,1000,0
23.297317015525493,1009.3341677325768,63.59262790994397,0,1000,0
22.73310170723146,1009.0144894425374,58.10535446923217,0,1000,0
25.899526982581573,1010.2779420979058,52.03491791949688,0,1000,0
25.77735420633055,1013.1804681332932,58.97116400167128,0,1000,0
26.877993192668274,1012.3915212524058,60.101087461107575,0,1000,0
24.35826738211557,1015.7429437909664,48.042900930132326,0,1000,0
24.63008609959284,1011.7867358623814,57.30542429248059,0,1000,0
27.579704391448495,1006.619764941564,53.60600796208945,0,1000,0
26.181144186078203,1015.822188665166,54.80585297384015,0,1000,0
26.62554072186348,1012.847607906728,58.446611308663854,0,1000,0
24.94874895668976,1007.8705399407892,60.78430160998066,0,1000,0
30.661285604930995,1010.2296844228016,60.633648659438336,0,1000,0
24.377685072546832,1018.481118901647,63.54750573335891,0,1000,0
27.31699625505429,1016.2393055458208,59.16355517377103,0,1000,0
26.127255790510663,1019.1114630200684,62.90334798959174,0,1000,0
21.31203666103353,1014.8221347455902,64.36752177280812,0,1000,0
21.999222880523966,1015.5023766312144,54.52445117423781,0,1000,0
24.7349510684772,1010.698149227836,61.324364349066016,0,1000,0
25.082167082779808,1015.5361077424648,66.64223964039793,0,1000,0
24.293906810660687,1010.1535275948185,57.21141975574184,0,1000,0
27.08309549576246,1009.5519658167084,52.9532844853582,0,1000,0
23.972519107824272,1011.0747627054016,58.0998211125935,0,1000,0
19.947904928843617,1016.3875761545568,57.28462747653868,0,1000,0
26.055705537146263,1018.0537299361268,55.52654643144551,0,1000,0
24.40441020823724,1011.649395352072,63.459367926393256,0,1000,0
23.240675642331045,1012.7945458653256,57.88160435064454,0,1000,0
27.383863157789484,1012.0153141087848,64.50991158590412,0,1000,0
20.494298249967336,1009.6443298772654,58.1145301951244,0,1000,0
23.261649633705275,1014.9533598856724,51.31207579506709,0,1000,0
25.46875891228412,1013.3542496868954,53.8675302020995,0,1000,0
23.8353203651304,1023.9952201696644,60.61991282352021,0,1000,0
29.21742904220823,1014.0247711896212,56.46518543729424,0,1000,0
24.14908083294572,1003.0712135835948,58.63350522359805,0,1000,0
26.81722078678279,1010.1333003089288,55.24886833093174,0,1000,0
24.76958129302121,1010.7216245036356,58.73432685782917,0,1000,0
25.695645919263143,1018.346787900982,60.11152908952742,0,1000,0
24.553233921303395,1002.8909271727164,66.92399720376869,0,1000,0
25.921282722065808,1016.8445012742988,64.43430144092062,0,1000,0
27.08614873317256,1009.3805597494144,59.33307924409502,0,1000,0
24.4031761648026,1012.039489658716,54.744866236615415,0,1000,0
24.691393129385727,1019.4439074530934,59.6413715444889,0,1000,0
27.99070349342114,1005.5264727570822,67.04281706508465,0,1000,0
24.94277772756862,1014.3874890524164,54.48453103268629,0,1000,0
27.94854085199048,1014.9444047397864,60.84072222685579,0,1000,0
22.5083660792202,1019.9749902831286,61.865276085901584,0,1000,0
26.039807399243102,1010.8194249043646,65.49728793237867,0,1000,0
22.07232338316237,1011.2293814772496,66.10450804122635,0,1000,0
25.4662506074168,1012.3336342301008,53.64057245944779,0,1000,0
26.1800167235916,1014.2844206786752,55.58586282255779,0,1000,0
24.324274072703,1009.5323597782992,59.94547693157416,0,1000,0
23.5044294386278,1006.2770557961604,59.883453801344125,0,1000,0
25.430208413118777,1019.7727370038656,61.39870209724637,0,1000,0
25.843138077512712,1017.3498681271016,69.85517262194473,0,1000,0
21.797576250396755,1007.9013144168404,64.74324514483025,0,1000,0
23.966933623787764,1011.7246706826932,58.57524733245049,0,1000,0
24.73438166078983,1008.7538529401515,55.37035213338739,0,1000,0
22.55818674202802,1011.7372804965823,55.15537251121288,0,1000,0
24.298906293715174,1009.4400277505824,54.5405275212637,0,1000,0
26.954087614049453,1007.295082716128,51.043130620647815,0,1000,0
24.49709665693524,1014.9858501278468,56.63739165237635,0,1000,0
27.61069891855085,1008.249246556024,56.87666012562151,0,1000,0
26.029184050945236,1017.2314156068528,64.99997890042438,0,1000,0
27.716025264187365,1012.2656698568682,69.21090172830834,0,1000,0
26.00072671337963,1014.2723630915988,53.270738982459335,0,1000,0
24.908209308777103,1015.8407862868108,60.02030522176659,0,1000,0
24.082471238961,1014.847804681391,62.4853398097922,0,1000,0
21.67609130253077,1014.9899422808486,59.073995983336346,0,1000,0
22.16681490749497,1012.5852490821928,58.64656250893727,0,1000,0
23.398437419077595,1007.4391675457042,58.47140762718588,0,1000,0
26.27735013512937,1010.7284464247653,58.92971293513608,0,1000,0
24.90156310458825,1012.5550876993552,61.72829508038171,0,1000,0
25.93360994656193,1011.1933095312304,60.661351923487366,0,1000,0
27.271909578452806,1011.980790594276,53.5690282480638,0,1000,0
22.151849224598003,1015.6778864994968,60.62548844705513,0,1000,0
29.01321192848655,1013.585819919656,52.53921045664847,0,1000,0
24.366838703335,1010.5588841342282,62.74788694674562,0,1000,0
26.23164285660941,1008.1782545922676,56.10993975366986,0,1000,0
23.253200210688075,1020.8898051698316,55.16190065489258,0,1000,0
22.5486945536691,1015.2309723121626,58.98539398281257,0,1000,0
29.123108399943806,1004.886667189724,54.28039738070483,0,1000,0
26.236236071672696,1018.0729875371974,57.53598110511173,0,1000,0
27.85916331758609,1024.811437434664,53.65969887648179,0,1000,0
22.92266532857721,1011.1408253647528,60.94171613943733,0,1000,0
22.766020085561,1013.1250384356648,59.06186187281087,0,1000,0
21.813708551898536,1011.4483864481429,57.782672213176205,0,1000,0
25.891730520701334,1001.4905285129026,57.01549131860428,0,1000,0
20.935545380069843,1011.2018970112262,59.6980803284823,0,1000,0
25.68279284935849,1021.1479682742804,68.32523795879376,0,1000,0
26.811493825155303,1011.4258057992396,51.47450756345158,0,1000,0
24.14854853900028,1011.876441822456,55.08127403360975,0,1000,0
22.96349370976771,1009.4462490970714,63.406819587098205,0,1000,0
24.08245663981073,1009.6754039488364,62.08126713169932,0,1000,0
22.475240890771094,1008.9360819270864,65.92839997454402,0,1000,0
24.708080561553423,1017.8910655462116,61.31934178824755,0,1000,0
23.27208714870884,1016.438519337704,61.31860919907051,0,1000,0
26.9126890572661,1012.7631017522592,68.89143135898767,0,1000,0
23.292125779552684,1014.0294875276546,56.76505060294945,0,1000,0
25.63235164828048,1011.218517640635,60.49756273812764,0,1000,0
25.845106601824064,1019.03084651013,65.75633406842854,0,1000,0
23.512566013758587,1014.4704347371504,54.55449881571612,0,1000,0
24.900521131180795,1011.266471148722,66.11395873539,0,1000,0
22.34163616429053,1015.1467249157056,55.1948448658779,0,1000,0
25.57195640921445,1006.9982986645704,51.97257411632641,0,1000,0
29.151323677971604,1005.1492894655876,59.02757561190938,0,1000,0
23.23344358728332,1010.3290111915088,57.95925752827988,0,1000,0
25.750036842797293,1011.0206062653804,58.75274540100524,0,1000,0
26.39885912565028,1015.1427412359516,63.4536367472205,0,1000,0
23.914933146914745,1009.1920335264372,51.771932648033385,0,1000,0
25.887996653201668,1023.2613474709098,56.46960606577411,0,1000,0
22.25087457738232,1000.380871226824,60.715539257832354,0,1000,0
22.29986903930521,1015.9783828466104,60.94040172011852,0,1000,0
27.305913195560528,1012.1418331653182,69.40284999883421,0,1000,0
28.369730181918506,1018.3363461490618,61.272308701679705,0,1000,0
25.686396670460795,1011.011625861408,56.12048668567705,0,1000,0
25.645999249939432,1013.8009204484777,63.49776104046775,0,1000,0
22.69827972520396,1016.3656270157344,64.3258316930968,0,1000,0
22.197554373777088,1020.0406865505834,53.30604997048324,0,1000,0
21.84430599179328,1009.924831923654,50.02741449428591,0,1000,0
26.231263940049324,1017.1078214096508,62.5565918765129,0,1000,0
23.805840240210603,1013.7942254622404,61.48445211740281,0,1000,0
26.27812065456947,1010.3082055205534,60.5667303278172,0,1000,0
23.329367331270024,1009.4683832206872,59.6657805747808,0,1000,0
24.28419892142686,1010.9013989520356,53.444839352847225,0,1000,0
22.27785689729521,1015.163276184286,54.21342227579753,0,1000,0
25.51974940766707,1024.3484568742765,64.80314039435369,0,1000,0
25.73785205779129,1017.1588555376636,61.80503972120819,0,1000,0
25.067913237774576,1012.1675664004129,56.27348818321237,0,1000,0
23.317469906567403,1005.7950637038366,58.565303465518376,0,1000,0
26.954431361012773,1017.6166310415832,60.97532291387614,0,1000,0
26.477960562134648,1019.797869431436,62.18156664867372,0,1000,0
25.45513117480145,1016.5166205832014,41.55291526288549,0,1000,0
25.62242559664613,1002.8962820216206,64.65406805067221,0,1000,0
26.85495725628457,1017.5442311015784,67.01437676805779,0,1000,0
23.5662993107972,1014.6028888416304,58.16648226106407,0,1000,0
22.80331023886944,1010.1057735604328,61.46266052844901,0,1000,0
22.279122484003807,1010.3733079801684,61.04111629363185,0,1000,0
24.30457639304789,1021.122883445984,62.8425593684533,0,1000,0
25.301277400858,1013.4291033427533,52.294387697817925,0,1000,0
23.1471120473804,1015.8544830705856,59.83894193499325,0,1000,0
24.48799655486729,1011.4046215050578,66.21389500753301,0,1000,0
23.51016647927256,1007.036665292571,65.3373328463573,0,1000,0
26.11036893142336,1014.2682495945952,56.51531619585107,0,1000,0
24.184566380704783,1006.072810983384,54.34211796671442,0,1000,0
26.717975910041304,1008.8985372818948,72.10890015167051,0,1000,0
25.14583418359147,1009.8147965958036,61.42519751720427,0,1000,0
24.70214857982508,1014.0646257491238,55.06074029125065,0,1000,0
25.40013577686485,1021.9734602833892,55.64863343634077,0,1000,0
21.384660967477725,1019.3024795342002,63.45372049506837,0,1000,0
24.742575098446444,1006.1131874806512,63.55358863025149,0,1000,0
29.35228482457766,1000.3676828744544,74.04144798496165,0,1000,0
20.415215506750577,1017.6843933687152,64.44823545691786,0,1000,0
22.391144739292024,1016.5279571845438,58.46830710832448,0,1000,0
24.849760763335112,1018.1583972348228,58.83215863807976,0,1000,0
26.331596353247733,1006.5346998524216,61.50950347118699,0,1000,0
24.97458855501052,1012.5785054875078,66.19211689845937,0,1000,0
24.50836078703364,1005.1969357127508,62.32383103121272,0,1000,0
24.528173235376077,1005.0433961122573,58.27144139854416,0,1000,0
25.05996009292778,1009.2325615403164,64.67659434484352,0,1000,0
26.518510641490064,1013.7922026120824,57.82620081664922,0,1000,0
26.055339845530305,1009.6782368120672,59.06365346124363,0,1000,0
25.671699476801688,1008.178459322546,67.74731633506549,0,1000,0
27.04794979366316,1016.3581832624174,57.882428686754864,0,1000,0
23.805507306087343,1016.1839446277254,63.62800667186335,0,1000,0
25.010587653673667,1014.7497757042267,66.44851097615486,0,1000,0
26.14873885312269,1016.8582297750652,53.37384947500856,0,1000,0
25.67576393741235,1011.007870402852,59.05250679189119,0,1000,0
26.02736827032849,1020.3065664866822,61.056235590254445,0,1000,0
23.751274973514416,1007.4673149128776,58.81424567954972,0,1000,0
30.170554434382225,1017.063476418713,64.0884687013264,0,1000,0
27.958287733583777,1011.0595023177692,63.19758199296456,0,1000,0
25.292066619376516,1016.2741746938528,64.66722302259883,0,1000,0
22.06644423964624,1017.7706618729278,61.22563700705692,0,1000,0
21.56750063618871,1020.8859441299109,63.53473423685556,0,1000,0
29.05321935556772,1007.6400787489451,57.78464907402544,0,1000,0
25.5412847041199,1016.3519906798872,53.862893352047074,0,1000,0
23.728057105415783,1016.7834563815323,63.828485902363305,0,1000,0
26.885670207946077,1004.8828154495516,61.2215840180904,0,1000,0
26.813584818356464,1017.1117151358488,48.99009429584396,0,1000,0
23.772222008579043,1019.7407506071416,62.66994863139247,0,1000,0
26.725052241051834,1012.3827502440844,59.95799805430562,0,1000,0
23.148203684858903,1008.5155536558568,54.80734599032824,0,1000,0
23.32991835324377,1011.3843613201396,63.01305990019807,0,1000,0
27.30886682417532,1009.4811779831174,69.15499042640602,0,1000,0
26.20638705391626,1012.3223548172742,65.4439945682571,0,1000,0
21.32934865403211,1016.3122881064512,70.81043927119701,0,1000,0
23.470185983650676,1016.6312648633598,60.77255867454968,0,1000,0
26.02902640293984,1017.902416558699,65.17780050940151,0,1000,0
27.829767040648385,1015.6966663546827,49.16501545813372,0,1000,0
24.78775492146518,1007.7567394711724,62.895216104684174,0,1000,0
21.724834183715977,1011.2278373934514,61.69610435807875,0,1000,0
26.48005807006784,1010.1349828859418,52.93071440434271,0,1000,0
25.35908840490904,1008.8918658844811,71.54015568109784,0,1000,0
28.44718770574463,1010.2769032165368,64.81695549576042,0,1000,0
25.7372845326671,1010.3092158229864,63.22682864023416,0,1000,0
26.486574281061547,1009.5166973996452,64.70193428615883,0,1000,0
27.775083591881085,1015.1255642880824,62.07517820270426,0,1000,0
26.70932342723064,1013.227616979582,59.1019087780596,0,1000,0
23.799627736567352,1016.8840377315884,57.84945917726288,0,1000,0
25.55847532676785,1020.7133660704094,51.19750882916775,0,1000,0
22.413095282506436,1005.2714187772572,55.15880941802023,0,1000,0
24.565035374425204,1011.6433305604596,57.65962121018182,0,1000,0
21.1846185123252,1015.9845741585916,62.67361458412794,0,1000,0
25.05024086170027,1009.6904773092508,59.69119391831768,0,1000,0
26.84902097535591,1019.044136874774,59.97938758370073,0,1000,0
24.827016581156705,1008.5671928718144,67.06931847019435,0,1000,0
27.409450892314247,1021.8623464068514,58.51973150365563,0,1000,0
22.330371810232435,1016.7107045162998,66.13916861593394,0,1000,0
23.419721968478573,1008.2317649627122,57.882435547790976,0,1000,0
27.22790651693193,1006.4072372685986,66.91032405446057,0,1000,0
24.874171046800534,1022.2648094749012,55.9635335546198,0,1000,0
25.783504881101532,1011.0422049953692,62.879645256379966,0,1000,0
25.61638762795002,1004.8582505411708,65.02907253319897,0,1000,0
19.97537663311063,1009.4375015253906,67.23996906995964,0,1000,0
20.989020575625773,1020.4409464320304,61.27100362291345,0,1000,0
25.89320568899513,1016.6872615885932,59.015259073626886,0,1000,0
26.786575212183507,1018.7128427804912,59.68832843433511,0,1000,0
27.18014947298684,1012.1953364596038,59.99722275289695,0,1000,0
24.63647409777145,1012.423485957748,63.872809886173954,0,1000,0
24.0231001796549,1016.674781038951,62.69319745949207,0,1000,0
22.704051149470565,1010.9447576207068,64.94982887752946,0,1000,0
25.69688737572283,1009.225157798754,54.67576347810652,0,1000,0
29.688477334603977,1012.7866575673928,71.30446960660674,0,1000,0
23.20155900334421,1018.0121599239964,50.93539766062396,0,1000,0
21.326528366645345,1016.5812036273712,56.66965149674043,0,1000,0
27.83249770933618,1005.360661389612,59.267141176485474,0,1000,0
25.520042250989743,1015.2771788667104,60.32200215360417,0,1000,0
23.34239550279556,1007.3310726765023,50.4565707142701,0,1000,0
27.18783161286513,1009.9659937403,58.026934810536325,0,1000,0
26.691780103677903,1018.6239815161504,60.55675162037892,0,1000,0
23.74852305056831,1018.1460719997938,64.58247170733047,0,1000,0
26.35473432995764,1010.2596423225378,57.10131856388704,0,1000,0
24.590048844441217,1011.7230346870502,57.3543481352532,0,1000,0
23.522381873525266,1018.1896420421232,69.24987578178413,0,1000,0
21.84195509392118,1017.4333445773976,60.68482133466631,0,1000,0
25.723220111161,1012.5717346561396,58.89742409455536,0,1000,0
23.972532296156405,1008.2849823779866,57.851330991494045,0,1000,0
24.898774422703227,1008.3218323996052,66.02762084848226,0,1000,0
24.17515090873188,1020.8468186675376,59.24376105145452,0,1000,0
23.512056275623987,1013.0293291598126,60.36128576214249,0,1000,0
23.73277084567263,1009.7779538694972,62.91263669025919,0,1000,0
23.33227560422627,1017.518881110423,69.88289772233094,0,1000,0
22.095257718545657,1018.788905496082,50.27843833304559,0,1000,0
26.565639674874674,1021.663993731527,58.18830202407129,0,1000,0
24.276682614197803,1008.4890866830872,68.27815339870637,0,1000,0
25.19280809797235,1012.4156440662384,56.15043392674266,0,1000,0
22.62016245619493,1022.0518807523192,62.88414374101468,0,1000,0
23.547678031021302,1016.2949091065936,63.40900427073009,0,1000,0
23.03331324118179,1017.2548445462688,54.86427042825972,0,1000,0
25.133050450140995,1008.4280817694986,56.85393152647743,0,1000,0
25.24506801382098,1015.775536061173,56.81553908420859,0,1000,0
27.076390656887995,1020.8026956238664,58.70986716158871,0,1000,0
25.87016360716572,999.789389124448,58.34845831724133,0,1000,0
19.71523194635684,1017.8312174980546,64.55167851375037,0,1000,0
24.029351235154085,1016.180470736294,65.43311756976408,0,1000,0
27.98770064196537,1015.827602649078,52.05358897444411,0,1000,0
25.08835417599245,1009.1334621333413,59.18229171789468,0,1000,0
25.380774360028774,1008.3911716276144,63.87366675602918,0,1000,0
26.305911035726155,1014.8865850355652,60.08091464227324,0,1000,0
25.03433379336609,1010.2984747961405,52.9158969827504,0,1000,0
27.417909510062643,1026.8248095471342,58.456115871553926,0,1000,0
25.21189433780432,1018.9753524880992,55.99968276552941,0,1000,0
26.997149280571147,1007.7164388538145,64.62546430866908,0,1000,0
26.343961452920787,1019.3037244405652,72.27367913763283,0,1000,0
24.59034093679485,1019.480878261828,49.71960184998424,0,1000,0
25.98183470664096,1007.2440039118816,71.939997339562,0,1000,0
28.2851341772383,1011.0998832348076,54.39107551965143,0,1000,0
25.272197699783813,1011.8186424407972,59.24644313473795,0,1000,0
25.867623093837096,1016.099714889729,63.877626834091615,0,1000,0
25.24509622565806,1013.8177355670456,63.12916020333005,0,1000,0
26.54600660487588,1012.3404454550916,62.7168095557878,0,1000,0
27.21173176642962,1015.2902519052958,54.08361276990528,0,1000,0
26.560542465315425,1012.920217521656,52.57138977282065,0,1000,0
24.94875696457145,1006.374323890286,63.46359159493623,0,1000,0
28.45234838299188,1010.0088265463132,55.76026373129334,0,1000,0
23.076203187107108,1009.493216411058,56.881072144826014,0,1000,0
24.317975400457243,1020.603924607376,61.77897970251003,0,1000,0
25.717755073072706,1007.3371199193916,65.64771082614463,0,1000,0
26.088910790115897,1014.5494709175912,63.49019906994327,0,1000,0
24.936097853111697,1014.4305637477024,64.5533880276902,0,1000,0
25.72595160586248,1012.5992301042955,49.25323662359047,0,1000,0
23.075813872924023,1013.3431403943996,54.39018892970906,0,1000,0
22.491506199502385,1020.0004856384288,64.02396541930455,0,1000,0
24.121695882939648,1016.1339348463428,70.43287457373422,0,1000,0
19.99361377292881,1014.9037697070622,58.68812721830126,0,1000,0
25.15923012630428,1020.6978693801584,53.33565768664161,0,1000,0
27.06334858777081,1015.7386692138645,65.6554536769922,0,1000,0
25.514273972257985,1014.3541465486946,61.52787824720702,0,1000,0
23.261589071217045,1015.612465901555,64.89808463124022,0,1000,0
25.23864306142829,1015.8211157933574,58.679881078741104,0,1000,0
27.000669831079225,1010.1729115785822,59.75440859360877,0,1000,0
23.522140254495085,1009.9580954305344,67.08013930389276,0,1000,0
23.552417107363876,1014.0259663405392,69.15256115437336,0,1000,0
27.520067301339584,1017.3092790121837,54.062959090214655,0,1000,0
22.431303853937195,1016.8601473441436,64.95354506880217,0,1000,0
24.58963353989591,1022.378080690388,60.16986550318055,0,1000,0
27.14006592267075,1011.866174011254,62.3459712828076,0,1000,0
22.854843249837728,1015.6370064547184,62.19444663590336,0,1000,0
25.375127767078432,1020.830603234495,59.87087323753282,0,1000,0
25.47771334690005,1004.1692212407588,59.32315710004143,0,1000,0
26.6295782867194,1021.5011427416767,61.12629466052175,0,1000,0
24.038646423286004,1012.5948715257394,61.35870407983773,0,1000,0
25.63549394906145,1011.775373665484,64.33714944350912,0,1000,0
26.08182470173531,1007.6892577470418,64.44504526446327,0,1000,0
27.18500718978565,1012.2078596461524,57.54071647693976,0,1000,0
23.040406269640727,1011.1103768539836,59.45378496710949,0,1000,0
24.87594656179073,1021.3189559498952,54.19823868403347,0,1000,0
24.641356770917465,1003.9261208869584,60.7152810422171,0,1000,0
26.33969799901917,1014.2024024182354,63.81094763053024,0,1000,0
25.32151458254555,1017.4306816289989,59.58881078595044,0,1000,0
27.813194616443493,1018.4636953284556,59.1174035255932,0,1000,0
25.11603081550656,1010.9311788297176,65.42127969135035,0,1000,0
27.2051854438456,1017.296898980147,67.93855435986606,0,1000,0
28.38886942964616,1012.9642975637056,56.5675592518644,0,1000,0
27.30892907648172,1008.5937864040432,69.934124812292,0,1000,0
25.371049278213697,1010.6951927204636,59.54340640111575,0,1000,0
27.87112391978215,1007.3577862630876,60.69909214581124,0,1000,0
25.349533020463348,1010.1665521626754,55.31267417641862,0,1000,0
22.387060658052032,1006.6844767477912,62.20819102142717,0,1000,0
26.56038451499925,1017.7769564269008,62.68560506672577,0,1000,0
26.66006862860274,1015.08454776612,65.19990816714261,0,1000,0
26.809171983043896,1011.8507364548334,60.86315479493249,0,1000,0
24.51367772037778,1013.0450315001624,61.276050206780354,0,1000,0
25.289940670821103,1020.088011486744,65.79306225195543,0,1000,0
24.831168079263968,1015.5412854057686,60.617395125310125,0,1000,0
25.508301293044852,1015.503699637113,55.87663064136041,0,1000,0
20.25862585491459,1017.1524030980916,64.51894929242589,0,1000,0
23.37397616764437,1008.6513145217004,60.51178121822337,0,1000,0
26.30566512742846,1009.1214492276488,56.40633851918913,0,1000,0
27.628649418573627,1011.427168195954,59.31672516069773,0,1000,0
21.991946809650337,1013.4315122238474,56.903037811792665,0,1000,0
27.023397142355705,1014.9371283791844,63.749395541493584,0,1000,0
26.179514962434947,1014.6382860086956,60.98347334215878,0,1000,0
24.717763787659575,1022.1444154637352,61.08312551758609,0,1000,0
26.222989917035974,1011.5842715819452,60.363509315815286,0,1000,0
24.16259139824446,1016.8103856049336,61.09220795841328,0,1000,0
24.273137971354117,1011.7058451382328,59.33025811609106,0,1000,0
28.591751816257165,1010.6322738241864,59.32499628353544,0,1000,0
23.427528946447453,1015.4899966344356,51.64300792743053,0,1000,0
23.923992814333307,1021.3177148550346,61.466666989108646,0,1000,0
24.626240244881217,1009.4262238282377,51.64069840658964,0,1000,0
27.065451949817568,1009.6438126655648,60.60235640402323,0,1000,0
26.00439707356796,1016.7199714627608,65.39296878845461,0,1000,0
27.713968999090103,1009.4495606465092,62.10968827887167,0,1000,0
21.42477883011388,1014.263774309234,64.7969091589541,0,1000,0
24.506139486803797,1013.405832448629,61.25089297858616,0,1000,0
26.48222249463421,1010.9813588962676,65.29853873626611,0,1000,0
24.88625201594094,1015.0706833062728,59.66853677599901,0,1000,0
25.01774906319216,1005.8640939314032,60.06521259530136,0,1000,0
24.51073916900364,1014.7997771124984,53.38058114072473,0,1000,0
26.78766560696137,1011.9960512113752,60.07645374400836,0,1000,0
23.0394716480735,1010.758712844204,55.69381386978332,0,1000,0
23.918591796411185,1011.56561075212,51.700386024646136,0,1000,0
30.209847792762822,1008.1329015233032,53.82335288442992,0,1000,0
25.711345236751512,1018.632605387199,55.83569351979691,0,1000,0
27.1439252145231,1014.340370610047,53.06498289800128,0,1000,0
23.69384828553496,1009.3183270085304,58.79066548722319,0,1000,0
26.29835875663523,1011.0874707600434,65.0976411337915,0,1000,0
24.59080566584608,1017.7348297301684,59.336873393556495,0,1000,0
25.4135038436426,1022.9981208107176,65.47003158702228,0,1000,0
25.36135664517172,1018.9617117050226,54.071313964734834,0,1000,0
25.983058694273936,1012.0217931897042,60.59735886684335,0,1000,0
23.3873417919512,1015.9551434796828,61.65691775731834,0,1000,0
23.49482815617305,1016.2758951313484,70.24547227984975,0,1000,0
24.30676205615164,1015.5194551443916,62.54952464263597,0,1000,0
24.595846179720755,1010.8790599556294,66.04644911800186,0,1000,0
26.181605439400933,1006.6859271692368,57.33261687077053,0,1000,0
27.641222230800103,1010.9568431265452,65.23953423642331,0,1000,0
19.538800280894836,996.4620445686536,53.65210870554419,0,1000,0
22.844504417688977,1010.9114872497424,65.36124558342303,0,1000,0
22.64784142479873,1006.8154415395168,56.99631237995885,0,1000,0
23.86442840472373,1013.225178794032,62.41112481625431,0,1000,0
23.237839494461657,1011.0728560221744,56.50047351275986,0,1000,0
26.492154222804647,1010.384704383625,58.49558722521883,0,1000,0
24.50431703905584,1013.4986456760294,71.68273029985124,0,1000,0
24.470882531963568,1017.2085417828772,54.10278179245984,0,1000,0
23.772474560241527,1010.9172510506946,57.82204207889084,0,1000,0
26.304753373570165,1005.8558140789004,55.3246700260684,0,1000,0
21.092264146111997,1014.2935598404232,59.91451026350941,0,1000,0
24.199912171777555,1001.045138184421,63.77748945510791,0,1000,0
24.400897816265072,1017.1456795628656,49.11650632918597,0,1000,0
25.957175865137447,1017.6031408713036,65.01821934585267,0,1000,0
24.34883160474856,1008.5078826508528,62.47012319963768,0,1000,0
30.072280877937484,1018.3644836599194,59.87998910581568,0,1000,0
24.678540212906885,1011.7895358176612,59.371767567842966,0,1000,0
22.964201643295787,1009.2984658850368,63.03253950164586,0,1000,0
22.32019957564369,1015.782448885352,60.71900747847873,0,1000,0
25.89346102674892,1009.310319495406,55.77601393438605,0,1000,0
23.558523206499668,1013.4895399192084,58.907536687036526,0,1000,0
28.88750978535505,1008.7517395622804,55.18127287618455,0,1000,0
25.55721185937459,1006.743406709396,55.916278759722935,0,1000,0
22.764152343554105,1004.3040026501798,67.76472739084534,0,1000,0
22.86590055562951,1014.858323778986,68.58916387307654,0,1000,0
25.28228907454618,1017.7473948241144,58.22338300341777,0,1000,0
23.72472263858039,1013.1007958020168,64.18187321505029,0,1000,0
24.602122831122195,1015.824393578092,48.923513653205084,0,1000,0
27.542211429981,1007.1508996608788,62.74578190443219,0,1000,0
27.884236246032643,1015.5035753842658,68.12423185742747,0,1000,0
22.93238563140033,1022.6062341266144,63.6475111018386,0,1000,0
25.57363790528489,1009.5664166667532,59.50171540928044,0,1000,0
23.335070306957974,1005.852557216426,55.91332267488111,0,1000,0
23.375996131328264,1021.6367935776132,64.43633099099289,0,1000,0
24.15021882900312,1014.440407020347,59.23695851958764,0,1000,0
25.458164095947893,1006.9674961529116,64.43794178304054,0,1000,0
25.50114975142746,1015.2349021215352,67.48970636836106,0,1000,0
23.03315822320474,1011.7958572371992,62.940257875867786,0,1000,0
24.10552333700662,1016.8755568102822,56.02482395243268,0,1000,0
24.470004079835007,1012.4320513207808,58.29945343189076,0,1000,0
29.093569230457557,1018.58494919518,48.08198393005527,0,1000,0
26.72762463142439,1018.9034212229664,61.70145554402238,0,1000,0
22.61302702711753,1013.7062651235416,58.70974929738468,0,1000,0
22.7456905339807,1010.0321227675888,62.14061207270963,0,1000,0
26.21468725495173,1003.457164575312,51.49047648218027,0,1000,0
23.54477614761695,1008.98180409712,53.9945765226522,0,1000,0
25.536261081787156,1013.1471233352108,61.62367907538212,0,1000,0
24.179974029032284,1006.8005572137768,57.352771138976166,0,1000,0
26.692444672190422,1014.1823197862242,57.01494188400056,0,1000,0
23.8280836973324,1017.9542634865068,57.89816718040185,0,1000,0
25.11886019795288,1012.2892279169944,72.57742128755741,0,1000,0
24.318209419646717,1022.0593514203129,63.93618152945979,0,1000,0
23.82068312086406,1015.6154495708276,60.34275694341871,0,1000,0
25.2357062849191,1015.3062930347222,54.72366348441135,0,1000,0
26.024558797115667,1012.2592316163403,62.02344077027144,0,1000,0
25.42758853176692,1018.8690983855278,63.35552772825401,0,1000,0
21.210299046566483,1014.4912353902084,57.157558936484186,0,1000,0
21.171296149071324,1012.6348989941628,59.11641188687747,0,1000,0
24.810211195849277,1012.4318980231828,57.63129668075932,0,1000,0
26.994147221487054,1019.5677572268904,60.19514199559277,0,1000,0
26.181437699131465,1016.2104300163668,57.89214399065807,0,1000,0
24.89452697944819,1004.2466757990176,56.20908246175438,0,1000,0
23.640554016756525,1007.6717679301616,71.01117294171178,0,1000,0
19.993395859824407,1003.7418086201418,56.2850523976535,0,1000,0
26.215295139559597,1015.5632248646534,64.25872342328991,0,1000,0
30.335085564382737,1012.2794381039548,55.443191678996406,0,1000,0
21.893248929866072,1022.1498294497552,60.94350090083346,0,1000,0
24.604116204990824,1019.8361302825944,56.4876560912584,0,1000,0
22.560573197101355,1016.0365206828012,63.05148880510238,0,1000,0
23.497498611237084,1016.7906689282448,56.210557801744685,0,1000,0
23.2802126644382,1018.6955838261632,53.51251347265096,0,1000,0
24.28734279767809,1004.3692573486968,58.924598353562,0,1000,0
24.79968643072869,1014.2762225907794,66.62272671181307,0,1000,0
24.21529076032155,1006.9100239969408,49.77209540577797,0,1000,0
24.06054329939206,1013.0676764656106,56.71254927394293,0,1000,0
26.28364850414454,1011.2379786107778,52.649607678714986,0,1000,0
24.063304987905187,1001.1212248416832,63.8685550376096,0,1000,0
21.19021625581081,1009.7466767369542,69.80802647881576,0,1000,0
29.36635950842204,1023.1399561018976,70.13724276816144,0,1000,0
24.48829297192317,1012.8008590464052,66.23860177602822,0,1000,0
25.04705640403568,1015.9612012749502,55.11292832227801,0,1000,0
24.16081938377667,1010.9832919814272,54.78246375644414,0,1000,0
24.399779624971885,1022.0039153247908,65.47196732395217,0,1000,0
28.7375178770718,1016.8870219433704,67.99287982186156,0,1000,0
26.57499177970133,1010.0984725234732,52.49702101395983,0,1000,0
24.82086252853512,1014.0795586845434,61.67642315368359,0,1000,0
28.585975591120985,1011.577643709297,57.300760576504,0,1000,0
23.87760186102548,1005.727870157404,61.166402619501206,0,1000,0
23.53854703734647,1024.848207795418,57.34992535103148,0,1000,0
25.155513296263653,1021.0579088475972,65.77850806465858,0,1000,0
26.59882577119032,1011.2314863975032,67.49470704157504,0,1000,0
25.314029697666957,1012.668822423384,63.70521924371267,0,1000,0
26.134931146149743,1018.9786799564242,64.13479242595102,0,1000,0
25.89269687351296,1014.5654750579196,57.57004287150155,0,1000,0
21.74177632875863,1011.54639595092,66.250859473345,0,1000,0
25.680846861714368,1019.5509045401984,68.32154366763928,0,1000,0
24.06581747133536,1014.8925492170448,54.569167157100985,0,1000,0
22.996122005966736,1019.889336837428,53.16785892672857,0,1000,0
23.08431639163627,1004.9072843417354,53.53429664626953,0,1000,0
26.122472842197013,1011.2843451689552,61.04323118020096,0,1000,0
26.713700712027983,1013.9509791581172,67.6189666809205,0,1000,0
23.6100445965918,1021.159661963839,57.33978640217166,0,1000,0
24.300956881779346,1008.9128919281868,59.50470481792477,0,1000,0
25.614629275258302,1014.2473009882884,60.86522998953267,0,1000,0
23.96594901839785,1016.5725658666504,55.3707285291121,0,1000,0
29.395147782667934,1017.3675993191176,66.94066776350722,0,1000,0
28.00696926033577,1008.0193881821752,52.58574309987575,0,1000,0
23.19168535461117,1015.360473615766,55.96065006156698,0,1000,0
24.059742325238787,1018.152866210584,57.4545542096449,0,1000,0
24.989076735543136,1008.2625873932332,55.85581825802328,0,1000,0
26.14382386691184,1016.712474778422,62.69282023251303,0,1000,0
23.374106257125536,1024.0409976887004,63.69101314282224,0,1000,0
23.03093662204921,1010.953216192646,64.33645278084161,0,1000,0
23.34741345562462,1017.3924802958048,57.25657725840684,0,1000,0
24.785050453286228,1018.8015856571932,59.07330126484364,0,1000,0
26.13763597594703,1007.9081228080044,46.89124616828218,0,1000,0
22.09693762135716,1009.5445325170364,52.9530526452309,0,1000,0
23.63222479614856,1007.7731518591978,61.02503068456096,0,1000,0
26.1878228965746,1010.4153215295686,53.79659653167232,0,1000,0
31.788308097137573,1011.680453097409,63.04149969222564,0,1000,0
25.52116133699062,1009.3173208037416,56.15869139944954,0,1000,0
21.45035400725998,1018.4831247727348,59.68690571890821,0,1000,0
28.1763192401351,1013.9944143036706,56.22782886797017,0,1000,0
25.9850392253964,1020.1749956227492,54.41960710135202,0,1000,0
26.439722552138303,1013.7071583499296,63.7023030810178,0,1000,0
25.03616937043334,1012.6929798207216,66.28612803492365,0,1000,0
23.68167094311609,1004.690514889332,69.66267336253088,0,1000,0
25.27685065192947,1005.5819372088416,51.3973601108378,0,1000,0
25.67309433852193,1015.8458619236424,64.55080110374645,0,1000,0
22.97931956315638,1016.324171696604,53.53986052692992,0,1000,0
27.71697009191995,1006.2895906936648,67.72542351786426,0,1000,0
25.569544442290216,1015.703585262146,65.4888649082252,0,1000,0
26.869247123937186,1015.5470200471584,63.08368022456605,0,1000,0
21.66245452530981,1011.7703070407972,53.5233782893858,0,1000,0
25.869878020234413,1016.9797958747566,45.358239905928585,0,1000,0
21.940120880789213,1011.500062476816,56.528945103944686,0,1000,0
23.73915306256204,1011.9313674814198,58.24014221732728,0,1000,0
22.1555291189415,1017.8325506050134,73.05857359095936,0,1000,0
26.59811751889939,1006.253856424206,53.522742921062,0,1000,0
23.18035963173752,1020.1390572839194,54.40108233065107,0,1000,0
27.063231453945367,1011.078871458591,55.91938195428036,0,1000,0
23.10533871898556,1003.4670865708568,60.94528712204022,0,1000,0
23.93146479083953,1016.946690705753,58.82511797237712,0,1000,0
25.069417422882623,1019.6306494172364,55.680458774320655,0,1000,0
25.623649003247404,1005.5163989616937,56.42765643997039,0,1000,0
19.930381979621394,1010.857347860356,64.93087519762382,0,1000,0
23.51914632167631,1014.8356261171411,62.28631238268134,0,1000,0
25.83234842591819,1009.4842437386168,65.8292976953763,0,1000,0
24.319848812947463,1008.4037887628194,59.282547313741226,0,1000,0
25.64594689080544,1011.7910805093948,56.901915471395874,0,1000,0
20.722174729939784,1018.9208148816244,62.11717214099138,0,1000,0
24.70548272533089,1018.7701978071356,55.928046844131785,0,1000,0
27.089186314626488,1012.288561691198,61.78535207614114,0,1000,0
26.753806278071668,1018.1622494617566,53.77910248696023,0,1000,0
24.65034888187619,1010.7567980546148,63.48159983550344,0,1000,0
25.785386288902515,1007.7188683782224,66.95235139704178,0,1000,0
24.777566914116008,1015.2790984325702,64.26130710493123,0,1000,0
23.66096369910368,1018.3079542376288,61.82335452864245,0,1000,0
24.521437056416836,1009.4701956153832,53.481197450872784,0,1000,0
24.238750434433506,1007.667308015042,53.976434872942406,0,1000,0
22.62746259164876,1015.4329053136992,58.75692668732374,0,1000,0
24.98963399974293,1005.047583373672,57.43883543360261,0,1000,0
23.270640433261796,1016.3412231694228,63.407156492620594,0,1000,0
26.488445562222925,1010.957886598549,60.5123204538024,0,1000,0
26.25756784037458,1012.2998041502832,67.99252582462242,0,1000,0
25.81559079482791,1005.9293060215224,65.49310518662068,0,1000,0
26.197997799038102,1016.9118748821656,62.32382249099725,0,1000,0
22.530736933097685,1015.9484486996364,61.0018924491577,0,1000,0
24.75856472522925,1012.9502120600152,60.16126530378195,0,1000,0
25.712923115345443,1019.4331964492404,67.28830137445915,0,1000,0
24.54727317281913,1007.012880343289,52.07480242148029,0,1000,0
25.16497325410574,1018.7122910901754,67.50154877093733,0,1000,0
21.289682252118663,1006.2840797499688,57.22741343423829,0,1000,0
22.714695197785534,1009.1495139114076,62.09196003267097,0,1000,0
22.91576755171592,1021.7389375818055,57.77387430004541,0,1000,0
26.351660960889173,1002.4857407396714,61.487297779318254,0,1000,0
25.359305323971263,1011.7926176076209,60.17743271860887,0,1000,0
25.7986348572222,1011.6202408171036,61.015379818601865,0,1000,0
26.25453176873918,1007.7099784086324,66.66557944098926,0,1000,0
25.61663435678394,1020.571355733986,65.29162097627238,0,1000,0
28.9773170866984,1001.7430091820132,53.197335338694586,0,1000,0
25.96074675328673,1009.6603696591096,55.81239733445586,0,1000,0
24.50169022046261,1002.6565689915116,58.000919549622985,0,1000,0
24.2137541303588,1017.6507191842308,59.29612167982763,0,1000,0
26.687715360687797,1017.5772451882146,72.46613271275095,0,1000,0
27.3541093913836,1019.7441653358522,67.05209794369428,0,1000,0
20.23279403243729,1008.9126780764702,62.3837803693585,0,1000,0
25.7971110988682,1016.7644331128304,64.53962814584132,0,1000,0
22.068624038452576,1011.2485819751188,54.372482661065625,0,1000,0
26.500240798023537,1013.6101746043142,62.6252450889932,0,1000,0
25.624578717395316,1014.0171306206856,65.39011117233171,0,1000,0
27.99309505496521,1009.7367781641804,61.67114730299416,0,1000,0
23.79282132824448,1010.9980287734024,64.53583543271594,0,1000,0
26.47007023245253,1016.138834735964,64.28800661095865,0,1000,0
22.674651076504645,1013.8977736607457,51.96765816436865,0,1000,0
23.288457105885097,1002.0817916177576,66.17649542109925,0,1000,0
24.29190198742731,1010.3427223558588,67.8609692655231,0,1000,0
23.70518862778357,1011.8939060809448,54.35393573638797,0,1000,0
24.06795535079128,1013.5339399021756,65.25250081550897,0,1000,0
23.488671333752865,1014.1700364769436,67.57663084273582,0,1000,0
19.87848644623959,1019.6421727051712,60.04884714802176,0,1000,0
22.657690979599064,1023.7819613491044,61.52280122781724,0,1000,0
26.70034847853893,1005.5110560176764,61.45366331744294,0,1000,0
25.25673706644048,1011.6366197858508,61.01392512942257,0,1000,0
23.61423467454183,1024.6116023940974,65.0522890977151,0,1000,0
24.04580007026302,1015.9458522854106,54.590327467441824,0,1000,0
27.784231618699405,1010.3309647863988,64.21493964713186,0,1000,0
22.37631598252292,1003.2396954226932,65.78398560198097,0,1000,0
21.21863940954517,1012.9147490167808,68.31964557496242,0,1000,0
25.497458977398928,998.8539902734724,51.69518139298407,0,1000,0
24.14973343247251,1003.8604929035812,54.71206926297581,0,1000,0
23.94109202387606,1016.263304256974,58.00556540587493,0,1000,0
26.19922129078392,1023.4969930360508,61.43649015138995,0,1000,0
24.329090901687582,1013.2289214649468,55.968199306578704,0,1000,0
25.25234048568648,1012.12010506921,64.16087401578669,0,1000,0
27.322597739401644,1011.583774311875,54.29231641187991,0,1000,0
21.226534339709545,1013.5964545229908,65.92918228680918,0,1000,0
23.110677996446224,1009.4001143440048,60.57398534570874,0,1000,0
23.88706844578604,1014.7088303800816,54.18210128817632,0,1000,0
26.420602848685096,1014.3298555862804,58.372843043515054,0,1000,0
22.74241645443981,1017.4992224274954,64.60239959878731,0,1000,0
25.24902957991636,1014.9595252828966,53.92876543023186,0,1000,0
24.74350364995044,1018.5942096329208,56.2849925273899,0,1000,0
24.72987519615719,1022.0410003661194,57.19812275480703,0,1000,0
25.69494555958672,1020.4198743589834,66.93359780546982,0,1000,0
25.215714591272118,1011.9238414932472,60.66049863993677,0,1000,0
26.151382180706825,1011.5989136352506,56.718880994972096,0,1000,0
24.52299677748789,1016.1511949683812,64.3191277632656,0,1000,0
25.67332852448061,1014.221507868976,66.74584495180292,0,1000,0
23.374584301912368,1003.8581960277672,58.24702251945405,0,1000,0
23.398227144989427,1013.1201966156068,58.65805600845788,0,1000,0
24.22128128764061,1018.5714645800468,66.45913048992264,0,1000,0
27.604105415985057,1015.37266970062,56.3314488588234,0,1000,0
25.78727922357798,1017.1043535166984,55.5339682538236,0,1000,0
27.15855953637804,1018.8190305238186,57.82836826816349,0,1000,0
25.926884796641325,1015.3910427009772,57.19080241826152,0,1000,0
24.627700071187466,1012.9543546544288,61.08784612007142,0,1000,0
23.861328058383556,1008.7998342552028,66.87777310850959,0,1000,0
23.95098885409526,1019.3894243219004,57.58117648470752,0,1000,0
25.358273987110977,1006.244071273428,69.37186148752382,0,1000,0
27.899111213513525,1013.9750594457864,62.97165583349083,0,1000,0
21.70178996312379,1005.5584587634668,56.56357693858144,0,1000,0
23.38006119488096,1001.5072300731844,53.419310467847566,0,1000,0
24.984143989144837,1004.1978898167816,65.11758772451424,0,1000,0
24.40395962029756,1017.889255869486,60.73495335467997,0,1000,0
22.189765974030617,1012.0569198315944,60.01455173286118,0,1000,0
22.67133734500866,1013.3087896112542,59.34088286245431,0,1000,0
22.70979833028857,1005.946159543039,61.58374189282105,0,1000,0
25.061938896561838,1021.4944628479554,58.9569264894632,0,1000,0
23.683310375658376,1015.2450357969276,65.44748378512287,0,1000,0
21.471819349630536,1019.3537016415416,55.80842243085391,0,1000,0
28.176195264599595,1011.8317985790188,60.06279538331871,0,1000,0
25.72457466586975,1005.8487394899354,69.83212380534742,0,1000,0
24.79964407467548,1012.8630308397624,59.84901324807928,0,1000,0
26.771336755748784,1007.1673063532414,60.7342066493456,0,1000,0
27.93109915589535,1020.8445071537226,58.406173600822,0,1000,0
27.95786949593032,1023.0543212913012,52.69999867907463,0,1000,0
25.90316232527602,1008.0611905152626,57.66575244929934,0,1000,0
23.70822391648865,1019.0516281223872,62.0587652778602,0,1000,0
21.80054605110016,1006.4576640140892,57.908963892169126,0,1000,0
29.349661748740505,1019.37618943058,55.05732730329826,0,1000,0
25.01947695624901,1001.5974656661832,67.77209720709058,0,1000,0
24.25831106158945,1012.8814531720816,67.04790958993148,0,1000,0
23.282680626035862,1014.344156160186,64.0805397207311,0,1000,0
24.09076570501139,1007.143054493161,57.3203820298504,0,1000,0
24.71535052644626,1021.6438442369528,64.73712661054297,0,1000,0
26.23848819598052,1010.8125225677414,58.9480659684465,0,1000,0
24.46750420097836,1013.6495971285054,61.53357623043569,0,1000,0
27.316302468221227,1021.6301420769528,61.80201993871312,0,1000,0
23.881808610463047,1013.9247290960976,54.48939327312685,0,1000,0
24.292903557489797,1013.128078208138,68.15668540478931,0,1000,0
20.123832641878685,1015.6939198492504,55.57615520391598,0,1000,0
30.18361328597205,1003.1507345072868,61.57949503206705,0,1000,0
22.674193297617634,1013.6941565798636,67.6016018928876,0,1000,0
25.72593332508072,1010.2260022955212,58.38547897400988,0,1000,0
22.037063885366365,1013.4111558799024,59.341125868393085,0,1000,0
23.399165985892136,1014.4979372819898,56.99590566914786,0,1000,0
21.67221987872722,1013.1730225535904,59.77828448466551,0,1000,0
22.097158060068818,1008.8623309295244,59.38425762639697,0,1000,0
24.827115212291798,1014.9501838590716,55.87250901851254,0,1000,0
22.36720432430888,1011.5319743147776,65.24343328256953,0,1000,0
24.159193341817417,1008.2719761016584,61.061927743484006,0,1000,0
28.27064227027825,1020.083188212414,57.08141787267456,0,1000,0
25.151881462365747,1013.0281053619724,51.07456303878476,0,1000,0
22.539817947883385,1015.4078254262892,64.643382858257,0,1000,0
21.851067673655734,1019.0244202285965,62.14024660960118,0,1000,0
23.76282226690416,1014.910827541038,65.44870077155457,0,1000,0
27.29717508661653,1017.8071951634846,58.78177237981855,0,1000,0
24.360753071360453,1015.9811126901502,55.51024354351993,0,1000,0
27.285584009782177,1009.9510958130436,57.05478976084645,0,1000,0
27.688934037272475,1012.8063409397998,64.20906099205313,0,1000,0
23.25135893211308,1013.6004146738094,66.22105244880098,0,1000,0
21.056963570323784,1014.7650903399124,55.11569764389041,0,1000,0
22.255127255540263,1005.3850065478756,64.02425923751716,0,1000,0
24.678595831459987,1015.624955614726,52.41201999725941,0,1000,0
26.5118124382638,1010.4829823980645,60.51980616333817,0,1000,0
23.07602840119197,1003.326468863808,53.82539977343752,0,1000,0
22.90674199390673,1014.1174478150516,59.2569435307838,0,1000,0
23.761235248963168,1012.0633877393168,56.64494574612739,0,1000,0
22.957244361761056,1011.4865457797086,56.29304593821733,0,1000,0
26.06123133491984,1011.980309659562,56.02441831998969,0,1000,0
24.5200608150703,1016.9055111319644,54.44552756136953,0,1000,0
28.241154302481284,1005.6867172147,58.64426221244041,0,1000,0
22.5514099124671,1015.7187067653514,69.86474147587504,0,1000,0
24.453854209999857,1019.146167386695,58.57232183203595,0,1000,0
20.05783318720101,1007.2362516484222,54.55886030908231,0,1000,0
25.413355154927977,1020.7371674548956,61.017508733906894,0,1000,0
27.835998371038364,1010.7574897386662,56.30950941094687,0,1000,0
27.425617624360846,1014.6718857044742,54.26135729337609,0,1000,0
24.29622540880248,1013.5777080289912,56.80268910382755,0,1000,0
26.33497853159819,1015.0261671119728,58.9797118340587,0,1000,0
24.038154946497748,1006.998388006327,59.94718686148474,0,1000,0
25.71290348142702,1009.9053096815584,61.85585569287147,0,1000,0
23.275727387228372,1014.2239151810872,53.13897514308099,0,1000,0
27.35070419302112,1010.0105431727748,71.50531962948733,0,1000,0
27.97469016523028,1018.3569538488388,59.23455616857935,0,1000,0
23.589105844470552,1008.0080442241076,55.14361768388385,0,1000,0
25.679750783683176,1013.2611255263716,60.517006049750414,0,1000,0
24.642438309282344,1017.6803079110312,60.84543168119671,0,1000,0
25.128927254938255,1016.997826467276,54.461037393339005,0,1000,0
26.59922991588777,1009.5936628317088,62.737545540786265,0,1000,0
25.472005825334453,1016.2337000884772,55.9626365385033,0,1000,0
28.95645249407316,1014.1959350488274,57.79939080281185,0,1000,0
23.665690302051303,1010.0592687949252,60.6663639269149,0,1000,0
26.55946416400968,1019.6201111953052,62.56129322924726,0,1000,0
27.96629635765919,1022.0497936730048,66.71257319222975,0,1000,0
22.579218467507214,1012.4969549898371,53.71151599710203,0,1000,0
25.511651451305838,1017.1870873420536,55.38048035684543,0,1000,0
27.44643807413668,1011.364917807132,64.69768871372706,0,1000,0
22.156940156268625,1022.4571427863712,61.09050304311247,0,1000,0
27.333044287967144,1015.5571538076553,73.0123283921092,0,1000,0
26.34347825505847,1011.7927219023024,60.944030429278186,0,1000,0
23.65097216541805,1020.339893917594,66.32024571483667,0,1000,0
23.49730869879774,1013.609075044984,56.446536138596855,0,1000,0
23.411076352228196,1014.5069993061096,61.26336383486378,0,1000,0
21.4312974560242,1004.6339072043928,54.50188313359966,0,1000,0
25.08793782352756,1014.6856801224084,62.671701482282536,0,1000,0
23.841666779970453,1010.7300104361774,59.853659252480455,0,1000,0
23.320400401965028,1012.9897414340078,65.67655614908959,0,1000,0
23.961975771231774,1007.3921015399906,50.97016462433104,0,1000,0
28.658574430372123,1013.5962468140608,65.11693356293739,0,1000,0
26.38249883630509,1008.9014442825394,55.78290439236258,0,1000,0
23.176476604338664,1010.4928855897222,50.784284260490814,0,1000,0
21.589497163983776,1014.7815485405728,57.82715618521449,0,1000,0
28.537802172539845,1012.6367030384196,58.835364279776805,0,1000,0
25.04988453336632,1010.4077587058752,54.8706055641561,0,1000,0
26.01109334094881,1019.9427870842992,65.67508212069053,0,1000,0
24.42650386686604,1016.4819870638704,68.59678354973877,0,1000,0
24.90908439085812,1008.0741239494926,67.52877553501757,0,1000,0
24.025512495721983,1012.8733937275462,66.95323446482266,0,1000,0
24.0724457750404,1024.1867998685093,66.47949186278977,0,1000,0
24.6326916574281,1018.864510962414,57.163205154246704,0,1000,0
25.56255567895345,1002.5458626430236,64.01957443848985,0,1000,0
25.568300473816688,1021.1130507374976,70.410426108087,0,1000,0
23.150019440400737,1015.7950941639398,54.74400625640693,0,1000,0
19.69576147257648,1012.7589010695098,64.05043032175551,0,1000,0
26.58420613346037,1023.3289852121349,52.55015723742598,0,1000,0
23.416282630635425,1003.3502153186262,60.86668963552041,0,1000,0
23.777148225511844,1015.9778588987882,61.36821263151684,0,1000,0
25.040192041454105,1017.8030903113744,67.26017821036572,0,1000,0
28.905321124249795,1016.7415302604124,57.979872639345,0,1000,0
21.54706707835057,1015.4193721742082,65.91631730337788,0,1000,0
24.96524731192063,1019.0955947895184,64.82095348751088,0,1000,0
25.017048994517207,1013.5574287989754,61.65456919038573,0,1000,0
23.506594742369373,1024.855632828699,59.39655594476469,0,1000,0
22.605113042519942,1012.7675499971812,65.96769931670596,0,1000,0
24.648066043111516,1012.5130865611376,55.21956859476239,0,1000,0
24.457307498429564,1005.1596761733988,58.45748765329512,0,1000,0
23.88702025234928,1020.0744420716724,54.900170437009386,0,1000,0
23.27570554110654,1011.1390713531708,70.5044632397354,0,1000,0
25.18305755412376,1015.6908859166012,65.79432809533405,0,1000,0
20.72262408353655,1003.9414661149208,58.90995361553272,0,1000,0
29.85042011285663,1003.535287328798,64.85821153211117,0,1000,0
25.648162605058506,1006.8178355466754,65.99054367699252,0,1000,0
28.5658502251516,1009.8215731185784,62.38298005544794,0,1000,0
25.25481496469633,1017.6212986265608,61.30164837280949,0,1000,0
23.54979958828378,1014.9122410808864,47.7378258171553,0,1000,0
26.188055387702608,1002.9409187547924,56.12144683719725,0,1000,0
31.08956020915405,1020.7437603588016,58.52262319034433,0,1000,0
28.821488064441397,1012.393254969558,64.67719501080734,0,1000,0
22.226069924155517,1013.3391754773662,62.50870829027812,0,1000,0
23.017281911992463,1003.7907859809926,66.80967045496521,0,1000,0
21.790762912675653,1012.3614641464987,52.29103987904718,0,1000,0
26.21881871642854,1016.76963461542,59.13705175410105,0,1000,0
24.614589666475997,1015.7280775308944,56.57639924901712,0,1000,0
27.790298593336946,1013.8967930190216,57.68491228508815,0,1000,0
22.823441288078957,1020.8959920515604,57.43827962253563,0,1000,0
25.72647053376584,1012.8035792586984,66.42004613315972,0,1000,0
22.57457202795768,1003.7352422003788,59.80150223365845,0,1000,0
30.023110275764058,1025.4532964138605,56.19700607062318,0,1000,0
27.026853229448605,1023.6436870230044,55.70909801213316,0,1000,0
25.690001544137186,1016.7903164286018,54.09156103238684,0,1000,0
25.757539581932857,1013.540337793238,60.973025170396426,0,1000,0
21.61964162394392,1002.9571619060888,58.84772962928226,0,1000,0
27.348837942784986,1011.003429907285,60.1828535757207,0,1000,0
26.63954904021363,1010.4904419376036,65.65523531202857,0,1000,0
22.668355552335804,1022.9506305800544,69.80740586059163,0,1000,0
24.25121822728611,1015.4543124098544,59.34717677906168,0,1000,0
23.759450685850634,1020.4642459871304,56.23680823297665,0,1000,0
24.310890120047308,1009.45282260672,58.1753000570565,0,1000,0
31.2215277564642,1019.2641529822466,60.25383810570497,0,1000,0
25.318387902826046,1027.7392950423466,56.106124394210426,0,1000,0
24.11771697192848,1017.0048462750208,54.52969792134463,0,1000,0
23.89989714118843,1016.2728641641024,49.77397493538513,0,1000,0
24.606509338021432,1009.1380716129828,58.84243170728696,0,1000,0
27.65828844322486,1015.999663281997,62.36653348126829,0,1000,0
27.16463889683868,1011.6325680953938,63.25981326545647,0,1000,0
28.93872213539876,1012.5856347343104,49.5176095424281,0,1000,0
26.36677598559484,1015.190985687086,62.70920167759776,0,1000,0
24.13158152387026,1018.3563503480024,65.34349366586065,0,1000,0
22.31757483133611,1014.8527344693812,58.64834053122509,0,1000,0
24.529649932106157,1012.2505070068064,61.168918347999245,0,1000,0
24.777480510045923,1009.1482616885334,67.1320544038549,0,1000,0
24.51775785472045,1019.2968776836314,63.52710284370885,0,1000,0
25.474506797887905,1021.0818868298284,63.83423334903574,0,1000,0
23.3841058951614,1011.0741453330046,55.33107572438749,0,1000,0
26.697376197384116,1014.7612284424156,54.295111998034585,0,1000,0
25.32974545492477,1013.1699450213888,67.88533944464359,0,1000,0
25.805121099462305,1011.6447710458796,51.32765342092306,0,1000,0
27.036820490381245,1007.9125619852188,65.79238903094651,0,1000,0
27.16359962784803,1006.5125278174836,58.289304855208286,0,1000,0
26.70711649902183,1004.684331391452,63.52122468996623,0,1000,0
24.003615540574916,1019.4322443470148,58.85947392317814,0,1000,0
25.31403855782155,1022.9080581081556,59.7638299145863,0,1000,0
26.792542155322167,1012.053901762973,61.31850596717487,0,1000,0
23.79081284202798,1011.5016976771356,57.53654361906727,0,1000,0
27.901881128162128,1008.104452229551,60.98866129280841,0,1000,0
25.849819716830147,1005.5821729135104,60.07455849497877,0,1000,0
25.11200537749344,1014.2405570091626,55.210815294925865,0,1000,0
29.32687255552872,1024.3191738939977,70.9300790707689,0,1000,0
23.83035739116254,1014.2112002232208,60.51011406418973,0,1000,0
24.66556400300541,1009.1370289146528,53.3425611182218,0,1000,0
24.82970546309331,1014.3112669769556,65.31843979077664,0,1000,0
24.87954716103666,1015.7894842739174,56.386948084902656,0,1000,0
21.847929834417265,1014.0623331579196,57.27645191121948,0,1000,0
25.80671497713949,1019.004901522438,66.06637931391764,0,1000,0
26.31534327544785,1002.1330890794438,68.71628626306435,0,1000,0
26.83238869948929,1014.607713026334,56.32769015610267,0,1000,0
24.498288334981048,1011.3939476851872,58.55457669739731,0,1000,0
27.57921924633389,1020.1197112504592,59.41886565889794,0,1000,0
26.05802598353092,1011.1016814124672,55.4251117475988,0,1000,0
25.758351028788223,1014.1555380855568,52.56088136010177,0,1000,0
26.047015262395394,1016.261777208019,53.88614889658314,0,1000,0
25.39023332035157,1029.3044295952177,65.26091734454327,0,1000,0
27.262961270204364,1015.151019320117,60.54352477279763,0,1000,0
22.001442387108465,1003.3435050267016,60.18683786315076,0,1000,0
23.315899462630828,1016.1621391596608,61.278365481866295,0,1000,0
27.165800182358872,1016.4622106464428,59.027853054185655,0,1000,0
22.307003921305824,1009.1327340731503,56.76233660620202,0,1000,0
25.707382474480557,1009.2844046325382,63.1347598463701,0,1000,0
26.782340726459445,1026.568833824911,66.45008763050198,0,1000,0
21.16753691306608,1003.5573230885368,61.05753386864818,0,1000,0
24.459160175322538,1019.3498460367284,65.93411781021648,0,1000,0
29.679233828620987,1017.3773925266202,51.824340020666455,0,1000,0
22.628949564625756,1016.8713275982952,62.54603010086002,0,1000,0
26.610092476186452,1017.0486431254864,57.62058675491885,0,1000,0
25.84660345796366,1010.5148826124342,52.30970666121465,0,1000,0
27.142921697852536,1018.577327769633,60.45723429496236,0,1000,0
25.071087301393344,1014.5862198703024,60.83279355810831,0,1000,0
27.9887197868972,1027.8295540694903,58.60396449416804,0,1000,0
26.54191375393919,1012.617656474983,54.81792244005525,0,1000,0
21.583133069932693,1013.5655971856912,68.08546207400306,0,1000,0
22.171926980805097,1015.065572102982,62.293344302166055,0,1000,0
23.829037189825527,1020.3361518683664,61.02370336819442,0,1000,0
23.1641538736509,1013.51833331363,52.08682055576417,0,1000,0
23.657505942823143,1014.1640842451218,63.33335836483349,0,1000,0
21.353419350288643,1012.0788622818797,63.08114808113206,0,1000,0
26.810801837934907,1008.0551700368688,52.95803012984291,0,1000,0
26.29462601878124,1014.7541301428888,52.94544560931089,0,1000,0
25.962600426652493,1017.5919305802764,59.622284591517946,0,1000,0
26.881534453486708,1019.755264992452,60.056227330231145,0,1000,0
26.39115021563298,1021.1521843254748,66.48686525759585,0,1000,0
25.494289051643023,1006.8896621806284,53.34324467174994,0,1000,0
19.615448514665943,1016.5579520211317,49.55458423581076,0,1000,0
23.64527265700307,1005.0490502820498,57.7698443358437,0,1000,0
24.67496201279339,1023.5572012258358,64.37238585570394,0,1000,0
28.522822310435306,1013.876895054036,68.3982795230304,0,1000,0
26.40212137452982,1015.1029039808934,59.871147222702206,0,1000,0
23.524495392837583,1011.5097199886092,61.11503583129599,0,1000,0
21.25066123720296,1014.985651267905,66.1959579943225,0,1000,0
24.56042485805904,1006.3990917290728,58.4295762750698,0,1000,0
22.740383317807517,1005.2059011204708,56.18909631279457,0,1000,0
22.96441477210887,1013.4233812918368,58.38839176979086,0,1000,0
27.41783592564562,1009.4792830363454,57.884693700081385,0,1000,0
24.546640646191893,1009.3496374911698,59.05041626182244,0,1000,0
23.74033735540839,1008.4471172550474,68.07416912382244,0,1000,0
24.09674431660746,1007.54141563979,64.1449764115151,0,1000,0
22.89677708040435,1008.3082495888611,64.8161348255972,0,1000,0
25.26537451611962,1007.3412027498504,60.58176308460352,0,1000,0
26.47669442179565,1007.4092243844964,57.34915274081,0,1000,0
23.546760482653543,1015.3834156729343,61.167717448231805,0,1000,0
23.5384316079484,1006.1791322457592,72.25650375826575,0,1000,0
24.45794771649677,1010.6678699860576,60.12639158010723,0,1000,0
25.851285110383376,1012.2248083727284,55.54791731371512,0,1000,0
27.547497371181365,1017.2265161514756,63.82772298344057,0,1000,0
26.41833767371844,1014.2673895520796,61.053458349004565,0,1000,0
25.988915863553665,1014.2467611134756,60.559255178840296,0,1000,0
25.14790074089003,1009.3086444336136,57.95231855173024,0,1000,0
25.341067694630475,1020.0468191487644,57.78069310791288,0,1000,0
25.884333480457308,1013.2206209685402,67.82781057651697,0,1000,0
22.73266075164166,1016.032170217224,66.7481432011082,0,1000,0
20.393510731159125,1020.0110573498016,58.995893812949134,0,1000,0
23.074794318024104,1011.0388912570728,67.13668178649863,0,1000,0
26.28462308749965,1018.199541692538,55.654334500303136,0,1000,0
25.456416408721587,1014.2437532093318,62.82950743467372,0,1000,0
22.0068498885225,1011.1815292739522,61.42727896389103,0,1000,0
24.236379252739937,1004.5462644244698,56.04842967767764,0,1000,0
25.460969112865207,1021.7881308377667,63.26914086932562,0,1000,0
28.088322168631727,1005.1846870998976,71.37014295344247,0,1000,0
25.46128062872123,1012.3975681384612,52.83357494171117,0,1000,0
21.963574672680974,1011.824911216964,65.12705692030768,0,1000,0
24.81901798703461,1014.1906253719832,54.720530574626885,0,1000,0
25.819076161215182,1017.486042682269,65.63576385727048,0,1000,0
28.265886628017302,1011.5858591151156,63.29051096524118,0,1000,0
22.54580993430443,1011.263539217914,58.74477657845207,0,1000,0
24.369457415156447,1011.131623802829,56.66117253048063,0,1000,0
25.218370574624725,1010.0307537193236,57.44033395263712,0,1000,0
22.310899055193712,1015.8567909894292,49.79045306638483,0,1000,0
19.818415763999923,1011.3798027029052,59.416765623517264,0,1000,0
26.19118175696621,1008.41361200397,59.85993547327316,0,1000,0
26.11332464470939,1017.237445440177,57.85451800718165,0,1000,0
22.46917041564631,1014.7871125095636,67.66396402779979,0,1000,0
25.310412387768597,1010.4685442925968,66.808437761336,0,1000,0
27.633207660916675,1005.7935891331708,58.86552595124926,0,1000,0
26.54606972874253,1009.875397624659,66.26102216643872,0,1000,0
27.08690294260855,1014.2091371847904,55.58818306839005,0,1000,0
20.32939657469952,1020.9184975077212,58.330704342722136,0,1000,0
25.38246276978031,1009.0819274458336,57.08877909621431,0,1000,0
25.960202455354917,1013.3261669588628,56.56000020400168,0,1000,0
20.5977973772426,1021.106588359468,75.50858409947037,0,1000,0
28.896057126648017,1008.7426637740368,61.75104431492374,0,1000,0
23.45856188079508,1008.0512191144868,61.95512026630174,0,1000,0
24.38375941905368,1014.189019243503,52.64835536964472,0,1000,0
22.10622886809033,1016.9900082940138,61.6379799546508,0,1000,0
21.950295194758684,1016.3661484912476,62.425788903354814,0,1000,0
25.67259562146405,1014.1269635969536,61.34967824701999,0,1000,0
26.363003769397952,1008.7177938316096,59.96895068710021,0,1000,0
22.12975903954249,1015.5996963612064,49.41742883203462,0,1000,0
27.46486935055148,1005.1986683677588,57.88423715202331,0,1000,0
26.476726161367957,1007.1552538399734,58.649068942230095,0,1000,0
27.31575531597504,1013.9382020069686,62.492980107373874,0,1000,0
24.53628276413222,1010.64518912412,66.33076788451496,0,1000,0
23.983156732602,1006.8552801836804,61.98590085410432,0,1000,0
24.273067271388136,1019.9966885821432,57.20462783461051,0,1000,0
25.20158112162004,1014.0025965916436,63.79497251069922,0,1000,0
25.86832487506953,1016.4398785728824,56.75065218238142,0,1000,0
25.74365514456013,1006.4160207054076,63.31614081310486,0,1000,0
28.74058764689253,1008.5419810729304,63.11818139865289,0,1000,0
24.00624911278123,1015.3528834149272,64.91364147778205,0,1000,0
27.31310426678453,1021.4703887535896,61.17142364897513,0,1000,0
27.628143121425826,1018.5372328705508,60.41047174004815,0,1000,0
24.538292339286063,1020.5811733868884,58.111250369819,0,1000,0
25.36210636465852,1008.8594024799796,53.47676431649408,0,1000,0
26.22925136255997,1013.4030215693584,48.235900178704334,0,1000,0
25.281544810731244,1011.217342771464,57.63355646915032,0,1000,0
25.379644594380128,1014.5455446574966,58.68600462460702,0,1000,0
25.631810976991,1019.1992229850782,64.19302913547384,0,1000,0
27.78248457207362,1008.5899568004756,65.00816681475527,0,1000,0
23.792172899209547,1012.8511524533616,52.6507440911341,0,1000,0
28.539856373108886,1015.198908968138,62.68344356862824,0,1000,0
22.79955513914819,1014.1929887636244,55.3859887726314,0,1000,0
26.57764309923802,1009.8201043097106,56.563407971637815,0,1000,0
24.6359346715284,1020.4827145490212,52.33038172688979,0,1000,0
21.794732643759367,1016.4920892307752,66.42636241084188,0,1000,0
23.94084582768024,1017.6232685964322,57.61088626577494,0,1000,0
28.355491826418096,1018.823126877448,62.46757901508924,0,1000,0
25.19814610280774,1020.8277420541518,58.95870068559245,0,1000,0
28.9450074471676,1010.4290793983282,64.81410723549087,0,1000,0
21.838437919512483,1026.3680125087735,57.353984323491616,0,1000,0
26.39957267238883,1017.805622697706,54.15365146231827,0,1000,0
28.405256963654708,1011.628300761726,62.62355958759385,0,1000,0
25.33077952843696,1011.0162808299428,57.08294605401694,0,1000,0
25.86217605304681,1012.3180304298622,64.04854118097394,0,1000,0
26.083121270626528,1023.983822912148,59.99137881936387,0,1000,0
22.025673573070137,1021.3047608070082,62.04467417448798,0,1000,0
25.667045877431487,1012.15791406875,62.985102838499344,0,1000,0
19.1958002713023,1010.6701868182274,61.391435553514086,0,1000,0
26.527117939458687,1011.97731919154,55.69728204243092,0,1000,0
26.602820094146328,1014.9144654259954,53.82928039169045,0,1000,0
27.305418184433496,1012.7231356839616,58.765394324470726,0,1000,0
22.411297611633834,1007.8436613113832,57.467319657178926,0,1000,0
22.05946046658692,1006.559497328758,56.87248485991851,0,1000,0
26.18252155837352,1024.4100478069706,67.3544568572241,0,1000,0
24.16824354602853,1020.5567188727288,55.11889767712529,0,1000,0
22.816817538986086,1014.7077524894228,59.188441931781846,0,1000,0
24.954848844747342,1013.1301363794088,57.414655875404776,0,1000,0
26.26843805236663,1001.0153911140328,57.33059523665461,0,1000,0
30.141290425126755,1013.2021138854612,55.12440239394107,0,1000,0
27.75759700533972,1012.7645430286416,52.9222811615461,0,1000,0
22.383551746084507,1022.471302415298,59.22784487104734,0,1000,0
26.09366962560573,1016.7586374889548,54.057923929958335,0,1000,0
26.94021857427427,1013.3895178175028,65.48177719799365,0,1000,0
25.51860509381216,1020.3176377102031,56.88530510503536,0,1000,0
27.041971425078746,1009.3000940622652,68.01275022627152,0,1000,0
30.431516103314717,1012.268251667713,56.60964135014906,0,1000,0
23.390055645280302,1011.7645947478576,67.34835229009599,0,1000,0
25.700639472007808,1012.328431557964,54.355883799235805,0,1000,0
27.47054753410504,1018.9688922282947,63.469674309951856,0,1000,0
24.37262725915521,1016.463693034849,54.132431488262405,0,1000,0
22.78673966900693,1011.9888513269452,64.45385349361351,0,1000,0
26.764034402409703,1016.4906129916328,58.40359082727893,0,1000,0
26.376664206265605,1015.0966021503972,59.386639260139205,0,1000,0
24.50074646567461,1016.0346396182094,60.178828551057904,0,1000,0
27.42162036952903,1012.1949859547768,62.13727027809443,0,1000,0
23.0416195684246,1009.524458506529,65.32472305400418,0,1000,0
27.53983446357722,1014.1250365841104,59.40034715048572,0,1000,0
27.146616031167333,1016.2741778394676,68.73853293830184,0,1000,0
25.17032087539368,1026.5185685285544,61.50158252479258,0,1000,0
24.6348970085236,1006.764169850842,61.336503583016544,0,1000,0
26.763097122479536,1016.5151355421758,68.04580372777711,0,1000,0
26.98607830371258,1006.449144147404,58.70985235906674,0,1000,0
26.916747465915595,1016.7218766089578,54.926296163903416,0,1000,0
26.31869669700265,1019.4798296664331,56.65203523226538,0,1000,0
22.532339816174996,1009.1345002131228,59.8922228490425,0,1000,0
24.257675753471258,1007.7188328075964,61.54425244094895,0,1000,0
29.14605615635492,1013.2321961067742,62.67960062827215,0,1000,0
23.34625331769492,1015.2005284533705,70.65833919079006,0,1000,0
24.29560711284381,1015.3214996757011,61.3808659618368,0,1000,0
23.72027103321468,1010.7939422283692,60.4117874040973,0,1000,0
26.224105559930088,1015.2987274058216,58.44356325831886,0,1000,0
24.67068348205643,1019.5966218314528,60.87982824187788,0,1000,0
25.20626860734181,1009.7112925360884,65.8668343278879,0,1000,0
26.865310530285832,1013.1801022420074,55.95865684689928,0,1000,0
27.81350108147941,1011.032243620133,68.16541846638584,0,1000,0
26.745778963343447,1010.887122516032,58.6347128098335,0,1000,0
24.80765238003905,1011.8153425458568,64.40500192388656,0,1000,0
23.78076476108883,1010.5433172848478,63.26202947629625,0,1000,0
22.96534172114804,1006.5827375906636,65.79380489855781,0,1000,0
23.60634984215885,1007.3998002095672,54.076347972731256,0,1000,0
28.684312567214945,1015.3418431936938,61.559875503294165,0,1000,0
25.191111705509996,1009.9591922936512,68.46330966592659,0,1000,0
23.978347780200764,1011.801057318968,65.66245851459817,0,1000,0
23.25371247812208,1025.528548133036,58.03078075657424,0,1000,0
24.513073522625383,1011.0730793755696,61.049685449191365,0,1000,0
25.77759456844443,1007.9678923505672,57.64660753695894,0,1000,0
28.74043879983584,1011.5928111768447,61.30179196666309,0,1000,0
23.658093933292733,1009.7719847723316,53.94597834158266,0,1000,0
27.400624667407207,1012.5159972727272,63.25678982690874,0,1000,0
20.8585530162094,1005.5949097003368,52.42416294848921,0,1000,0
23.58543991611184,1013.6837688132932,63.423273424205306,0,1000,0
24.792257274425573,1012.2341874667504,61.78024159791903,0,1000,0
25.56860752109611,1010.8897537063845,53.91590867824337,0,1000,0
24.60798809031757,1017.6226248665946,61.34647552906046,0,1000,0
23.45823398543824,1018.0734933972038,69.1890380318309,0,1000,0
22.970834356911784,1012.3336091852726,59.51255315062035,0,1000,0
26.489906321340698,1009.1363812752992,58.08700282410432,0,1000,0
25.337469915903245,1011.1939010172676,50.8915577218282,0,1000,0
27.013431719006174,1020.8999638171048,59.83184657663116,0,1000,0
27.93703428216995,1016.6079641699188,64.45513281919607,0,1000,0
25.115799997265807,1013.0872848858525,60.05531266379803,0,1000,0
22.773594660717997,1013.1358357452284,65.39570988852323,0,1000,0
26.319679825788263,1006.7974100863444,63.20063831505677,0,1000,0
24.374646714919997,1018.3932475374984,58.63239618382872,0,1000,0
27.431644432058132,1007.147330799372,56.83578110289433,0,1000,0
26.272000138257447,1010.85132398838,63.18220541841609,0,1000,0
26.819643045818744,1012.0355899922084,73.00545602581703,0,1000,0
21.98333842171183,1009.0166938235552,57.765572697377046,0,1000,0
25.685296237972487,1010.1829216983056,54.33450389452619,0,1000,0
23.0498101935158,1020.1182652179972,49.72486280587107,0,1000,0
25.73847865563473,1009.5456394838448,61.20349967451118,0,1000,0
23.554641834879824,1011.7247446445506,52.32348268837798,0,1000,0
21.45750807061298,1008.2261887220118,58.57297953334565,0,1000,0
23.420921870826646,1015.5233837818492,55.14664096959972,0,1000,0
26.78466919520248,1014.3191703573068,61.95267779693872,0,1000,0
25.85926380727833,1001.3519854227358,60.13802308566398,0,1000,0
28.78465955785241,1020.6389002914482,60.10009857087002,0,1000,0
25.26253178281115,1005.5973599224372,65.68813484927773,0,1000,0
26.39271011408105,1012.55176701152,63.66483352484252,0,1000,0
21.71398638348346,1015.023874834476,64.9068825183194,0,1000,0
24.419207068750477,1007.1836687605988,66.87501123273513,0,1000,0
23.42620989016533,1013.6800312189316,57.962875429361226,0,1000,0
23.42416378898625,1009.0278567505364,53.12783213022932,0,1000,0
26.260545927513927,1018.1088372893674,61.36410435316794,0,1000,0
24.280513582555574,1007.7246588650096,55.01588916309146,0,1000,0
25.731570808919056,1019.1007923127416,69.73837393117316,0,1000,0
26.31040251971438,1007.148746827243,54.29598358764607,0,1000,0
26.04898468681771,1006.0910455204518,73.95202395425183,0,1000,0
22.20049203518016,1019.0367298106984,59.59889815197111,0,1000,0
24.73227919995196,1007.998604018424,64.28454370435868,0,1000,0
27.648190378571627,1020.2049644280952,50.917282349945474,0,1000,0
26.51009773809404,1013.4149075788804,60.75493802724979,0,1000,0
25.7117245661763,1009.1904261356074,59.30202574708821,0,1000,0
26.50397240938659,1017.0792180764884,70.63200868393444,0,1000,0
23.19179329546056,1022.5510085713852,73.53624244693843,0,1000,0
23.953022051939065,1012.2462920300432,62.98297198858934,0,1000,0
26.84136991723878,1011.3960534363964,65.29875045392909,0,1000,0
26.35690357968446,1013.886127750064,60.62659132817421,0,1000,0
27.20227363539124,1023.7560476111474,60.61258479669186,0,1000,0
27.087561584979927,1012.1247593631114,65.32498754714393,0,1000,0
26.19926349837323,1022.7423971728572,56.38781544833197,0,1000,0
24.199582841625705,1013.2983880818508,52.53875811281616,0,1000,0
23.77187199052503,1013.7178320353294,66.82740144495942,0,1000,0
26.57393858148609,1015.1751972355132,50.71787482341731,0,1000,0
22.992343782169037,1011.6031766672576,60.55373674705902,0,1000,0
25.91914422134597,1017.8154931882574,57.27479631046017,0,1000,0
26.02698579228987,1007.5417832747426,63.58602904648958,0,1000,0
25.29973933547473,1015.79944807541,65.27223309006234,0,1000,0
26.69158054841633,1022.0469763773614,56.354360156698135,0,1000,0
25.120432002769324,1021.0865524213442,63.895855937176485,0,1000,0
26.13959213425078,1019.1263345775046,54.20339756178636,0,1000,0
24.76756652867497,1006.8180555783396,66.41632214870654,0,1000,0
26.21561539947409,1011.691088835574,49.70193441547144,0,1000,0
21.540611262985745,1015.3962216348168,59.44557191404174,0,1000,0
26.64853181929312,1018.4154137506092,61.31636826672701,0,1000,0
24.35221256196429,1014.8994319527357,55.13847633541343,0,1000,0
23.837070488424253,1001.3921757766234,57.94663778465674,0,1000,0
28.627958155549457,1013.5425807593208,61.219036879972,0,1000,0
23.451707757582867,1013.8179839842002,64.71384456966933,0,1000,0
25.869081930734204,1007.9618265934614,63.03871144111371,0,1000,0
23.75720645001813,1023.5280448426377,49.56033951290166,0,1000,0
27.491810547658755,1007.8934106067125,55.31391001453979,0,1000,0
24.16524957366413,1010.1166251722016,59.06247609404216,0,1000,0
20.199991716286902,1017.0503592168718,62.55304306995746,0,1000,0
22.57641273590957,1014.3949331901312,66.13854175164549,0,1000,0
24.499635529493094,1016.0356596418673,55.65241530368051,0,1000,0
25.488940525196043,1014.5705862617384,57.55625737502015,0,1000,0
28.66000979080689,1005.7478147823988,56.72503606315641,0,1000,0
22.34732201432507,1007.6372458408616,65.19867179664439,0,1000,0
23.61355892063828,1018.2446951637116,51.87012555741319,0,1000,0
26.535817030881493,1011.7584103396716,60.94173148626749,0,1000,0
24.45041960827122,1014.38497236699,61.32256211988583,0,1000,0
24.24377493452077,1015.1698941074576,62.621171681941256,0,1000,0
25.069814033607823,1014.9255927376164,62.47083000500299,0,1000,0
25.6215701207932,1000.4829860108632,65.75716074316372,0,1000,0
25.145346399669105,1009.791005682666,48.9061177555728,0,1000,0
25.0914894197902,1004.7198237083904,56.832205018689024,0,1000,0
24.60369677033488,1010.5155570702816,65.87375705172478,0,1000,0
19.151933782728733,1014.2359535732456,64.19409058798865,0,1000,0
27.13165967012359,1016.6227522998828,55.48088146370295,0,1000,0
23.895967864609126,1011.6057010195372,55.99346786890356,0,1000,0
25.37510566962377,1008.5084688226334,55.87358910575861,0,1000,0
23.79355350887488,1013.0337347678098,59.34704144389094,0,1000,0
23.1585720787978,1011.098230293402,56.08824909827853,0,1000,0
23.894718148673448,1010.474429923319,55.80331531438405,0,1000,0
27.32614691934635,1011.6589194762252,59.067149577689015,0,1000,0
23.948437024405795,1015.485303264984,62.514406034706674,0,1000,0
28.637187710884373,1010.4219821395924,69.74592058374523,0,1000,0
28.455232826681208,1013.132200070748,62.682280549573775,0,1000,0
28.11955145041027,1010.1207697641933,69.16959273302989,0,1000,0
24.10616040007441,1013.0648478385666,62.47915757846998,0,1000,0
27.13213969063072,1010.1763257692996,64.88033784622262,0,1000,0
22.45679525678662,1012.7369873747064,61.14656598234074,0,1000,0
24.75706023052905,1018.8297566424072,60.63168599793449,0,1000,0
25.788869281317552,1015.243020405702,59.060480008215066,0,1000,0
26.84173296712041,1009.0347686667689,68.48362270165343,0,1000,0
22.41683742134411,1018.6736869786172,64.83955476376163,0,1000,0
24.948715804627884,1013.0697306459508,52.2803679747832,0,1000,0
24.28789515285687,1016.4354388066256,65.06025209013208,0,1000,0
25.41183719134356,1000.408413643059,50.73347143035294,0,1000,0
27.577080795361766,1013.4901048485252,59.17153503926127,0,1000,0
25.566478696050886,1017.750603699737,59.87071319292992,0,1000,0
24.773414616930403,1008.6050932246924,54.72513961202654,0,1000,0
21.558550868971285,1008.8061091854844,57.54445141437835,0,1000,0
27.41414976802437,1013.4504885905768,56.10354367031888,0,1000,0
24.49645105522251,1007.5584024715474,52.42459623272331,0,1000,0
24.0387313163202,1013.3563841671316,61.688056920453306,0,1000,0
24.891636744971464,1017.4543862894128,59.212926934794105,0,1000,0
22.98333232560945,1012.398044338837,60.28830739523782,0,1000,0
24.02708759520808,1021.981498173402,67.87769700870182,0,1000,0
25.45553848968241,1015.8442174074024,63.74404728017942,0,1000,0
22.67258985392496,1010.092376334116,62.01705492736249,0,1000,0
24.43420082977342,1015.306812052181,62.15253364614414,0,1000,0
24.316900059008347,1010.0080556861944,56.41753731074723,0,1000,0
25.013350632710985,1011.7978381839174,58.46395750458491,0,1000,0
24.074465877921664,1014.3553749950536,50.49376350346169,0,1000,0
23.31014279247776,1013.47140141496,72.4481016905815,0,1000,0
22.11286518255744,1007.5796287427572,65.53152286618752,0,1000,0
26.534051569375944,1013.555273928548,65.85631116400528,0,1000,0
25.83271762712825,1019.1494222325084,56.01235008715633,0,1000,0
25.48655902732748,1017.4078396931304,59.04586102305839,0,1000,0
23.58119497751046,1016.6634525476336,65.49589666240001,0,1000,0
25.70269180443321,1014.8825907105198,64.6430127679217,0,1000,0
21.00212259769873,1011.3782810995776,54.52706027169124,0,1000,0
25.41609355257741,1013.0880172520942,62.78550589310026,0,1000,0
23.609941850825017,1005.4965657984854,58.65151162103492,0,1000,0
27.93685376173381,1019.0448523573498,59.56021200700785,0,1000,0
27.22334726447357,1014.5685232433932,61.04784118218906,0,1000,0
23.8651811473676,1011.4776038757173,53.16820198151029,0,1000,0
24.89252467808929,1009.903254000978,62.2203563742689,0,1000,0
21.711473458602992,1010.9842236695104,61.41559743750824,0,1000,0
24.49407891752584,1017.9775521845652,60.30933234265334,0,1000,0
22.65863232275389,1010.2127766148463,56.61444671734303,0,1000,0
24.649671810027293,1009.705735556744,58.87030096586672,0,1000,0
23.97143011560844,1012.0123849687624,64.79251413942109,0,1000,0
26.23136230202888,1017.2801878251624,58.380650830690456,0,1000,0
25.655909297362047,1014.0648467755018,62.62102924122525,0,1000,0
27.15014181656189,1018.6722504939454,76.84244594407227,0,1000,0
28.559148381553097,1015.2051729321416,63.38793755910197,0,1000,0
22.03042247079278,1003.3291481599376,64.8430632477226,0,1000,0
24.89829720997823,1014.76699195339,54.918548462294446,0,1000,0
26.75944211096495,1014.643463490218,60.477387735076825,0,1000,0
26.87833941356054,1011.680788598518,60.74695654337099,0,1000,0
24.547522940652858,1016.0184338784154,65.51212666406504,0,1000,0
24.53017946837598,1016.2679771767214,59.394670673709655,0,1000,0
25.737444268771448,1012.6134578964304,55.52021378182896,0,1000,0
23.63304122210223,1010.7530025800568,62.05264103648644,0,1000,0
24.64788753786593,1016.3914344981824,63.7722679939652,0,1000,0
24.40451189172483,1009.2122398417416,59.30942273033932,0,1000,0
21.926503826166005,1014.5223803490612,58.878589834492914,0,1000,0
26.59536074161493,1024.1436079544196,66.38646849090495,0,1000,0
25.95021559838304,1008.8046123298628,74.6158311480015,0,1000,0
27.71908263677468,1012.4938966591676,53.53428265107495,0,1000,0
27.612841662208496,1011.3111496933,51.42883618247193,0,1000,0
20.8161959597915,1024.224413577055,69.88447981094636,0,1000,0
21.52330868895597,1009.817413495502,59.27433163687208,0,1000,0
26.79557289236521,1008.5149189519578,65.50474292728335,0,1000,0
27.314245967356207,1018.0409762382176,62.16555326082408,0,1000,0
22.70303880643636,1018.9360488290264,61.67795417121696,0,1000,0
25.589079131991,1024.494457082974,67.4898749487455,0,1000,0
22.44404080710107,1011.2493379646352,63.05189871410333,0,1000,0
25.328682774253476,1018.9827105455234,56.69079809346298,0,1000,0
22.71062170190237,1015.9400126471832,53.062674693039966,0,1000,0
25.214919052480784,1015.4690515950324,55.2860755568589,0,1000,0
25.915863862671028,1016.1847355944236,57.31918952560367,0,1000,0
23.576148525134915,1020.4700701856387,58.26466227162801,0,1000,0
23.03008424352413,1013.5495039880398,56.104556114477056,0,1000,0
24.79895782280278,1009.73056593276,60.60422135720615,0,1000,0
27.479103382768148,1011.833641468219,51.67700773574224,0,1000,0
24.738782081079616,1015.2081598540636,68.90080527126096,0,1000,0
20.609269237652452,1014.7329370769256,63.7145425650593,0,1000,0
24.929584005686685,1008.5274132331464,52.95712062050954,0,1000,0
26.16498014669635,1014.0265674296766,56.07037553046904,0,1000,0
26.595941545471565,1011.6394495555688,62.89993108163699,0,1000,0
22.94778257507934,1011.0447738077468,58.40708427073633,0,1000,0
26.46532765536584,1015.7903409549444,59.95065098498523,0,1000,0
25.729838719528363,1013.1780233886008,60.83900672827371,0,1000,0
25.504287203813885,1012.2475117861542,52.07674723374489,0,1000,0
24.875575128827315,1015.4603513691908,54.84114994467143,0,1000,0
22.23930862523547,1015.3573688336396,58.012195208218856,0,1000,0
26.435625963761336,1012.3334190682364,64.12469715783112,0,1000,0
26.317584369379382,1018.7913171933292,63.49181917395586,0,1000,0
24.11994433742489,1014.9216606570304,58.247203070085895,0,1000,0
23.74138222665432,1016.7820330295142,59.50732598886958,0,1000,0
27.798472227644805,1015.9831102085624,64.46394201169386,0,1000,0
23.56391613570639,1014.1566009674508,62.38649933621738,0,1000,0
25.976786894731724,1012.7951207913538,51.87674650357242,0,1000,0
21.90385578419609,1010.1953913671535,64.17116887947826,0,1000,0
23.660621831438736,1010.990635092847,57.24756502641602,0,1000,0
25.408192908370545,1009.2446300890692,60.85670803064858,0,1000,0
29.33988093151084,1019.18724360891,57.70988127241392,0,1000,0
24.133983407604877,1018.327703532781,54.97095376871556,0,1000,0
25.655272354755528,1022.6256918078824,49.787011170099305,0,1000,0
26.481606638007555,1020.4347911883676,51.134505167551815,0,1000,0
23.600455692075496,1011.1660251701104,61.45245956747584,0,1000,0
24.376931402968918,1011.4280296980828,62.13776678425446,0,1000,0
25.23661687995616,1014.0832361185312,58.303153792342734,0,1000,0
25.642693914022537,1019.4673205479904,60.95760681970192,0,1000,0
22.97685708712608,1004.8663472540212,68.00989975872591,0,1000,0
23.607491525742304,1008.5559786235336,59.71663530011965,0,1000,0
26.567790434059543,1005.8165199128103,64.87954732154712,0,1000,0
27.183260659523445,1020.491782298316,58.67499033760864,0,1000,0
23.69911742261863,1010.9190714663304,62.52458748303455,0,1000,0
25.63586378125708,1016.1302322997572,56.8644085212627,0,1000,0
26.90217844796341,1013.511812827,68.20126828530053,0,1000,0
24.73744103147469,1013.9033732187562,56.428653638940204,0,1000,0
25.458659282750247,1017.897423297584,57.91447402553812,0,1000,0
25.86662585570144,1014.0977564407646,58.665508664536176,0,1000,0
20.7114528038299,1006.1623435984538,59.43043438912698,0,1000,0
23.54914368144034,1008.869197462591,60.08877299062082,0,1000,0
24.49755684441903,1019.7669676166586,52.43106622021734,0,1000,0
22.8683969157088,1013.0894121758485,64.35151941050566,0,1000,0
23.59891419488728,1008.4833170168988,64.9070679161176,0,1000,0
29.89139942242974,1009.355283956168,68.11901290088518,0,1000,0
27.884507254696025,1011.165694620214,59.15566762298503,0,1000,0
22.85770154453349,1018.0414069808132,63.60247702926628,0,1000,0
24.96257076126037,1010.6249138656638,58.408693411977865,0,1000,0
25.2191501033031,1019.645186762736,68.12975162170196,0,1000,0
24.64338664584641,1016.56504584316,54.97498217075977,0,1000,0
22.366001818727323,1012.1860473333772,56.27728191775566,0,1000,0
23.788560994995407,1005.4648146667612,58.34330720790647,0,1000,0
22.409797731715003,1017.1077854771914,57.65199985299947,0,1000,0
23.006278803421203,1011.7997066431968,58.28530326641926,0,1000,0
24.961963085530414,1006.1129000240018,56.63317061152296,0,1000,0
25.040628736089868,1016.8019899836586,58.18052072072937,0,1000,0
25.993124789106083,1018.9636396916756,51.93499526920495,0,1000,0
23.25146651326813,1012.6601350460114,66.46086516835007,0,1000,0
24.89498420602622,1011.5630207511072,63.61863561060149,0,1000,0
25.073089447619694,1018.543633746636,47.47568783519881,0,1000,0
26.2871989650829,1018.4192992622912,71.06309046704159,0,1000,0
25.473392191644663,1011.36040944533,55.55557625311156,0,1000,0
24.079897524879225,1009.968899608992,67.16033740873985,0,1000,0
22.088345403021886,1002.622895178396,55.43519564580103,0,1000,0
24.313521492492743,1012.4153940989264,66.74823791102854,0,1000,0
24.92884115655841,1000.057922675628,54.8995900022636,0,1000,0
24.238776564808376,1018.494853366117,54.66712728551905,0,1000,0
23.49360636315613,1003.1004070643272,53.133693669283296,0,1000,0
24.00924162491737,1022.7199002824498,63.072593633728935,0,1000,0
22.606260413055004,1022.601734864511,57.87267806059158,0,1000,0
25.709370480236785,1015.0509911060376,53.1760560864146,0,1000,0
25.89277959712113,1014.1350881442864,54.39330202625684,0,1000,0
24.546927437904504,1015.6916089550158,59.16269428481973,0,1000,0
23.364749797137197,1016.161661061344,55.96414614711788,0,1000,0
28.78326811243549,1009.22874820403,56.31862875662499,0,1000,0
25.35784367465683,1006.8240540128412,58.37114693902657,0,1000,0
22.186651078041344,1013.3908253418784,60.3963636186874,0,1000,0
25.405441526004854,1021.4888548890544,67.43244654648755,0,1000,0
24.745459524812205,1015.1814966584608,56.89742995560142,0,1000,0
24.98331986022275,1009.6038068379922,59.29451096320247,0,1000,0
23.252047543926256,1011.011664334249,48.76202885328522,0,1000,0
26.11649228654261,1003.415991766694,63.36794898782252,0,1000,0
27.28188981059372,1010.1337756140756,55.07393774647264,0,1000,0
25.36603995168843,1010.5668325456014,46.16869270035549,0,1000,0
29.35664000366244,1020.54432015521,64.77427306980294,0,1000,0
23.85068476565008,1016.8227490309204,64.52343422605026,0,1000,0
26.323431923785485,1010.1426920477018,57.21407718492308,0,1000,0
24.145830137756537,1012.7166748810026,59.69188814660837,0,1000,0
26.41591060808128,1009.1798394257054,62.767178155462005,0,1000,0
28.599712160045996,1010.2539114913104,67.52825937970485,0,1000,0
26.044915950364786,1020.1295342412758,67.55719616605897,0,1000,0
21.91389904746828,1023.21276487767,62.53291953833978,0,1000,0
28.069225753964023,1001.2060347090684,67.15136972493082,0,1000,0
23.52929083760314,1012.54085392846,59.65441182985365,0,1000,0
25.980190259919027,1020.474191034372,68.40943312487948,0,1000,0
23.11746539035207,1012.62003839523,53.41668327869208,0,1000,0
23.19632077228798,1017.6351947194736,59.92423574573256,0,1000,0
25.40511729291609,1005.5983205760632,56.00659979978264,0,1000,0
24.61380930614972,1003.4735398171032,61.18397508740683,0,1000,0
27.85404738051307,1012.7902263126316,59.63241708604371,0,1000,0
27.06719221666673,1018.2476406548474,66.89791834707472,0,1000,0
23.996805163790345,1003.8792550876316,62.68704060340328,0,1000,0
24.52354818229741,1015.9719677577976,56.49075770824173,0,1000,0
25.37845264606797,1007.5294005950352,57.38924621624647,0,1000,0
26.88206031373227,1026.0525192074483,62.99863701390194,0,1000,0
24.813655489715533,1011.2679711239,61.85081258744631,0,1000,0
22.520173362703947,1011.6781454713476,53.78415159034149,0,1000,0
21.063815795739867,1008.0458314482368,59.8588844927544,0,1000,0
24.56117669330397,1004.4063507626068,65.68625647413207,0,1000,0
24.325007695474287,1014.8782095914012,65.0949895872513,0,1000,0
24.07904344425097,1023.0958816273568,52.40307317143942,0,1000,0
25.90574499495204,1004.8915739849232,53.68642780036803,0,1000,0
26.78958707991135,1011.697188785403,67.31348322998842,0,1000,0
26.669244993352898,1011.402035018204,52.63211659389064,0,1000,0
24.531156027677696,1018.3685966454808,64.29154936370787,0,1000,0
23.080813058070756,1009.2878265502188,68.03901905607057,0,1000,0
27.23675301620856,1013.1933716717184,67.16215676229116,0,1000,0
26.943411195291773,1013.9415178302368,62.67543958466667,0,1000,0
25.714906330411065,1017.6546835008372,63.40411691451655,0,1000,0
26.4970479560056,1016.9721674318564,61.53747742003137,0,1000,0
26.92712218463546,1012.1859461950788,61.34063571302312,0,1000,0
24.895261272779354,1016.3656615422822,64.16933610847154,0,1000,0
22.31392181913144,1021.9495985942244,70.20603145241996,0,1000,0
26.745483693669872,1020.3296313569764,56.76102537174072,0,1000,0
26.38721856364273,1008.0770454454134,60.47304464375129,0,1000,0
25.594083453649585,1017.0189450016558,62.79159485960943,0,1000,0
23.880912362754994,1008.9578132469322,61.08723505624741,0,1000,0
25.03095097057408,1009.8052753720772,61.75731618179387,0,1000,0
22.86981354524057,1018.965505785246,63.00279105825114,0,1000,0
24.00643014847427,1010.560648266762,51.89438527039405,0,1000,0
25.79752952610671,1011.8227549225396,52.74994649351417,0,1000,0
25.862112892191423,1012.9907620415712,67.19343082717944,0,1000,0
27.95468129256724,1013.6107050732872,62.08055373593197,0,1000,0
23.558225436481944,1017.1073556351236,64.56118116870212,0,1000,0
24.40412687020006,1014.7220865975636,53.36954610864885,0,1000,0
23.711919522521587,1011.1634829633848,55.24323860651424,0,1000,0
25.65403992255575,1020.8617854907428,49.052239097283525,0,1000,0
24.822242512556816,1013.1262785625242,61.15572755618764,0,1000,0
21.869792290824737,1004.649153928454,59.84321999689274,0,1000,0
27.54994096058893,1006.5356901447922,69.5593635511501,0,1000,0
24.748167608942552,1019.3863634374786,62.47723463361482,0,1000,0
22.224509332175447,1011.3771997254114,53.89047982890744,0,1000,0
23.86342654382952,1008.9491022091267,58.74471367256727,0,1000,0
27.53083308506096,1009.3349884946732,62.97163824397046,0,1000,0
24.979692931365747,1015.9006005550256,65.4294902720901,0,1000,0
26.54768802118017,1010.381891183158,60.27097983447469,0,1000,0
26.90651925298608,1012.5032472676512,60.26199970568794,0,1000,0
28.139837252544183,1007.4084831923489,53.93052047888074,0,1000,0
22.54658254807712,1010.4113139116176,64.14392976602218,0,1000,0
23.12645368383739,1016.8418020918654,61.26433867408814,0,1000,0
24.084261778085985,1016.217122078628,54.32216765703024,0,1000,0
24.83183432524181,1011.4651745729992,58.498125101261,0,1000,0
26.07255500128256,1016.0121189189144,59.62242416736224,0,1000,0
26.817803254376624,1012.2201067366158,61.28452672178593,0,1000,0
23.80094045509069,1013.3916340693124,67.72196043027068,0,1000,0
21.568050822016254,1015.876964083393,57.28577377794287,0,1000,0
27.74328288486289,1010.6163573945277,74.15394172904998,0,1000,0
27.483538083450583,1009.690235796411,62.98429571625428,0,1000,0
25.16073348854301,1014.2611895987231,62.37175152027129,0,1000,0
23.05921393896889,1011.1458479392668,62.22095786625007,0,1000,0
23.88550918818548,1021.204866608446,55.376456819333896,0,1000,0
23.008627938289244,1017.7879737993368,52.93424959401113,0,1000,0
22.229221881580475,1017.4082189042508,67.50586890768744,0,1000,0
25.549390200672462,1017.7230159469292,71.43896646180181,0,1000,0
24.66685954064843,1013.4851255496642,70.38151110837991,0,1000,0
26.27275829574177,1004.60933106204,61.08965729039853,0,1000,0
21.992008651163296,1017.1117607034236,59.83765372511801,0,1000,0
25.23099236210349,1009.7476279371426,51.44858130403404,0,1000,0
27.36129032393211,1006.4179679848596,56.643391475001685,0,1000,0
22.004465384499778,1017.836575921058,53.60552308634344,0,1000,0
24.1260275518642,1015.77626994587,65.44985667138288,0,1000,0
23.70927413424777,1011.2631573310435,61.757239555579375,0,1000,0
22.43399304342358,1017.5779260191164,67.85307031859463,0,1000,0
23.81623572944453,1009.1857253804033,63.02357196544345,0,1000,0
24.07974182784364,1011.625684233947,68.27562891489785,0,1000,0
28.08897757522532,1015.732303733718,58.5130866705879,0,1000,0
26.736025436241203,1008.5627100217896,64.84445905800858,0,1000,0
27.127029960261897,1016.451848270452,60.57208656616065,0,1000,0
23.084639644199527,1008.5024746330272,56.23814735163191,0,1000,0
23.616612286850177,1017.2478208463842,53.92009134787765,0,1000,0
25.497991948946314,1017.0771665117868,59.3379271511298,0,1000,0
25.323113893997952,1014.2838797916085,56.46926493496848,0,1000,0
24.01788058961321,1010.7422401085856,65.88948326621575,0,1000,0
26.546428718031564,1020.0641442144486,61.12032493405043,0,1000,0
31.29875630215624,1014.422982169007,61.50882157676045,0,1000,0
29.16503203778489,1011.463750014452,58.00052583329696,0,1000,0
26.96444009561932,1011.2181098667276,53.5004102296242,0,1000,0
22.73000905108317,1016.0723289867676,57.84793781764036,0,1000,0
25.10455944301521,1010.0646791155108,54.93986486121542,0,1000,0
27.040840400309836,1016.6261429134591,59.60356163582348,0,1000,0
22.660083387263512,1001.3667637387056,61.3112882075505,0,1000,0
24.753284901996416,1019.6758564245793,56.939688730722736,0,1000,0
24.799268146623955,1005.3898307341829,58.57715619964124,0,1000,0
26.48007159371823,1013.6659981535272,46.16249872689732,0,1000,0
26.843391946263903,1020.293915160833,60.55851802535656,0,1000,0
25.378601420442045,1015.0312576925326,62.865907094674895,0,1000,0
24.01865231364872,1015.540654203586,66.81515645420922,0,1000,0
22.95373944439484,1023.823397719476,68.74435084350677,0,1000,0
26.136643875709108,1015.4478911751085,60.78293027946409,0,1000,0
22.572170923377787,1019.4208402564068,54.84812283436793,0,1000,0
23.671470086889634,1015.424115899769,63.800487182923774,0,1000,0
23.652906412540144,1004.970502615758,57.231991336187946,0,1000,0
26.021455953199176,1015.3794313115736,65.19655938435083,0,1000,0
27.755616958153997,1016.9592520122806,65.58211438069,0,1000,0
24.24582024725275,1012.3854427206802,60.41986584617707,0,1000,0
23.01187471839304,1016.9440206129592,62.64368394164119,0,1000,0
24.58832008666972,1018.6532697045176,58.69901362171543,0,1000,0
25.74681646684596,1013.8112558900413,59.77787019609955,0,1000,0
21.840628234556146,1009.9011491960604,68.75123818185232,0,1000,0
23.352709709666048,1013.6051788923093,60.28997925609048,0,1000,0
21.90950048062489,1014.992086481544,58.15556814410785,0,1000,0
23.06131099944519,1010.7772971253544,60.2894615925528,0,1000,0
25.97502176556047,1012.9452770391848,61.6063265312818,0,1000,0
28.93904471602426,1011.4476537027324,57.467836359868016,0,1000,0
25.71211245695476,1014.4897943799124,62.91210683596226,0,1000,0
26.04314892682565,1016.3989976510032,57.40092840266435,0,1000,0
26.9230700953148,1015.4174311569534,63.78860661604106,0,1000,0
22.33686555356066,1015.3241345132648,61.87582359892677,0,1000,0
27.54920591731815,1016.9609337139316,70.72757963019882,0,1000,0
24.106155049316627,1017.5224111837266,53.81518912249038,0,1000,0
25.5987339835825,1004.4291253190336,63.05394931961357,0,1000,0
24.68183116132741,1009.8246605277787,56.20306213772445,0,1000,0
19.71368091228257,1014.6526256715362,57.78827429350786,0,1000,0
25.724365843949396,1006.8798217890312,53.06062365602487,0,1000,0
21.235181592308784,1017.520810183623,55.83018461844893,0,1000,0
24.680359826019483,1004.2135156079796,50.513974468267456,0,1000,0
27.494431503183108,1011.2132501188077,57.153185695298205,0,1000,0
24.612498634583243,1015.4975040172236,58.672061868293966,0,1000,0
24.03053765481129,1008.2451617297538,58.62557097852911,0,1000,0
22.28544022789041,1016.8117530200798,63.91605387507539,0,1000,0
23.56294936395035,1012.1825937298436,56.8647926579276,0,1000,0
25.47220990245653,1005.5211948024904,60.42326795950108,0,1000,0
25.493555498677832,1014.3347657125126,57.29768040544689,0,1000,0
28.8016377112464,1013.4992455556464,62.93317235424047,0,1000,0
26.628396884775345,1008.12372433924,66.21247481910243,0,1000,0
24.9038870449723,1012.8176389252976,68.4887048056146,0,1000,0
24.75560287132147,1013.9401336526154,54.39154504511863,0,1000,0
28.45119982687705,1011.0683348331472,58.76118151992759,0,1000,0
28.649437497293377,1016.1853342146028,65.64464546110855,0,1000,0
25.635582789387065,1022.5226633848354,55.684924432664864,0,1000,0
25.472872925059992,1006.5208933858204,56.18059166218328,0,1000,0
28.04466446795519,1016.1614396188126,68.55411423167803,0,1000,0
23.07431828778096,1014.4652185004657,63.68392275951231,0,1000,0
25.834628131881345,1009.0429467111304,63.38981020087064,0,1000,0
24.755861196577385,1012.5566169935628,54.7180936180706,0,1000,0
25.301967216194377,1011.6258499391564,66.4486392098742,0,1000,0
22.033351945732942,1012.8130927267696,61.09458224142041,0,1000,0
23.82212140961886,1021.2955804468857,63.33971662286115,0,1000,0
23.494970163044137,1019.9966492852536,61.398531780252895,0,1000,0
22.83067661335629,1021.0049315481592,54.92209346281244,0,1000,0
20.511919066693192,1012.6613456606416,55.43373304348104,0,1000,0
24.7200466772714,1008.9129461614503,54.65212986385499,0,1000,0
24.01521988345864,1010.7136846141988,55.07171017867622,0,1000,0
20.591724268332666,1018.7849834067064,64.72258796942491,0,1000,0
22.228463377684147,1022.5144466955072,59.38820896823376,0,1000,0
29.37274400974733,1008.7735339380622,58.23060868142042,0,1000,0
19.83431051647025,1019.3382420120206,64.12199876693724,0,1000,0
25.06080535241438,1023.5911909137534,65.91140176622271,0,1000,0
26.323436803961517,1009.8232013842965,67.80079052757705,0,1000,0
27.28988786887544,1020.4854905646814,67.10020752851872,0,1000,0
24.43029810166656,1012.2299010933542,58.4577193878536,0,1000,0
27.636947559094097,997.0012752191273,55.14475893322909,0,1000,0
23.68570746023304,1009.1305791954736,65.71559811001123,0,1000,0
29.579081426932355,1018.5691325415676,61.2939524937538,0,1000,0
26.18452940580761,1013.8182239291814,55.28844091639672,0,1000,0
24.904680822206497,1011.8737421981286,62.6783580685646,0,1000,0
22.8852323337807,1007.4257440895868,67.06785449168781,0,1000,0
24.62848228254134,1015.1741846856208,64.20360407451422,0,1000,0
25.02643351206016,1012.8926565074206,55.0717479272055,0,1000,0
18.61826579871053,1016.2839304393284,50.86814636612188,0,1000,0
24.998065335773905,1008.5223513924342,54.26924380135685,0,1000,0
28.899809355582647,1009.9417509111614,58.97835500228658,0,1000,0
26.640922267729625,1010.4322591337803,51.387327660656176,0,1000,0
24.65198179814569,1012.7583961838948,57.449324376228645,0,1000,0
24.082699503852307,1014.1238581548192,60.504341505416974,0,1000,0
28.87168357439776,1009.4306706054748,60.91499176131264,0,1000,0
26.20073005118097,1014.193023534147,65.68397613928782,0,1000,0
24.02738901173151,1009.8500969375336,67.3403948742199,0,1000,0
26.064295158697483,1003.586289307305,52.02836830173474,0,1000,0
23.565171134276166,1018.2926508633902,59.254309401016656,0,1000,0
23.315066771855005,1019.0356927785195,57.13059327207431,0,1000,0
23.18402441558572,1011.1779878411512,62.05118518341479,0,1000,0
24.23416914738491,1010.3361479121818,58.76955160357133,0,1000,0
26.521779312943,1011.666219139211,56.18672787908882,0,1000,0
26.75827808706201,1010.8746499403344,61.45354897647771,0,1000,0
24.1756591466029,1007.4004694090828,58.61733723582955,0,1000,0
23.973527954494184,1021.0358870355155,64.22348588551174,0,1000,0
24.6571211811659,1014.3416922184442,59.54977002057159,0,1000,0
28.881294307927984,1020.0848451295648,58.27244479203355,0,1000,0
26.99640237553887,1013.6140135564116,56.17825321317621,0,1000,0
23.69341114843554,1022.9770994713195,61.279117845854486,0,1000,0
25.88119813330079,1016.3356967457364,57.87967322855284,0,1000,0
26.548914027561324,1018.5138196087938,58.13312802265099,0,1000,0
21.01168282515363,1016.39208617261,58.57760119980316,0,1000,0
25.582738863369435,1012.612171411452,52.05605781519654,0,1000,0
23.56935185116272,1014.3553637971622,59.45465757538643,0,1000,0
25.18083531459073,1016.0283951857468,59.51100134769,0,1000,0
25.22170482604703,1009.8395383479622,56.05919966594645,0,1000,0
24.84055595302116,1014.1437638900896,54.86923276416432,0,1000,0
26.03117546311493,1007.1788706102036,53.26844239014456,0,1000,0
22.98714340886361,1017.1413619770572,58.61184249514222,0,1000,0
22.609270703875158,1017.3683742895716,46.29277491666819,0,1000,0
26.30304601737786,1009.7565861333892,67.54971803961185,0,1000,0
26.059666948825388,1012.2799412400822,64.8033916994875,0,1000,0
23.86189790687553,1008.4307322449816,59.890310223268855,0,1000,0
23.832154444193264,1015.879555279973,53.1104687909244,0,1000,0
26.10654669065778,1009.386631320913,56.60029138532142,0,1000,0
24.95596931716788,1010.1341253489268,68.70670539035238,0,1000,0
22.4779131848076,1007.7318370300428,60.15562299996079,0,1000,0
27.655180480904917,1012.1344067153296,66.55469247716191,0,1000,0
24.980235777723827,1011.8520420903787,55.26324773866067,0,1000,0
21.462887982776728,1016.8719773860925,57.02481938678393,0,1000,0
26.9985709949336,1015.2154876451888,56.68896222873956,0,1000,0
23.28924189908504,1006.6837431928534,59.51110588808157,0,1000,0
24.182737086731343,1015.1010753159602,63.86907969417642,0,1000,0
27.39481474989937,1018.4792556333456,63.53548897604499,0,1000,0
28.497730320895247,1009.3505491632776,69.98028701760927,0,1000,0
24.86419125279906,1010.3346207896296,44.13283626029446,0,1000,0
25.61442583552113,1009.1629346618192,55.55398676521799,0,1000,0
23.448251802723355,1008.8579027327356,67.29097881416324,0,1000,0
23.9700147788884,1019.0989177729924,57.05608699215933,0,1000,0
23.123486881985205,1016.0597315094903,57.08616310642109,0,1000,0
22.19503386250978,1015.3045808938602,58.36264723925465,0,1000,0
26.117852437696325,1010.2535442751092,62.71875925083392,0,1000,0
25.42687211736353,1014.9959997426414,52.20589017035747,0,1000,0
24.999139810237235,1019.6414829581728,69.61554239545161,0,1000,0
23.6518807125931,1011.0780624073828,59.617040380749415,0,1000,0
22.83729427464646,1007.2250750629324,60.190919548285954,0,1000,0
26.902497859386475,1014.330850561261,69.63745199927193,0,1000,0
27.619280528154388,1017.8713616355684,60.458008171685854,0,1000,0
23.649290371295844,1009.6917648497206,56.7936357861168,0,1000,0
25.118047841352634,1016.6289968900846,55.87618631606641,0,1000,0
26.5008075586816,1017.3364814298676,62.64242327894166,0,1000,0
26.987796345558795,1011.6918956659184,63.5989975163801,0,1000,0
24.491281314676705,1013.1382948666868,63.00606440662699,0,1000,0
25.07614493683035,1009.9389238020972,58.904242474026894,0,1000,0
25.08720879740827,1021.4512790349684,56.47551816591329,0,1000,0
21.524630384085903,1014.3275336525412,63.65432841797515,0,1000,0
24.569585677753643,1007.3869766089344,53.80764842555477,0,1000,0
27.07397879645032,1013.1279564573222,63.15928307894324,0,1000,0
25.583122542321917,1010.5449733300916,57.99420673113293,0,1000,0
26.935138235799112,1013.4958708935156,59.848706869463136,0,1000,0
26.92232965671506,1016.8105208201096,69.91419127052033,0,1000,0
20.952321874244845,1014.4006606531376,58.9551042414476,0,1000,0
21.81688832314349,1016.5052154324738,63.59135788833528,0,1000,0
24.15677774756571,1014.9740595790158,57.52130825915508,0,1000,0
24.47963336149744,1009.7230162715706,60.289233599948055,0,1000,0
26.609806333461265,1017.0850588176986,55.74255715803948,0,1000,0
26.736409051109067,1019.7945249033444,60.29844562575082,0,1000,0
25.47639801132412,1011.758232209397,67.79395864344856,0,1000,0
22.703892059971537,1022.3084587770956,65.10138159841941,0,1000,0
23.60176623130248,1010.0482027823232,51.889030045113486,0,1000,0
22.08626666909187,1009.9652352573132,62.18330010865572,0,1000,0
22.179349960621774,1008.5782307417765,63.74792351842581,0,1000,0
21.28366080621855,1019.1361029905954,55.82802557503224,0,1000,0
28.61529174788936,1013.3753081574728,60.87326992693016,0,1000,0
26.29260268432416,1012.4446198126228,59.062964583424616,0,1000,0
28.277319423505052,1009.160220944796,55.59427719914866,0,1000,0
23.757461319242054,1007.1526163785738,44.0927706984241,0,1000,0
25.313184666643973,1014.7625528542994,62.15244709896454,0,1000,0
28.96819844610041,1007.6559881920016,57.28753068919438,0,1000,0
25.26532801670551,1016.4560022334877,48.587463601970704,0,1000,0
26.306890872369653,1013.5982191203492,61.479925047258455,0,1000,0
23.28461840955652,1005.3698875270644,62.57487492846583,0,1000,0
26.89357187529635,1012.6131287978578,58.62974676079976,0,1000,0
25.94848279629291,1011.537671662311,64.08273567336697,0,1000,0
25.129189761490142,1024.7440857879203,64.33961110532286,0,1000,0
22.546873594453697,1021.5763066326592,66.45586729262634,0,1000,0
26.116895262796557,1012.2380498177596,56.15342679022519,0,1000,0
25.907107334516976,1013.3016315045624,54.25969297253651,0,1000,0
26.80930633752819,1016.0570832634082,66.3038248671909,0,1000,0
25.00646336021447,1016.667504062158,52.81899627536321,0,1000,0
25.45227486746175,1007.6929320492618,58.290945890419046,0,1000,0
21.52002390395459,1015.2513198482,63.52810717160945,0,1000,0
21.933089406933856,1011.4105226419658,62.61857899603025,0,1000,0
24.8391706237598,1007.8543696539106,56.994772082917976,0,1000,0
23.48589322481052,1015.3853946825592,67.7058957441352,0,1000,0
24.063741872426547,1014.2136059574168,62.3275959493477,0,1000,0
25.68108417029784,1007.6280867987716,54.54674804297295,0,1000,0
26.129411179563785,1017.0531995861083,59.73043105623056,0,1000,0
24.33013995744077,1022.5360299524318,61.51094813215496,0,1000,0
22.769968193044047,1008.0107363897622,63.45718827479594,0,1000,0
25.943550041671813,1016.1852874357623,63.369477699428096,0,1000,0
27.492903811130446,1006.2865338129076,58.892316780241245,0,1000,0
19.92267532230186,1017.3062346054022,70.5205201755436,0,1000,0
20.756600200499825,1018.8592953007062,49.181988473951705,0,1000,0
26.88742192479706,1020.9324224828972,64.72266795690777,0,1000,0
26.648545254612497,1013.399683506822,56.94484332565731,0,1000,0
22.834029615416757,1011.0874734549888,57.9319036927642,0,1000,0
24.67827914331805,1017.8076591606796,63.01458321276861,0,1000,0
26.687092221711964,1012.1036560947008,48.003069313491935,0,1000,0
24.77021839294884,1013.9431156144426,70.17469456669593,0,1000,0
23.96915503282741,1012.76862063413,50.87846843166274,0,1000,0
25.22640957983154,1015.7202653218548,60.68558219688256,0,1000,0
25.71637052822601,1016.7787278404156,55.19495173642349,0,1000,0
23.648373076842905,1015.9681995569384,52.36134579331246,0,1000,0
24.19454129185301,1013.866438475627,54.137607882730016,0,1000,0
22.768655759179936,1004.686149904796,55.32062425928802,0,1000,0
24.800885723417696,1006.8828842941996,59.99732440090549,0,1000,0
28.281880780504697,1016.2585416933732,74.91249754470131,0,1000,0
20.67689580695599,1011.5277540370856,57.31246404877985,0,1000,0
24.14543326927762,1017.3497237801644,68.12182293882519,0,1000,0
24.41201426623681,1017.082814514338,62.04444976576963,0,1000,0
23.07604120600361,1018.6174905739988,62.75683572790061,0,1000,0
26.993519997355087,1023.8255763606528,60.88179697169019,0,1000,0
25.86112728465284,1015.3985896507444,58.25222039390795,0,1000,0
26.868082196414456,1010.31428009299,55.55738068726423,0,1000,0
29.025245457263875,1009.9513642027474,63.32141946140216,0,1000,0
27.18274844027985,1019.0827684441732,56.16395110480325,0,1000,0
23.98375047785697,1009.7565107972092,65.178720538635,0,1000,0
23.702274496669727,1012.4162481164212,64.51469536252442,0,1000,0
26.443033146679134,1016.5855375047706,64.70178509932688,0,1000,0
26.125318091309587,1009.6000248988032,63.37125806938029,0,1000,0
25.263921563320995,1010.1327372551752,65.83139130488699,0,1000,0
21.83012800616671,1016.5950035280724,51.95053357693507,0,1000,0
24.573539772039453,1016.7214492510312,62.602552055251536,0,1000,0
25.700020288885813,1023.9182104060652,53.410909252751615,0,1000,0
25.873313243644837,1014.3781353886476,61.48173207419219,0,1000,0
27.891119810141465,1014.4914258286664,54.75425050964881,0,1000,0
24.780933971850903,1008.2677393944188,66.3991103076129,0,1000,0
24.29522178802796,1022.2161416865696,53.63648206186021,0,1000,0
25.207553778016813,1007.611846945607,62.14476084003836,0,1000,0
22.319469912858352,1013.89885390891,60.89816321704235,0,1000,0
25.273251506398644,1018.610358485767,51.973562576777056,0,1000,0
28.368702173294945,1008.221408708868,62.72089068190364,0,1000,0
27.91704052700932,1010.7433025551592,53.69216031803855,0,1000,0
26.911633268776843,1019.032404471826,59.10197759594416,0,1000,0
27.121492465071547,1015.2643137687876,64.41061171636517,0,1000,0
24.271702069643123,1017.361799481715,63.36836112359191,0,1000,0
25.74416147690153,1013.058393567682,62.01676244471886,0,1000,0
23.928397920109663,1023.960793635886,63.96581876217101,0,1000,0
25.637285822398077,1005.6732265579424,56.36771886735704,0,1000,0
28.18798607824415,1025.5940423791508,60.2117070326172,0,1000,0
23.731761494747893,1007.8037108101008,65.49756499417477,0,1000,0
24.94308236293,1013.6330556859278,60.82669503531263,0,1000,0
21.272381123342672,1016.270863047615,61.48811625324348,0,1000,0
24.55147041764593,1016.8421660148656,58.189092678723085,0,1000,0
26.732838437026672,1008.0569190612654,52.07513692434158,0,1000,0
25.693733128696167,1008.06587702182,49.93447440428064,0,1000,0
27.343045857447294,1020.1535906369024,59.125529274891214,0,1000,0
28.18769599915686,1007.3157080106048,47.89678735564527,0,1000,0
26.518613845761767,1014.7923696645936,61.84581173586406,0,1000,0
22.165227156230625,1016.9982185081076,62.72915242854948,0,1000,0
27.63395436911153,1018.6135392303928,61.829411146088816,0,1000,0
21.59080632696276,1009.0907402969436,49.68156044556016,0,1000,0
26.22274806915304,1013.1325384954972,58.85049916802898,0,1000,0
24.601936767594974,1019.7710266390624,62.781583998138245,0,1000,0
25.90911654474453,1017.4531577430382,58.785078192276494,0,1000,0
25.461812215129143,1011.2626429098112,60.937377073344194,0,1000,0
26.714249984754023,1014.7003868977775,64.85238953702765,0,1000,0
24.48114870150205,1011.0464725406416,60.39765829082226,0,1000,0
26.2148383222193,1008.1691571933555,67.7682465624473,0,1000,0
26.295639095851843,1011.3378164445736,55.24203603903832,0,1000,0
22.07144496699487,1010.0901970633664,52.10803476496041,0,1000,0
27.53159934607256,1004.6405097630376,67.49360652009908,0,1000,0
25.15610198120245,1010.9481004534048,51.28383183818481,0,1000,0
27.651714873607784,1006.8250761477204,48.511492986711545,0,1000,0
21.498237860043165,1018.2284857774767,63.9686785910777,0,1000,0
23.18828085748807,1010.2328854265206,71.4806858938553,0,1000,0
23.117130780485063,1007.1886346886392,56.86643213220172,0,1000,0
25.18278487896741,1016.251797751843,59.24323624403208,0,1000,0
21.099460603842463,1017.969963179,65.11603244970208,0,1000,0
26.622122166007355,1007.6056945022028,65.39082861078886,0,1000,0
27.40353265423863,1012.4316013561722,64.71476308203503,0,1000,0
28.49116796298781,1016.0786649269407,63.6602926281331,0,1000,0
25.914278289445363,1011.3880500842388,61.33917807641008,0,1000,0
24.01382101819362,1002.1647558622296,57.88292818022813,0,1000,0
22.82619009737828,1014.559251187564,60.86358269359377,0,1000,0
26.0074996416148,1009.6602322316352,61.50383362136607,0,1000,0
24.60901999062739,1005.9666550088708,65.49544282761264,0,1000,0
27.96061974409216,1014.921840662104,73.85910490749808,0,1000,0
27.779583678838968,1009.0932387461902,66.2638208497674,0,1000,0
23.7044938244665,1011.5494033869994,61.91561659235021,0,1000,0
27.04311071615324,1009.4230605522664,59.49202260515232,0,1000,0
24.92109307176793,1006.6983407495138,62.98935842924661,0,1000,0
22.58708884602967,1010.4551164786012,60.5829938544151,0,1000,0
21.16048358161342,1011.7465999460233,66.14845543657655,0,1000,0
23.69958739919552,1013.3354184029016,55.03843711381703,0,1000,0
25.37144386419183,1017.9146643161304,56.8789812443158,0,1000,0
25.200747563499228,1012.383049731155,60.34137254755184,0,1000,0
26.55765450672177,1006.257971560006,58.402507833142366,0,1000,0
29.50724064725244,1027.7923336981546,55.44615078031829,0,1000,0
25.19178328739828,1013.997698627764,59.96261912996836,0,1000,0
24.443953604497157,1010.5351752166292,66.88270440307139,0,1000,0
23.830452763486583,1009.546407311574,55.04142212715619,0,1000,0
27.59160378530328,1011.0641903674548,65.24343370501559,0,1000,0
25.023687803895204,1012.0289823217748,66.6819770300141,0,1000,0
26.99949925212473,1011.4574897201348,62.87695922518941,0,1000,0
23.5808705039944,1015.3628551889778,66.08200904323739,0,1000,0
22.43427340338354,1010.931921329344,54.13875400288669,0,1000,0
25.83233629672985,1014.358463972736,60.12895786708046,0,1000,0
24.27100048738615,1010.5636885185048,55.10648133371148,0,1000,0
22.412513193595903,1013.601507238442,63.96567923658307,0,1000,0
26.10936904618577,1013.6748610283228,60.41892038028854,0,1000,0
22.708328536141465,1014.3358713235316,66.87716854477793,0,1000,0
24.524440672050755,1014.6987625514116,64.5449828815949,0,1000,0
25.967647859177816,1014.5482526407936,61.34891075736581,0,1000,0
23.860345666202203,1017.0302250349308,58.48964181857682,0,1000,0
25.2985460418654,1016.4926733320306,58.41285577717407,0,1000,0
26.366524230109185,1013.2423115705049,61.296673228963975,0,1000,0
23.146285653480007,1008.1072826726736,61.08230892211054,0,1000,0
22.43825091229588,1016.9198277372824,52.761474274090816,0,1000,0
24.227046151600955,1009.1188251248394,60.06599820769758,0,1000,0
21.40211012269427,1013.2743811679384,61.68022494104024,0,1000,0
28.07399767450718,1015.386303789486,54.88211758434672,0,1000,0
24.67247125583792,1011.5803242596672,54.55065196745965,0,1000,0
30.45143249076269,1014.9950716255112,68.59921465824263,0,1000,0
22.374411088055496,1015.8306750090868,69.1505759303569,0,1000,0
27.025454920439028,1009.8044117270572,66.07399388766649,0,1000,0
25.61322046337304,1007.3377572919512,55.50088727953805,0,1000,0
24.575562600827872,1015.8425647701991,58.87081613976999,0,1000,0
28.90870911880835,1007.9666328253932,62.28667923096903,0,1000,0
25.910404195989507,1008.0425265005496,70.00009920533698,0,1000,0
25.71555273669629,1014.6540395925254,57.55718919238788,0,1000,0
25.7439937020628,1010.331984230552,64.34361476601839,0,1000,0
27.073871355596275,1012.6162983600044,65.40678392670408,0,1000,0
20.940543587638928,1010.5820314607164,51.06039982722886,0,1000,0
24.03502166567885,1010.5971144227368,61.50474167602548,0,1000,0
27.081139563667307,1009.413705529384,72.21180743311743,0,1000,0
27.09582067848512,1013.5793617464884,53.31706533656673,0,1000,0
23.651695911897598,1016.6936426463886,57.27689338780627,0,1000,0
26.10960652024117,1010.984656590554,65.55816323862331,0,1000,0
27.290524045133605,1019.0106753976812,54.39076328216228,0,1000,0
29.781427105858505,1014.9070427887474,56.89981636735936,0,1000,0
28.39348852479482,1008.0812600537948,54.31086766101526,0,1000,0
25.399209081520763,1016.9854446572898,67.04919178856386,0,1000,0
23.2474074986577,1009.333230288128,59.37371192989325,0,1000,0
31.35070873792756,1018.0942408854486,65.84270495957881,0,1000,0
20.17947405961896,1020.0161918822156,62.17482824122891,0,1000,0
20.323243400493865,1017.05072276482,54.097248149721935,0,1000,0
27.55199316108147,1011.1174195940848,52.37364836054859,0,1000,0
25.246740228792945,1015.9354470245662,64.16336261383265,0,1000,0
24.33098650682334,1010.9568357532828,66.86820249019652,0,1000,0
26.065412140867807,1023.3342687218516,67.06525066582873,0,1000,0
27.45027802880903,1006.1674926920748,54.65839822735349,0,1000,0
24.563164130677983,1004.8018660225574,59.831395961588285,0,1000,0
25.913558451900656,1016.2380062506338,52.80932175077916,0,1000,0
24.375681331412736,1010.61631399464,59.53276825605131,0,1000,0
21.927709092437347,1015.7227433183424,63.0171794594465,0,1000,0
23.85200764219025,1007.1120126200926,59.911360909143085,0,1000,0
21.95409678720648,1020.574674305542,60.80413505454138,0,1000,0
25.2151955855887,1004.8934719324828,51.16753397332222,0,1000,0
25.99010847030597,1005.1989416653238,58.56451865618022,0,1000,0
25.44736883046553,1015.1326927130896,57.48324225702793,0,1000,0
25.712166423080173,1010.2248667701508,58.52503116559979,0,1000,0
23.96521030009698,1009.4344109155106,60.45394731002942,0,1000,0
24.210298635325618,1003.8138548117385,61.32035667979399,0,1000,0
23.85675785360419,1007.7551261127934,62.55616195446393,0,1000,0
26.480917097571343,1015.4863766115592,62.80115017670779,0,1000,0
27.727517863777585,1015.3046120799488,59.372371240792674,0,1000,0
28.10406264531263,1002.7331603775572,65.07333927794086,0,1000,0
20.01517102988173,1022.3735536321732,59.69196448584882,0,1000,0
25.06183386532299,1016.8149399273196,50.17297711279803,0,1000,0
23.231066512821343,1014.457809368114,58.53186776388462,0,1000,0
21.312238585995857,1011.9142960499352,51.921885385274734,0,1000,0
23.614764873240585,1011.5365248373485,65.90981302090636,0,1000,0
26.11934089942582,1020.1965950641536,55.74093786951141,0,1000,0
23.12157497172729,1007.1363879614802,56.32740433049519,0,1000,0
25.25418872413193,1025.424314143205,58.7510127106849,0,1000,0
24.302292071423167,1021.0766452350732,62.78605226031532,0,1000,0
22.173481396195797,1011.5698641821152,59.39057453097441,0,1000,0
24.467989298196,1009.978853385527,58.62629530019535,0,1000,0
25.091010112048096,1019.0852202526296,49.890709410749565,0,1000,0
23.749409663409057,1030.250729841733,57.25075502428395,0,1000,0
25.385279208399567,1021.1282725512764,66.10812154223466,0,1000,0
24.982587295626484,1015.691936166794,57.41436021129764,0,1000,0
25.88374078624396,1011.3828643193336,55.87712780372928,0,1000,0
25.1148832799597,1009.6276887192536,62.73958955192354,0,1000,0
25.919640793137678,1000.6354057068484,69.2090109617945,0,1000,0
28.700669324944204,1010.8410387157724,66.983959038095,0,1000,0
26.841266788680212,1013.4421517911962,60.21048576427084,0,1000,0
22.1220144711695,1014.6985132148604,59.14354577129214,0,1000,0
23.697227117761276,1020.928735605832,55.11343727533936,0,1000,0
26.464374067886368,1004.9737497236396,50.96280431045209,0,1000,0
23.87731674357093,1017.3434995039382,54.78352835647541,0,1000,0
21.14741024463583,1008.5081509939474,62.91158939175662,0,1000,0
24.933961066868907,1011.5743948363504,67.4044501613704,0,1000,0
22.304691550136614,1013.7069786670652,62.009032869243015,0,1000,0
28.20879229936899,1013.9979687244704,59.5657703630575,0,1000,0
22.560485628264257,1018.4213151451836,57.3812573976649,0,1000,0
21.011195377045038,1007.4007839287968,58.95832909295835,0,1000,0
24.075241709873413,1011.2821464260852,58.50685374983264,0,1000,0
22.6010683207032,1018.06833795551,56.71517631851524,0,1000,0
26.90612147931103,1006.0644752455802,60.04325705433947,0,1000,0
24.36182331971637,1020.9578707512056,60.52171172375497,0,1000,0
25.263115777733518,1005.9075383252808,55.38578064210152,0,1000,0
23.26956008052505,1016.5840098032288,59.42207689595067,0,1000,0
24.69681422744266,1020.9623467312545,55.800690193688894,0,1000,0
25.265313206351568,1014.3300486146956,51.96943347666889,0,1000,0
25.17708826049472,1010.67638778916,65.56691970777553,0,1000,0
21.744682485897467,1015.5745028300988,56.95396553767647,0,1000,0
24.46119688167638,1013.3370218175912,62.01412754368096,0,1000,0
28.4250646683284,1013.985279339641,58.385600525869215,0,1000,0
20.445714142384062,1005.9747306199394,56.06472963311913,0,1000,0
24.43437002349852,1011.6970514612352,50.34566437979382,0,1000,0
25.69986698543324,1007.0572468943316,59.32649494775046,0,1000,0
23.21068872971024,1010.4720108591868,64.520995344924,0,1000,0
23.57209978949677,1010.5438292057676,72.47096534716425,0,1000,0
24.76995874387718,1011.6529314919608,57.77216467809525,0,1000,0
26.346606175115056,1008.508917168802,54.31268720286203,0,1000,0
25.83507336102926,1019.941408963826,55.207669407988526,0,1000,0
25.138889216383436,1025.3521540431962,68.61944252772724,0,1000,0
27.440214203783203,1009.9786331597752,59.22542886694806,0,1000,0
26.942183374652945,1008.509323703638,60.70160519695794,0,1000,0
21.19283655115045,1011.4786543393894,58.35107073640845,0,1000,0
24.342176776511145,1021.9296210440672,65.82202956393527,0,1000,0
24.42551628197887,1009.1127353881852,63.36345601103997,0,1000,0
25.04631014313747,1013.1204905316667,56.98463248751711,0,1000,0
27.354548286058616,1012.7674479561196,52.23431601915725,0,1000,0
23.67464507623494,1018.145458957136,58.79550464313886,0,1000,0
25.07723379546749,1014.4732080317372,59.92443604307029,0,1000,0
28.665818633788387,1015.2242501094802,61.11634851961927,0,1000,0
22.57148244175874,1006.5222071722962,59.33285421661096,0,1000,0
24.86898648426031,1013.4340539937444,61.25432944159496,0,1000,0
28.615542167835592,1009.9976362778378,67.2685929660667,0,1000,0
22.34182361540709,1010.592526862999,55.38082335261456,0,1000,0
25.982079110757187,1009.5167248784128,55.3301378659253,0,1000,0
25.386459914054388,1012.795694918168,60.63994682117156,0,1000,0
24.84123379151864,1012.4967366005716,67.3117201902152,0,1000,0
25.989078392607308,1007.114269697396,59.4026147577744,0,1000,0
26.6966325598284,1015.106604588029,66.0309466893013,0,1000,0
25.46596600350326,1015.7129327377756,60.857516526837344,0,1000,0
28.561866561948992,1013.225439422378,61.784938093456354,0,1000,0
24.55575505109332,1004.6286500989052,61.51291346457096,0,1000,0
26.9291570989695,1019.4660110051284,61.74125651779269,0,1000,0
25.514858838642443,1015.7919945985668,60.83419285166505,0,1000,0
27.285899146142672,1013.4833971238496,60.3737369120083,0,1000,0
23.10207547545673,1007.7443882327212,61.75705035862604,0,1000,0
27.33683239413196,1014.3256383774308,56.932215620800136,0,1000,0
24.35829032259448,1004.84836587502,68.87277398761138,0,1000,0
22.2688434262291,1009.7117964227934,65.31919122545243,0,1000,0
25.901922585779527,1005.6842355205234,59.383285161620016,0,1000,0
27.23912085770904,1010.9222099421282,64.09899512444534,0,1000,0
24.09885211881936,1012.9101156474064,61.07354522985379,0,1000,0
25.27184368073,1014.1193755576188,49.11460190433692,0,1000,0
26.65184079834139,1016.4642733192792,51.30839570291201,0,1000,0
28.15759438759201,1012.4877806715016,60.01386146240876,0,1000,0
25.346199397166604,1010.8169452716674,63.6661561703268,0,1000,0
24.28881635981095,1008.845458757962,68.24332824604903,0,1000,0
25.43769562582637,1009.5034407517916,65.28022852853111,0,1000,0
24.172831210486425,1015.982831201651,63.03896047358606,0,1000,0
24.13903663495829,1017.4238016297292,68.80596784533014,0,1000,0
24.766642794446028,1019.3465978391254,57.529497201495886,0,1000,0
23.348830266852413,1013.5312407145034,64.51385260540177,0,1000,0
23.052214859813933,1013.434257973342,61.64229886047701,0,1000,0
24.00176257835632,1014.192081138176,61.26879471105281,0,1000,0
24.825114130282348,1011.818843733881,63.00051094157335,0,1000,0
28.39964869763763,1008.4890333060596,60.69554879453262,0,1000,0
26.389306579821465,1008.6510606107224,58.11084096314859,0,1000,0
24.41486860161046,1013.0245449917518,50.85712077185225,0,1000,0
25.07165896224755,1007.1160966469604,63.22304038300819,0,1000,0
25.127474353832387,1016.6637008509836,56.22510129558225,0,1000,0
24.78296163993007,1011.5308986321096,60.596963453238885,0,1000,0
25.87996249442929,1015.0074456241778,58.77039501300309,0,1000,0
26.0367344129931,1008.1908407108656,60.47248633480838,0,1000,0
22.231893469397537,1015.9394018006764,60.118911072959165,0,1000,0
25.42653704459255,1003.4125420619888,60.05367776052256,0,1000,0
25.46728710276381,1015.246870739774,58.77443678834422,0,1000,0
27.5714953930468,1020.5971578852552,62.41326932880538,0,1000,0
24.150525633148288,1011.013200250043,56.783701890209976,0,1000,0
21.50691216820276,1008.2568747431352,51.92192882728472,0,1000,0
24.288797683241725,1015.208875907876,62.6292146469618,0,1000,0
26.99380228166729,1013.49615142034,61.792515806230526,0,1000,0
25.11598537286128,1013.6894214928172,53.26922081854571,0,1000,0
22.93591679640476,1008.152109184145,66.32512225128876,0,1000,0
25.62292481752389,1015.9152077672504,65.93618758198963,0,1000,0
26.24688601596655,1014.425681507033,57.43255894356544,0,1000,0
22.12424988847233,1009.1078092356956,64.44013032746622,0,1000,0
24.091829601685674,1006.1527945256254,57.702063194731394,0,1000,0
26.456102297359426,1014.5365571743904,55.7650122398694,0,1000,0
23.99311173796209,1008.0358747417148,54.62410102466518,0,1000,0
23.071430312016957,1009.4780122622678,55.35133986483648,0,1000,0
23.8422647331225,1012.1441147665602,63.10385210765706,0,1000,0
25.456616866540365,1012.8986302936032,63.71922227530337,0,1000,0
27.51657629327933,1008.3483661053996,60.32186549365424,0,1000,0
23.883303634322967,1023.3346934171057,60.547285942305614,0,1000,0
26.464248676530264,1011.6868592380138,62.830228952009065,0,1000,0
24.265725343426475,1003.7570699943614,56.30730575192473,0,1000,0
23.5612178214096,1018.1293187218864,53.33249008965032,0,1000,0
30.08693112385596,1016.2567666816476,55.602691792676566,0,1000,0
27.651551360110105,1012.9648988850328,60.94584195337142,0,1000,0
27.882043229932272,1009.504744344867,60.52504042398492,0,1000,0
24.09863210362487,1015.3387134554852,65.96622674556644,0,1000,0
24.36864835443084,1014.1048458567428,65.16769874844286,0,1000,0
27.20699885459111,1013.0909976252852,50.34078965883688,0,1000,0
23.702972362445266,1019.6418671199102,58.82008101208696,0,1000,0
27.12899415925875,1019.398288796666,59.28070912565136,0,1000,0
25.225299171198127,1008.458486946696,59.96294692845311,0,1000,0
22.96384592711562,1013.6597407216024,59.23779382184856,0,1000,0
21.653134362702147,1022.3836933453968,59.71889173632795,0,1000,0
24.254826519422384,1016.9289230936082,50.30477713672936,0,1000,0
24.89069052588829,1011.353528957514,62.31487325054612,0,1000,0
23.299262471908555,1005.1543956658998,56.29471155632047,0,1000,0
27.16379646070769,1009.535576442923,62.27704760666715,0,1000,0
27.651204110967456,1017.5463046222208,58.50459537063013,0,1000,0
25.80824748956812,1005.1153380230668,55.03259372001062,0,1000,0
25.046351372758814,1014.4196703888229,58.760364805806034,0,1000,0
23.009345298333145,1011.252769587882,63.04090077587638,0,1000,0
25.384134493644208,1006.293426241708,60.07492435118901,0,1000,0
25.049097107848056,1012.7361610352264,65.68048423819998,0,1000,0
29.25505991886442,1008.9840063092836,60.99376428704134,0,1000,0
28.039313143179807,1017.1500911222312,70.87726518965019,0,1000,0
23.869130541762832,1009.5482633167004,62.89622430993533,0,1000,0
22.333210372001357,1017.4341142475524,61.55054757908091,0,1000,0
24.32075779086692,1015.1868551618272,66.37362336015288,0,1000,0
24.2477276009956,1018.5040046291614,64.22830448612119,0,1000,0
26.46018637856841,1010.1830502059668,60.16259489410098,0,1000,0
24.604789104829987,1008.7281029838886,55.02129949447858,0,1000,0
23.14962944570019,1009.030664831661,62.68582851413375,0,1000,0
21.42862347591105,1012.387236921728,60.9560760557614,0,1000,0
28.918481411162936,1020.5957626037792,65.46994765412106,0,1000,0
22.242629746889516,1012.6909152441629,59.11193039340691,0,1000,0
25.74819091942632,1022.5223582228888,62.2165756915596,0,1000,0
28.087828235340183,1015.1693807688672,69.39319529423543,0,1000,0
21.543842813204574,1015.4947332460388,63.629431443308576,0,1000,0
26.41621895807122,1011.5518388971678,63.99348379417626,0,1000,0
26.80663177198756,1010.2991161182504,61.32743475962822,0,1000,0
24.4028010866379,1012.6401623003536,57.5440354431163,0,1000,0
24.2041492885911,1008.185169068744,63.80516466283344,0,1000,0
28.247661325921605,1014.3837397973048,57.4561303667428,0,1000,0
25.367934496710404,1012.5028745836332,59.835777806977525,0,1000,0
25.20737702922401,1013.7785976391974,59.8254260349152,0,1000,0
27.54905812998895,1007.4984490591996,57.69416442375039,0,1000,0
24.99685844922621,1010.802604411596,62.276721426241856,0,1000,0
20.327112270168307,1008.7226123837956,61.00515813678312,0,1000,0
23.860651315187777,1007.5950261978022,65.62997177140272,0,1000,0
23.515374957210764,1013.738329156546,66.07329971026898,0,1000,0
24.815922628310695,1005.5090557129724,53.23415607664195,0,1000,0
25.97661082156438,1009.953749047848,62.7779145178366,0,1000,0
26.241963158563625,1009.403074845406,57.346673600422726,0,1000,0
26.318711273282545,1007.8401390871028,64.5890826101098,0,1000,0
27.540740618220767,1010.7749784111672,66.41237103439907,0,1000,0
23.37169072452905,1010.0044000742369,50.69856584227642,0,1000,0
23.330994298085145,1016.3157438285916,66.29970583765379,0,1000,0
25.069981767904903,1019.5873489677336,71.81209086227751,0,1000,0
26.262323691472456,1007.1308693644588,59.02619234650524,0,1000,0
27.252070437482523,1019.9235091560251,53.814255232421296,0,1000,0
25.385032228873765,1013.252448457172,61.86756470850436,0,1000,0
25.03071217879651,1011.1794277617016,67.30619407124392,0,1000,0
23.472604190385304,1019.044656390974,58.93285148131597,0,1000,0
25.6655760322902,1015.434481232068,59.61261314371316,0,1000,0
26.688139409719074,1012.1031949920912,56.94105118444121,0,1000,0
23.491151196197688,1010.7604522141344,59.05008127176986,0,1000,0
24.553951404365595,1016.210710394838,49.24719280682144,0,1000,0
27.07529982033512,1016.0717142808116,60.68461244233537,0,1000,0
24.490694112390116,1009.1663065448656,57.56391778540252,0,1000,0
27.60815489826241,1009.2860594907692,57.250599629586816,0,1000,0
26.79959395745604,1022.984844149358,61.09666119272991,0,1000,0
26.312552103057914,1013.1269172399876,60.91014102713523,0,1000,0
22.84893385169337,1007.1690885968212,65.81139142061875,0,1000,0
25.85984289415418,1011.804334682924,58.10468772045913,0,1000,0
25.474940831443902,1012.2755910878234,65.5099860614443,0,1000,0
22.81847873866152,1008.2994953237024,59.34334114699283,0,1000,0
25.195447586229573,1005.074971470552,71.31182135681189,0,1000,0
23.67551940496723,1018.3059366616015,57.67649666944825,0,1000,0
25.48853405225888,1011.4492678707304,50.90688420136771,0,1000,0
24.20237631973712,1012.9636839163128,61.74037609530505,0,1000,0
25.21496752664542,1011.9967332098122,63.30614126385027,0,1000,0
25.06056267286137,1012.8135920365868,54.68036603942515,0,1000,0
23.29911106933315,1014.4153631970846,65.61245927238276,0,1000,0
25.74982063897907,1004.7109475440952,68.6679785860318,0,1000,0
20.764370250477143,1013.3438754539536,60.35509493645528,0,1000,0
25.89215549817875,1013.4190487174378,65.85053305837174,0,1000,0
24.3853938867971,1015.1541482223896,62.59980239296694,0,1000,0
24.616653857690316,1013.9574400833858,66.36478039008618,0,1000,0
23.469654613943103,1014.61240325135,59.15788443637548,0,1000,0
24.468974482289628,1018.4447586339666,58.94680434866113,0,1000,0
22.32696829391036,1012.928541351656,56.53777844386718,0,1000,0
26.61829502539997,1015.0594393156408,73.73849930472707,0,1000,0
25.850757355185436,1015.300152361516,59.706565640728165,0,1000,0
28.6306531114381,1013.4596920431088,65.29991538082339,0,1000,0
24.798367718984352,1025.4326657104505,59.37972529321057,0,1000,0
24.285626113007226,1006.6815472203374,63.52470688752964,0,1000,0
23.657007913419086,1014.5201777263514,59.86173239552834,0,1000,0
23.353529069470177,1014.9605326741244,63.73157843449216,0,1000,0
24.80825857348226,1013.386536477084,59.03626342859065,0,1000,0
28.394547125728675,1011.1428281206624,67.35427258571026,0,1000,0
25.098944304873875,1020.0430496151346,60.04676686054332,0,1000,0
23.22862502024636,1012.3731799375622,62.37420735750333,0,1000,0
29.352848022653284,1008.8997785307486,59.663200281412266,0,1000,0
23.494025089865303,1015.285451269641,69.23135615003733,0,1000,0
24.047123910414737,1009.5222302711236,62.11672532468708,0,1000,0
26.43380994352246,1003.5735876064062,49.12536442165656,0,1000,0
22.98003339227166,1016.416463405552,58.27057901044954,0,1000,0
24.43795569518764,1010.648073481193,60.57749307837242,0,1000,0
27.35178867719062,1014.1562998428868,60.50430397190203,0,1000,0
21.08874945234523,1019.208425953952,61.847591064972,0,1000,0
26.21265798740216,1012.06923945454,57.767373331987685,0,1000,0
27.488155261879253,1016.086355560672,49.0664352284026,0,1000,0
24.34662439645574,1017.1066051038456,53.038437910412064,0,1000,0
25.12312090614137,1008.1923424575592,58.07417769402017,0,1000,0
24.53324200164035,1008.024377868429,62.49561103577475,0,1000,0
23.45640425370666,1006.2543335107526,68.93104275544611,0,1000,0
26.26846790638482,1012.7891871184714,56.50909845194836,0,1000,0
26.52711800923986,1013.0250023302194,53.7001207969048,0,1000,0
25.4720057851144,1017.719673494992,55.890723497049606,0,1000,0
26.49971980713132,1014.575375528516,54.02598694575882,0,1000,0
24.925948807588718,1011.7696553351084,59.234299061037525,0,1000,0
25.32730891404024,1018.1082612813542,61.132326786480505,0,1000,0
22.77804603414065,1018.6084739792838,58.4756377434389,0,1000,0
24.537770250343,1007.719857975948,62.56389587155789,0,1000,0
25.747458863869788,1012.636137648724,61.395928708831015,0,1000,0
25.71949984586437,1007.3349137683788,55.51565624106943,0,1000,0
28.71400326807294,1014.6953198923028,60.40349312520476,0,1000,0
23.432045617309733,1012.2589419404712,59.86342121551228,0,1000,0
21.841439723259708,1018.9480200212096,63.125039122254655,0,1000,0
25.8341145259936,1014.2461430247944,67.86334562512059,0,1000,0
22.97036918450222,1015.8935438227828,58.88768050916477,0,1000,0
26.004211829553608,1011.8828410649076,49.77926007862134,0,1000,0
26.791946077938263,1014.3900431393736,57.4080259577534,0,1000,0
28.19450492755321,1011.9119896582764,62.55302727794483,0,1000,0
27.881954390111648,1022.279187378276,62.1412564621231,0,1000,0
24.88533705836921,1014.3979460844344,54.09716163602752,0,1000,0
23.127359298984526,1007.5172694274238,54.8275231648143,0,1000,0
23.434328789190324,1002.6515982303242,61.18593965010355,0,1000,0
23.479471797396947,1017.6512970271197,51.67231919594977,0,1000,0
22.66980776768753,1018.8022379959508,62.45201334649467,0,1000,0
22.548620792902536,1009.669147048088,64.6708764036697,0,1000,0
25.162444945025243,1015.1841904927326,69.52666205323357,0,1000,0
27.0722473086318,1022.8631509439635,60.29935575710066,0,1000,0
24.844839614287512,1023.8761133338044,57.97221563515403,0,1000,0
23.96310320428834,1012.8356464769728,63.53585015007096,0,1000,0
26.085969643447243,1012.8199885058344,58.39393463612584,0,1000,0
26.630555788784747,1003.8125474070732,70.89442780345328,0,1000,0
24.04123497994929,1017.9838356275368,60.68499312749631,0,1000,0
23.934886651516383,1015.1784618664434,58.1849127295591,0,1000,0
23.92031782136165,1014.7378773512748,56.598051639703314,0,1000,0
23.761823763721715,1014.8336562385176,64.13687702531237,0,1000,0
24.21387124528038,1006.4788362966284,66.1571182679966,0,1000,0
26.15870433575466,1029.2316920316036,60.42680920332362,0,1000,0
26.69528684986474,1014.4550346834576,55.14040213945173,0,1000,0
26.358253936301484,1004.1041737116068,64.56635910401023,0,1000,0
26.83348269438381,1011.8235458444128,63.74139356429222,0,1000,0
25.11983889598339,1015.0502926843648,64.62433632856494,0,1000,0
26.926207071426678,1019.3927578220374,59.69866017969572,0,1000,0
27.61999486397146,1019.3509462934074,54.55343480285026,0,1000,0
24.57826463587031,1017.8274388454188,60.34992870789608,0,1000,0
26.102896167904603,1013.9560187317272,67.40248403859016,0,1000,0
25.105916089267765,1012.5019700112427,58.68888421175842,0,1000,0
23.97809247167832,1013.4774328267196,65.86594433302224,0,1000,0
25.45496638217716,1013.2718641660484,49.80425344483152,0,1000,0
21.436479636195926,1006.7583763242616,59.81800577717055,0,1000,0
22.651035879043988,1013.7655246872716,56.14167071689374,0,1000,0
25.63602526801358,1001.9246796788588,56.19974950480195,0,1000,0
28.02702586123615,1014.8178213900516,54.21726879379676,0,1000,0
26.66315557642128,1008.5475028275584,62.60854932711075,0,1000,0
23.530920338885444,1014.3207846300772,55.7399031753333,0,1000,0
24.578321031724556,1013.5657227197144,63.57071080259202,0,1000,0
26.24210462129502,1010.0565613225588,62.97933348986325,0,1000,0
25.512679157842104,1007.5953928232328,50.4675770598103,0,1000,0
25.77076856558976,1017.8204783191004,55.161225831603325,0,1000,0
24.675584357082517,1012.4405564806588,57.61064394302848,0,1000,0
24.330042802808023,1013.909346168058,58.437517080762525,0,1000,0
28.375602039029644,1013.7647850544816,57.57964391193505,0,1000,0
24.051099273953756,1011.155265059686,54.40607727925023,0,1000,0
25.20674803860968,1013.9147839758808,55.341141174109886,0,1000,0
22.836021986910307,1017.1879621558217,59.97686582669967,0,1000,0
27.25333197553385,1016.3199778759052,58.90751925892082,0,1000,0
25.33944131681564,1014.7572409172412,53.04820320010474,0,1000,0
22.9254598108452,1014.6235239057164,62.537910425170296,0,1000,0
20.071724552293947,1013.0295734200396,71.65200110432215,0,1000,0
22.589303234419976,1011.2985270070708,56.71035362936728,0,1000,0
26.5403020364051,1014.2467451477972,56.29842506680898,0,1000,0
26.20152605831608,1003.291151512488,53.46212104624054,0,1000,0
27.90225050932709,1002.2483981564716,50.57521190732673,0,1000,0
25.670299025507468,1012.8653126234424,61.141969943798,0,1000,0
24.34992007927444,1008.6759665841774,62.19205839505574,0,1000,0
25.06942256895285,1011.4394738157772,62.58016528790468,0,1000,0
22.25683575830081,1018.7411009041748,66.86060455336374,0,1000,0
22.76173834006251,1007.3751295642354,62.293527627264766,0,1000,0
26.68436172684201,1016.9096211327048,66.23654069853274,0,1000,0
22.516820935316574,1000.1887639211818,56.12423620369682,0,1000,0
23.62391157395716,1007.9219179242632,56.28709591717644,0,1000,0
26.42586718318048,1005.9344837063144,63.1862926479823,0,1000,0
24.67163990542749,1008.837049903075,56.40457994466058,0,1000,0
25.757865542886314,1018.0445131714696,51.28044829253294,0,1000,0
26.411939108784946,1007.190813119204,58.0834782604174,0,1000,0
26.252938273158133,1003.1482951501018,56.77714945197511,0,1000,0
24.17372403230147,1007.545693962912,55.93960669823208,0,1000,0
25.609636466850475,1012.9813745686888,53.44608927361995,0,1000,0
26.935255872314293,1013.533532534202,68.18726184735645,0,1000,0
24.912188511754657,1015.6331011133412,62.82568446127263,0,1000,0
25.77958088392475,1019.2057088373796,50.594139985642535,0,1000,0
25.78308998422292,1009.492146488922,64.16030380576072,0,1000,0
26.270167693433464,1016.3744811446202,63.279564851958746,0,1000,0
20.22732494360453,1008.6853466260596,61.70652905653304,0,1000,0
23.06756903089533,1013.0707762806948,60.21691461938331,0,1000,0
27.666738928861648,1015.223258355248,58.45206668624389,0,1000,0
24.242163809935988,1013.6677402424278,68.50065244366915,0,1000,0
25.59296981083149,1012.213518733028,62.22767842298258,0,1000,0
25.308451437383905,1012.166858995033,62.5143139368665,0,1000,0
25.08662783344076,1011.46218039046,58.351892321200985,0,1000,0
25.168418759418888,1017.2332566285894,55.55591939045608,0,1000,0
24.63480705424533,1005.558225790664,60.969365814221526,0,1000,0
27.686740245367428,1017.4126032070376,57.56924819266421,0,1000,0
27.242740031047475,1021.6251725306552,62.14173310129942,0,1000,0
25.44601449921898,1008.830933602868,60.38463454773016,0,1000,0
26.726451413431526,1012.9235711513292,59.93503928469309,0,1000,0
29.317228349302017,1020.5159873882292,65.5028224565285,0,1000,0
28.14828940777093,1017.4446634721196,62.87180319857147,0,1000,0
25.80547974315055,1008.2776432202756,66.70136186778723,0,1000,0
27.1923085209822,1010.0085823914546,63.58386160973604,0,1000,0
25.537578673554407,1007.8753667721272,52.58005649726661,0,1000,0
26.540331737200272,1015.988337034348,52.15530581897478,0,1000,0
24.360883968150315,1018.4382098855158,55.19275710938453,0,1000,0
25.024328919782963,1014.4313589506947,61.81475839377268,0,1000,0
27.17646217878477,1013.9513332390532,50.48024971375963,0,1000,0
25.79459816831695,1014.2776443042296,60.10565105385599,0,1000,0
24.081004758353387,1017.037971522401,57.0423115011338,0,1000,0
24.371260118155032,1016.2467955633754,63.08796627930611,0,1000,0
24.41077577966549,1015.113987093666,59.08794259102365,0,1000,0
21.782826937922827,1004.7081464466108,68.28330797543506,0,1000,0
27.036536100819447,1018.6839384525656,59.43718020772701,0,1000,0
23.93986397373473,1011.9881945158048,59.19614767190638,0,1000,0
28.79381458846181,1027.175785182236,63.69961587369734,0,1000,0
22.38045305035284,1010.968091763772,67.50836649082099,0,1000,0
25.500819635909775,1009.5442146606222,64.08272520016934,0,1000,0
24.406624643809177,1015.5177299538908,56.20764173797346,0,1000,0
21.450796992503623,1010.7452568423328,63.93764977143757,0,1000,0
24.234094718531328,1005.0011018983786,71.27298890553867,0,1000,0
23.76169620776874,1004.0584526024556,59.53387526302927,0,1000,0
24.818406715974465,1009.1660337197712,62.74553354781099,0,1000,0
25.193609761004065,1017.3900059155804,61.6127885411161,0,1000,0
26.713345844976544,1004.3601679957858,60.66710142641037,0,1000,0
24.93644131475584,1008.7885668114864,58.15080086558899,0,1000,0
27.02014547991097,1023.2286227851296,54.43926038323277,0,1000,0
23.44663390894842,1006.2801027736892,59.759808916320885,0,1000,0
23.42065230281416,1016.338790381328,55.22462168226637,0,1000,0
23.544134518640504,1012.3682314094456,62.86617752743763,0,1000,0
22.046704947433817,1019.8316531285252,68.20360534160916,0,1000,0
26.97245989985073,1013.5359755353702,57.487317615888045,0,1000,0
29.436359817379145,1012.8111846405592,56.232352689738846,0,1000,0
27.15904088176296,1003.8542992820834,58.52269390397512,0,1000,0
27.575086010530672,1013.0574598311028,53.90066072220333,0,1000,0
23.55383152350808,1013.120699916763,54.79911160317104,0,1000,0
24.602208986682573,1015.7100912705027,64.23070191868887,0,1000,0
26.04552694084213,1016.3096134443188,61.12523123219781,0,1000,0
26.59246188280625,1011.0322064744506,56.40786220805653,0,1000,0
27.58423100235032,1012.9639884761314,58.24774714673798,0,1000,0
27.56480860138568,1009.1321915992723,68.90027011217134,0,1000,0
23.729369051001377,1008.0123944555934,65.63997903225783,0,1000,0
24.26881150459953,1009.7941130218344,63.84260410406485,0,1000,0
23.78701520652585,1008.0296794252404,49.03020815523511,0,1000,0
25.350313259452037,1006.6827428014948,57.699630763474985,0,1000,0
23.33177877212951,1020.7796800525656,59.89541764717772,0,1000,0
23.877411774224576,1017.4813059115256,55.19501424310619,0,1000,0
28.071794424267704,1014.2248485881216,62.21106943661136,0,1000,0
24.63849422172497,1010.3172512412696,55.26929761134869,0,1000,0
24.1547703367286,1014.1237592392224,59.19922750105404,0,1000,0
24.964137927042536,1010.902275324579,61.22827467020314,0,1000,0
27.769435875068723,1026.6248523766549,65.3405509389563,0,1000,0
24.4039359505798,1021.386272803417,72.28075570450184,0,1000,0
23.58246164155169,1017.7384018549142,62.48466738374184,0,1000,0
24.930676027695,1014.0975147737418,63.73785401958764,0,1000,0
24.75021602134405,1010.5638208627672,67.25867227205627,0,1000,0
21.96410063979948,1009.5652021855497,52.1684120683632,0,1000,0
26.654284342342223,1019.7917099144704,61.65764313015234,0,1000,0
28.42568939232047,1001.4894509677088,56.07759105229977,0,1000,0
27.577828263757336,1013.9258774114136,66.53483042323096,0,1000,0
22.709011144659367,1010.8996510884924,58.88493598911784,0,1000,0
27.635240224997347,1007.58974211997,61.60883735182851,0,1000,0
26.03033492389225,1006.207272560293,59.72242157859686,0,1000,0
27.09064282325107,1002.0958291365912,50.18320389031393,0,1000,0
22.624411910842888,1012.469458086888,63.33093236037165,0,1000,0
27.520478920655812,1011.1651483799704,54.43954778738906,0,1000,0
27.27406626184667,1015.669473843248,57.429115894954975,0,1000,0
24.37159889853104,1012.796137543637,51.68882667860939,0,1000,0
24.11099032809659,1018.562800687768,55.99688663760485,0,1000,0
21.424497412562083,1014.5818894985804,62.103143411702405,0,1000,0
26.139633460250977,1004.8171652075938,64.46859771353326,0,1000,0
26.22608830479866,1012.583273725596,54.09908368886718,0,1000,0
24.62810778947545,1022.3589125933156,68.52922322742427,0,1000,0
24.16772123935705,1016.0422459910104,58.29984344130639,0,1000,0
23.72454529443915,1013.6749305323766,60.077482969541855,0,1000,0
23.957315991585887,1008.5834782258656,63.91983836347198,0,1000,0
27.216541472894527,1005.4884650162252,62.18080051824946,0,1000,0
25.390548935872346,1016.2592203541802,60.40280954826401,0,1000,0
29.1514198017995,1011.4199119824488,64.73181070321532,0,1000,0
27.818492534202207,1009.8671252792964,71.41745285588316,0,1000,0
27.65420170113617,1018.9831439571132,60.18844436688742,0,1000,0
30.677717924490917,1010.4640432176584,62.293923069111386,0,1000,0
29.22418954109488,1008.0797402735384,73.01744287621257,0,1000,0
25.329194366270677,1006.1446185519866,65.53474045430691,0,1000,0
19.38250229356384,1012.4400760067376,58.29109664790344,0,1000,0
26.09396129899841,1014.8006426864498,53.21918062084095,0,1000,0
24.94236894554774,1008.2808371322589,58.30340171085832,0,1000,0
26.26226781399926,1019.814357320367,62.83522279324775,0,1000,0
26.322791663623025,1015.9215697219848,56.29875290716249,0,1000,0
25.538959120095647,1016.3807247781286,66.81333938717064,0,1000,0
24.7165650880533,1009.4688061085184,67.30419132338969,0,1000,0
25.22856147700689,1008.5453120087864,58.12265155866067,0,1000,0
24.295215124116336,1010.633543545358,52.61338692439332,0,1000,0
25.413793870723257,1015.0408639329142,64.84160075178431,0,1000,0
24.78322281420636,1004.1745639337482,55.61353913455292,0,1000,0
23.76943687885739,1013.0652272910376,59.507504616660256,0,1000,0
25.674616061806887,1013.8606338894851,67.91796134383294,0,1000,0
21.51608993464696,1007.9927995342588,59.180921750781096,0,1000,0
25.45532376189861,1013.3315574044656,62.44184629059443,0,1000,0
22.223819847253395,1014.6856943308364,58.50854390763989,0,1000,0
26.49401342856582,1016.8523489607844,57.84794307347168,0,1000,0
25.536205696729933,1015.4045808584734,63.32655264969597,0,1000,0
20.936918613121755,1009.8997389447098,55.24471203880788,0,1000,0
25.046016105212743,1011.8604672408302,56.3149374717776,0,1000,0
23.58614555829001,1013.3970183516676,58.15163223879878,0,1000,0
27.79064224226072,1015.5729621650096,63.41501556662138,0,1000,0
27.48816868658316,1014.5536095021378,63.43778762291823,0,1000,0
27.07574120444353,1017.338388042505,56.8646037682148,0,1000,0
25.326101822342963,1004.4501294569164,57.553397940918586,0,1000,0
24.47762567742779,1014.89917355455,60.3935208403768,0,1000,0
21.884594988389807,1012.0778528411644,70.97994138594414,0,1000,0
26.27014553737085,1006.1014237922086,50.11122750843126,0,1000,0
27.11140046480652,1016.5215188004004,64.17734811764662,0,1000,0
25.061761106508865,1008.8769468760892,60.39334103097315,0,1000,0
25.173097289763707,1022.9999549564086,54.99833055896362,0,1000,0
24.66211058293333,1017.7606395806556,59.150209038057575,0,1000,0
21.81885789978785,1008.6110549087206,56.09066920375897,0,1000,0
27.184353230710894,1019.3482913642864,52.58268545851547,0,1000,0
25.11615311375568,1006.2612911921052,55.09167731656598,0,1000,0
23.990988872303237,1005.6216619381106,64.23272469027373,0,1000,0
22.869048437936936,1015.1482085551507,60.504299806268506,0,1000,0
24.033777417012825,1013.58356017398,56.758849729576745,0,1000,0
27.138131046692685,1013.503801881561,61.08547237025624,0,1000,0
27.21946070079987,1007.7832110061568,65.35785718616077,0,1000,0
26.43595530588937,1005.5886086338209,50.22748674650143,0,1000,0
25.43673038753664,1007.6248991670344,62.73677489429977,0,1000,0
22.67512685503103,1010.9615768854164,54.60597620154714,0,1000,0
25.081367426149345,1008.1620576532722,64.88867599899896,0,1000,0
24.921418049270404,1018.5800248972512,58.80766186697787,0,1000,0
26.8429366466976,1012.301365449749,65.81344062118661,0,1000,0
24.54678290572976,1005.0042315712732,60.102202485116656,0,1000,0
27.974382874575028,1006.2512346269862,52.50709185076855,0,1000,0
25.65962617136318,1015.30640442243,59.886845655845,0,1000,0
24.572253870662923,1011.2368712861712,50.82181548447949,0,1000,0
23.87231781082117,1011.5605064431652,63.28118210568168,0,1000,0
25.445593957124167,1012.1288734039975,61.67030365827512,0,1000,0
23.54112398666784,1016.5966634601732,61.64974591483743,0,1000,0
28.196317490256817,1011.9755017815464,64.17820481682246,0,1000,0
23.83430389997042,1013.6018627972006,54.62420845029653,0,1000,0
26.011995414796196,1011.9252456736764,53.2397364204143,0,1000,0
22.073749960031986,1004.5692720297342,56.00304710600663,0,1000,0
23.288895435621058,1017.11649280583,65.94255446065281,0,1000,0
24.898512019463936,1003.6288756781312,56.91675962710484,0,1000,0
25.886550051378965,1012.9889640688184,61.03984088303227,0,1000,0
27.65137584235705,1013.9895419220484,59.54467037767775,0,1000,0
22.92318927163643,1014.6842922933436,51.85998930583119,0,1000,0
25.686497587670317,1015.122467910688,58.81530523646185,0,1000,0
27.06562833678073,1018.1512429266966,58.98413194270141,0,1000,0
24.29266774701486,1004.4418615738404,53.61240411602152,0,1000,0
27.32082010183652,1005.9447006455316,58.003540626736246,0,1000,0
25.96790241404385,1011.6936381488224,58.54731843480186,0,1000,0
25.886971123180427,1016.1574796796284,67.23043021875273,0,1000,0
24.267591784673414,1008.3842935802026,53.63526783374101,0,1000,0
22.66585450144474,1005.744699526538,49.53238980323262,0,1000,0
26.683893179587063,1017.062963318736,56.61470023347246,0,1000,0
21.9193522645367,1013.3092363944676,63.13027364595593,0,1000,0
25.46660230470148,1007.8176305509044,57.6508715718267,0,1000,0
23.703395647864447,1020.290757686,54.90705816618857,0,1000,0
26.947980357863976,1004.7891759665316,62.12042138792598,0,1000,0
23.75819914335427,1009.22712902304,60.402630921475314,0,1000,0
24.563732079697303,1015.332725418503,58.35656759397896,0,1000,0
24.39425019849136,1008.42163654639,60.72479332666424,0,1000,0
27.121707911405228,1003.2986387891052,51.67767441012624,0,1000,0
21.573998282982213,1014.0998366811616,63.82370942340194,0,1000,0
24.711482114626943,1012.275799363908,54.58552354037326,0,1000,0
23.865473360386098,1007.5196758306988,62.4020171188856,0,1000,0
22.77279928945507,1013.1169607690576,61.54130161565936,0,1000,0
26.09753945860758,1015.4323091531406,54.33123003325088,0,1000,0
20.66327903581317,1009.1251779624504,52.56703950056404,0,1000,0
23.635227762656516,1007.0876736364391,58.7911953008051,0,1000,0
26.72570826418405,1001.2295232107016,62.033862476736175,0,1000,0
28.37120558863001,1020.000185482658,54.96316016285887,0,1000,0
27.03549821240358,1009.9111356864776,61.14820062322807,0,1000,0
23.110049726932573,1020.6727528082572,55.39898966246528,0,1000,0
26.169736575803583,1019.5296463179964,59.61626328402235,0,1000,0
27.978446364746222,1011.4489308514072,56.08440785881841,0,1000,0
25.735912841995457,999.9464685304796,56.60165790536079,0,1000,0
23.25069908025044,1023.7882051400444,62.13864532693487,0,1000,0
24.977716968080447,1010.3920169019592,52.69030157421964,0,1000,0
26.638019898122447,1011.1097449508422,70.06597739674382,0,1000,0
22.57836914527592,1009.8622377135714,62.28591284216999,0,1000,0
26.281901538612,1019.1459832825864,64.19016704492903,0,1000,0
28.10067730085548,1012.4716394925543,69.91983934716778,0,1000,0
20.58072950889771,1014.3050322743802,58.78924299463616,0,1000,0
27.626999100386133,1011.916533104647,64.40747413439976,0,1000,0
20.577007424154,1021.4926403602078,59.25073440171813,0,1000,0
24.092353918166943,1010.530433433686,62.377623081729446,0,1000,0
25.298281788045117,1012.8449430355242,53.81453822476651,0,1000,0
24.237187219821788,1013.3460289326958,56.26120447043554,0,1000,0
24.413125043767128,1016.1064276896882,60.62312905202924,0,1000,0
26.479555004500337,1014.7803665622152,68.78294232974291,0,1000,0
27.339899133462502,1009.5869071887206,60.11335378251912,0,1000,0
23.96753105632197,1017.9030252108366,64.58530060840201,0,1000,0
25.403639807388064,1017.7241614013964,45.57623318084656,0,1000,0
23.663818410013956,1014.3024257289107,56.85947224336785,0,1000,0
23.506201805225896,1014.65850229868,64.44386353248042,0,1000,0
19.42022865940203,1009.5219043942272,55.92341093812268,0,1000,0
26.993338048614635,1019.7725434284876,58.55344753581261,0,1000,0
26.43975492659013,1016.2778014357458,53.341643117812026,0,1000,0
26.827452836902463,1012.6315485186244,66.53502623292664,0,1000,0
27.24538898741745,1012.4297517128272,67.19318572194712,0,1000,0
27.291526704147557,1011.1705455749326,56.86898728343421,0,1000,0
27.255065772696,1018.306616913262,51.93525213867882,0,1000,0
28.02046200131916,1022.5227145698894,51.96703394905013,0,1000,0
25.633034936755088,1011.4061502877424,51.87842163719375,0,1000,0
25.88856247955566,1011.2026974279484,59.23005560132268,0,1000,0
27.52508753797116,1013.0135283200298,51.11403004313854,0,1000,0
24.93775950343068,1016.2680065162502,59.41914043349258,0,1000,0
24.859897539484244,1012.5191281159608,56.8670909531085,0,1000,0
24.51448668591284,1009.8522513511144,66.14165435543083,0,1000,0
22.60198234179706,1014.5026574226092,65.59082464743989,0,1000,0
24.991654938685684,1014.4169251106092,58.92369697207,0,1000,0
25.85965103712424,1012.379582688019,69.8299063249401,0,1000,0
25.78471662915168,1011.2194767822226,58.88481865127591,0,1000,0
26.120120667848678,1008.7351664358748,60.660275556824224,0,1000,0
22.071966706688134,1011.8363843025442,56.34576946273372,0,1000,0
26.56654433038366,1016.1201006504916,60.29421491247864,0,1000,0
25.62481026704052,1017.6409049674912,59.047937242434905,0,1000,0
24.316220662464527,1018.826599328944,63.46596781621481,0,1000,0
26.452334351663147,1014.4951632670204,49.663169341312745,0,1000,0
24.08801386199493,1011.4673361456786,63.87008127932858,0,1000,0
25.85375726422175,1014.651313255347,60.01315935184092,0,1000,0
25.17747423651981,1017.8543711529976,62.50725303044979,0,1000,0
24.063634450335893,1003.8993099486034,68.59794241336863,0,1000,0
